,id,total_points,gameweek,total_points_scored_after_gameweek
0,1,0,1,0
616,1,0,2,0
1243,1,0,3,0
1891,1,0,4,0
2550,1,0,5,0
3211,1,0,6,0
3875,1,0,7,0
4541,1,0,8,0
5208,1,0,9,0
5878,1,0,10,0
6552,1,0,11,0
7230,1,0,12,0
7914,1,0,13,0
8604,1,0,14,0
9297,1,0,15,0
9990,1,0,16,0
10691,1,0,17,0
11392,1,0,18,0
12097,1,0,19,0
12806,1,0,20,0
13517,1,0,21,0
14241,1,0,22,0
14970,1,0,23,0
15706,1,0,24,0
16448,1,0,25,0
17207,1,0,26,0
17970,1,0,27,0
18734,1,0,28,0
19503,1,0,29,0
20272,1,0,30,0
21043,1,0,31,0
21815,1,0,32,0
22593,1,0,33,0
23372,1,0,34,0
24152,1,0,35,0
24933,1,0,36,0
25714,1,0,37,0
26495,1,0,38,0
1,2,0,1,42
617,2,0,2,42
1244,2,0,3,42
1892,2,1,4,42
2551,2,0,5,41
3212,2,1,6,41
3876,2,1,7,40
4542,2,1,8,39
5209,2,0,9,38
5879,2,1,10,38
6553,2,1,11,37
7231,2,1,12,36
7915,2,1,13,35
8605,2,0,14,34
9298,2,1,15,34
9991,2,1,16,33
10692,2,16,17,32
11393,2,2,18,16
12098,2,12,19,14
12807,2,2,20,2
13518,2,0,21,0
14242,2,0,22,0
14971,2,0,23,0
15707,2,0,24,0
16449,2,0,25,0
17208,2,0,26,0
17971,2,0,27,0
18735,2,0,28,0
19504,2,0,29,0
20273,2,0,30,0
21044,2,0,31,0
21816,2,0,32,0
22594,2,0,33,0
23373,2,0,34,0
24153,2,0,35,0
24934,2,0,36,0
25715,2,0,37,0
26496,2,0,38,0
2,3,6,1,117
618,3,6,2,111
1245,3,2,3,105
1893,3,15,4,103
2552,3,7,5,88
3213,3,1,6,81
3877,3,2,7,80
4543,3,1,8,78
5210,3,1,9,77
5880,3,2,10,76
6554,3,2,11,74
7232,3,6,12,72
7916,3,9,13,66
8606,3,0,14,57
9299,3,0,15,57
9992,3,9,16,57
10693,3,4,17,48
11394,3,6,18,44
12099,3,2,19,38
12808,3,2,20,36
13519,3,1,21,34
14243,3,1,22,33
14972,3,7,23,32
15708,3,2,24,25
16450,3,6,25,23
17209,3,2,26,17
17972,3,7,27,15
18736,3,2,28,8
19505,3,5,29,6
20274,3,1,30,1
21045,3,0,31,0
21817,3,0,32,0
22595,3,0,33,0
23374,3,0,34,0
24154,3,0,35,0
24935,3,0,36,0
25716,3,0,37,0
26497,3,0,38,0
3,4,12,1,97
619,4,2,2,85
1246,4,8,3,83
1894,4,2,4,75
2553,4,2,5,73
3214,4,6,6,71
3878,4,8,7,65
4544,4,2,8,57
5211,4,2,9,55
5881,4,1,10,53
6555,4,1,11,52
7233,4,0,12,51
7917,4,6,13,51
8607,4,2,14,45
9300,4,5,15,43
9993,4,2,16,38
10694,4,6,17,36
11395,4,7,18,30
12100,4,0,19,23
12809,4,0,20,23
13520,4,1,21,23
14244,4,7,22,22
14973,4,2,23,15
15709,4,12,24,13
16451,4,0,25,1
17210,4,0,26,1
17973,4,0,27,1
18737,4,0,28,1
19506,4,0,29,1
20275,4,0,30,1
21046,4,0,31,1
21818,4,0,32,1
22596,4,0,33,1
23375,4,0,34,1
24155,4,0,35,1
24936,4,0,36,1
25717,4,0,37,1
26498,4,1,38,1
4,5,0,1,0
620,5,0,2,0
1247,5,0,3,0
1895,5,0,4,0
2554,5,0,5,0
3215,5,0,6,0
3879,5,0,7,0
4545,5,0,8,0
5212,5,0,9,0
5882,5,0,10,0
6556,5,0,11,0
7234,5,0,12,0
7918,5,0,13,0
8608,5,0,14,0
9301,5,0,15,0
9994,5,0,16,0
10695,5,0,17,0
11396,5,0,18,0
12101,5,0,19,0
12810,5,0,20,0
13521,5,0,21,0
14245,5,0,22,0
14974,5,0,23,0
15710,5,0,24,0
16452,5,0,25,0
17211,5,0,26,0
17974,5,0,27,0
18738,5,0,28,0
19507,5,0,29,0
20276,5,0,30,0
21047,5,0,31,0
21819,5,0,32,0
22597,5,0,33,0
23376,5,0,34,0
24156,5,0,35,0
24937,5,0,36,0
25718,5,0,37,0
26499,5,0,38,0
5,6,1,1,114
621,6,6,2,113
1248,6,1,3,107
1896,6,5,4,106
2555,6,2,5,101
3216,6,4,6,99
3880,6,0,7,95
4546,6,0,8,95
5213,6,2,9,95
5883,6,1,10,93
6557,6,2,11,92
7235,6,6,12,90
7919,6,1,13,84
8609,6,14,14,83
9302,6,2,15,69
9995,6,6,16,67
10696,6,1,17,61
11397,6,9,18,60
12102,6,1,19,51
12811,6,0,20,50
13522,6,2,21,50
14246,6,1,22,48
14975,6,5,23,47
15711,6,1,24,42
16453,6,6,25,41
17212,6,2,26,35
17975,6,6,27,33
18739,6,5,28,27
19508,6,9,29,22
20277,6,7,30,13
21048,6,1,31,6
21820,6,1,32,5
22598,6,4,33,4
23377,6,0,34,0
24157,6,0,35,0
24938,6,0,36,0
25719,6,0,37,0
26500,6,0,38,0
6,7,0,1,20
622,7,0,2,20
1249,7,0,3,20
1897,7,2,4,20
2556,7,0,5,18
3217,7,0,6,18
3881,7,2,7,18
4547,7,0,8,16
5214,7,0,9,16
5884,7,0,10,16
6558,7,0,11,16
7236,7,0,12,16
7920,7,2,13,16
8610,7,1,14,14
9303,7,2,15,13
9996,7,1,16,11
10697,7,0,17,10
11398,7,0,18,10
12103,7,1,19,10
12812,7,2,20,9
13523,7,0,21,7
14247,7,0,22,7
14976,7,0,23,7
15712,7,0,24,7
16454,7,0,25,7
17213,7,0,26,7
17976,7,3,27,7
18740,7,0,28,4
19509,7,0,29,4
20278,7,0,30,4
21049,7,1,31,4
21821,7,2,32,3
22599,7,0,33,1
23378,7,0,34,1
24158,7,0,35,1
24939,7,0,36,1
25720,7,1,37,1
26501,7,0,38,0
7,8,0,1,43
623,8,0,2,43
1250,8,0,3,43
1898,8,0,4,43
2557,8,1,5,43
3218,8,0,6,42
3882,8,1,7,42
4548,8,0,8,41
5215,8,1,9,41
5885,8,0,10,40
6559,8,0,11,40
7237,8,1,12,40
7921,8,1,13,39
8611,8,6,14,38
9304,8,2,15,32
9997,8,0,16,30
10698,8,0,17,30
11399,8,0,18,30
12104,8,0,19,30
12813,8,0,20,30
13524,8,0,21,30
14248,8,0,22,30
14977,8,0,23,30
15713,8,0,24,30
16455,8,0,25,30
17214,8,0,26,30
17977,8,0,27,30
18741,8,0,28,30
19510,8,0,29,30
20279,8,2,30,30
21050,8,2,31,28
21822,8,2,32,26
22600,8,13,33,24
23379,8,0,34,11
24159,8,1,35,11
24940,8,1,36,10
25721,8,7,37,9
26502,8,2,38,2
8,9,3,1,125
624,9,3,2,122
1251,9,1,3,119
1899,9,3,4,118
2558,9,5,5,115
3219,9,13,6,110
3883,9,6,7,97
4549,9,1,8,91
5216,9,2,9,90
5886,9,2,10,88
6560,9,8,11,86
7238,9,0,12,78
7922,9,0,13,78
8612,9,3,14,78
9305,9,0,15,75
9998,9,3,16,75
10699,9,7,17,72
11400,9,3,18,65
12105,9,9,19,62
12814,9,1,20,53
13525,9,1,21,52
14249,9,7,22,51
14978,9,3,23,44
15714,9,5,24,41
16456,9,0,25,36
17215,9,0,26,36
17978,9,0,27,36
18742,9,1,28,36
19511,9,3,29,35
20280,9,5,30,32
21051,9,1,31,27
21823,9,2,32,26
22601,9,10,33,24
23380,9,0,34,14
24160,9,2,35,14
24941,9,7,36,12
25722,9,3,37,5
26503,9,2,38,2
9,10,0,1,27
625,10,1,2,27
1252,10,0,3,26
1900,10,0,4,26
2559,10,7,5,26
3220,10,1,6,19
3884,10,4,7,18
4550,10,1,8,14
5217,10,1,9,13
5887,10,2,10,12
6561,10,3,11,10
7239,10,2,12,7
7923,10,3,13,5
8613,10,2,14,2
9306,10,0,15,0
9999,10,0,16,0
10700,10,0,17,0
11401,10,0,18,0
12106,10,0,19,0
12815,10,0,20,0
13526,10,0,21,0
14250,10,0,22,0
14979,10,0,23,0
15715,10,0,24,0
16457,10,0,25,0
17216,10,0,26,0
17979,10,0,27,0
18743,10,0,28,0
19512,10,0,29,0
20281,10,0,30,0
21052,10,0,31,0
21824,10,0,32,0
22602,10,0,33,0
23381,10,0,34,0
24161,10,0,35,0
24942,10,0,36,0
25723,10,0,37,0
26504,10,0,38,0
10,11,0,1,53
626,11,0,2,53
1253,11,0,3,53
1901,11,2,4,53
2560,11,2,5,51
3221,11,2,6,49
3885,11,1,7,47
4551,11,2,8,46
5218,11,1,9,44
5888,11,2,10,43
6562,11,0,11,41
7240,11,0,12,41
7924,11,1,13,41
8614,11,1,14,40
9307,11,0,15,39
10000,11,4,16,39
10701,11,1,17,35
11402,11,0,18,34
12107,11,0,19,34
12816,11,1,20,34
13527,11,1,21,33
14251,11,4,22,32
14980,11,1,23,28
15716,11,0,24,27
16458,11,1,25,27
17217,11,0,26,26
17980,11,6,27,26
18744,11,2,28,20
19513,11,0,29,18
20282,11,1,30,18
21053,11,-2,31,17
21825,11,1,32,19
22603,11,3,33,18
23382,11,0,34,15
24162,11,0,35,15
24943,11,1,36,15
25724,11,13,37,14
26505,11,1,38,1
11,12,0,1,66
627,12,0,2,66
1254,12,0,3,66
1902,12,1,4,66
2561,12,0,5,65
3222,12,1,6,65
3886,12,0,7,64
4552,12,1,8,64
5219,12,1,9,63
5889,12,1,10,62
6563,12,0,11,61
7241,12,6,12,61
7925,12,1,13,55
8615,12,0,14,54
9308,12,1,15,54
10001,12,1,16,53
10702,12,1,17,52
11403,12,0,18,51
12108,12,2,19,51
12817,12,6,20,49
13528,12,0,21,43
14252,12,0,22,43
14981,12,1,23,43
15717,12,6,24,42
16459,12,9,25,36
17218,12,2,26,27
17981,12,3,27,25
18745,12,1,28,22
19514,12,1,29,21
20283,12,6,30,20
21054,12,1,31,14
21826,12,3,32,13
22604,12,7,33,10
23383,12,0,34,3
24163,12,1,35,3
24944,12,0,36,2
25725,12,0,37,2
26506,12,2,38,2
12,13,3,1,116
628,13,2,2,113
1255,13,2,3,111
1903,13,0,4,109
2562,13,0,5,109
3223,13,0,6,109
3887,13,0,7,109
4553,13,0,8,109
5220,13,0,9,109
5890,13,0,10,109
6564,13,7,11,109
7242,13,6,12,102
7926,13,8,13,96
8616,13,3,14,88
9309,13,2,15,85
10002,13,3,16,83
10703,13,2,17,80
11404,13,3,18,78
12109,13,2,19,75
12818,13,1,20,73
13529,13,8,21,72
14253,13,2,22,64
14982,13,0,23,62
15718,13,6,24,62
16460,13,3,25,56
17219,13,2,26,53
17982,13,3,27,51
18746,13,3,28,48
19515,13,5,29,45
20284,13,2,30,40
21055,13,1,31,38
21827,13,0,32,37
22605,13,11,33,37
23384,13,0,34,26
24164,13,8,35,26
24945,13,5,36,18
25726,13,6,37,13
26507,13,7,38,7
13,14,0,1,97
629,14,0,2,97
1256,14,2,3,97
1904,14,3,4,95
2563,14,3,5,92
3224,14,2,6,89
3888,14,2,7,87
4554,14,1,8,85
5221,14,4,9,84
5891,14,9,10,80
6565,14,0,11,71
7243,14,0,12,71
7927,14,0,13,71
8617,14,0,14,71
9310,14,0,15,71
10003,14,0,16,71
10704,14,10,17,71
11405,14,2,18,61
12110,14,3,19,59
12819,14,1,20,56
13530,14,3,21,55
14254,14,1,22,52
14983,14,0,23,51
15719,14,3,24,51
16461,14,2,25,48
17220,14,1,26,46
17983,14,2,27,45
18747,14,2,28,43
19516,14,1,29,41
20285,14,2,30,40
21056,14,2,31,38
21828,14,16,32,36
22606,14,3,33,20
23385,14,2,34,17
24165,14,1,35,15
24946,14,10,36,14
25727,14,1,37,4
26508,14,3,38,3
14,15,8,1,142
630,15,10,2,134
1257,15,2,3,124
1905,15,9,4,122
2564,15,4,5,113
3225,15,1,6,109
3889,15,2,7,108
4555,15,1,8,106
5222,15,0,9,105
5892,15,3,10,105
6566,15,2,11,102
7244,15,6,12,100
7928,15,2,13,94
8618,15,6,14,92
9311,15,2,15,86
10004,15,6,16,84
10705,15,3,17,78
11406,15,6,18,75
12111,15,2,19,69
12820,15,3,20,67
13531,15,2,21,64
14255,15,1,22,62
14984,15,9,23,61
15720,15,3,24,52
16462,15,7,25,49
17221,15,2,26,42
17984,15,6,27,40
18748,15,3,28,34
19517,15,6,29,31
20286,15,2,30,25
21057,15,2,31,23
21829,15,2,32,21
22607,15,7,33,19
23386,15,0,34,12
24166,15,1,35,12
24947,15,2,36,11
25728,15,7,37,9
26509,15,2,38,2
15,16,3,1,127
631,16,2,2,124
1258,16,-2,3,122
1906,16,0,4,124
2565,16,1,5,124
3226,16,2,6,123
3890,16,2,7,121
4556,16,2,8,119
5223,16,5,9,117
5893,16,2,10,112
6567,16,2,11,110
7245,16,0,12,108
7929,16,2,13,108
8619,16,7,14,106
9312,16,2,15,99
10005,16,3,16,97
10706,16,11,17,94
11407,16,3,18,83
12112,16,1,19,80
12821,16,4,20,79
13532,16,2,21,75
14256,16,2,22,73
14985,16,3,23,71
15721,16,10,24,68
16463,16,3,25,58
17222,16,1,26,55
17985,16,3,27,54
18749,16,10,28,51
19518,16,3,29,41
20287,16,1,30,38
21058,16,2,31,37
21830,16,5,32,35
22608,16,8,33,30
23387,16,0,34,22
24167,16,9,35,22
24948,16,0,36,13
25729,16,11,37,13
26510,16,2,38,2
16,17,12,1,127
632,17,6,2,115
1259,17,6,3,109
1907,17,7,4,103
2566,17,4,5,96
3227,17,3,6,92
3891,17,16,7,89
4557,17,0,8,73
5224,17,9,9,73
5894,17,2,10,64
6568,17,2,11,62
7246,17,13,12,60
7930,17,18,13,47
8620,17,3,14,29
9313,17,2,15,26
10006,17,3,16,24
10707,17,1,17,21
11408,17,0,18,20
12113,17,0,19,20
12822,17,0,20,20
13533,17,0,21,20
14257,17,0,22,20
14986,17,0,23,20
15722,17,0,24,20
16464,17,0,25,20
17223,17,0,26,20
17986,17,0,27,20
18750,17,0,28,20
19519,17,0,29,20
20288,17,8,30,20
21059,17,1,31,12
21831,17,1,32,11
22609,17,2,33,10
23388,17,0,34,8
24168,17,2,35,8
24949,17,2,36,6
25730,17,3,37,4
26511,17,1,38,1
17,18,6,1,130
633,18,6,2,124
1260,18,2,3,118
1908,18,5,4,116
2567,18,1,5,111
3228,18,0,6,110
3892,18,2,7,110
4558,18,-3,8,108
5225,18,0,9,111
5895,18,2,10,111
6569,18,2,11,109
7247,18,7,12,107
7931,18,1,13,100
8621,18,15,14,99
9314,18,9,15,84
10007,18,6,16,75
10708,18,2,17,69
11409,18,7,18,67
12114,18,2,19,60
12823,18,2,20,58
13534,18,2,21,56
14258,18,0,22,54
14987,18,9,23,54
15723,18,2,24,45
16465,18,6,25,43
17224,18,2,26,37
17987,18,8,27,35
18751,18,2,28,27
19520,18,9,29,25
20289,18,2,30,16
21060,18,2,31,14
21832,18,2,32,12
22610,18,7,33,10
23389,18,0,34,3
24169,18,1,35,3
24950,18,1,36,2
25731,18,1,37,1
26512,18,0,38,0
18,19,3,1,114
634,19,10,2,111
1261,19,2,3,101
1909,19,7,4,99
2568,19,8,5,92
3229,19,3,6,84
3893,19,1,7,81
4559,19,1,8,80
5226,19,6,9,79
5896,19,2,10,73
6570,19,11,11,71
7248,19,1,12,60
7932,19,2,13,59
8622,19,2,14,57
9315,19,1,15,55
10008,19,1,16,54
10709,19,0,17,53
11410,19,0,18,53
12115,19,1,19,53
12824,19,1,20,52
13535,19,2,21,51
14259,19,11,22,49
14988,19,2,23,38
15724,19,2,24,36
16466,19,9,25,34
17225,19,1,26,25
17988,19,0,27,24
18752,19,2,28,24
19521,19,3,29,22
20290,19,2,30,19
21061,19,0,31,17
21833,19,1,32,17
22611,19,0,33,16
23390,19,8,34,16
24170,19,1,35,8
24951,19,5,36,7
25732,19,1,37,2
26513,19,1,38,1
19,20,3,1,108
635,20,11,2,105
1262,20,1,3,94
1910,20,3,4,93
2569,20,1,5,90
3230,20,2,6,89
3894,20,2,7,87
4560,20,2,8,85
5227,20,2,9,83
5897,20,2,10,81
6571,20,2,11,79
7249,20,8,12,77
7933,20,0,13,69
8623,20,6,14,69
9316,20,2,15,63
10009,20,1,16,61
10710,20,5,17,60
11411,20,1,18,55
12116,20,5,19,54
12825,20,2,20,49
13536,20,2,21,47
14260,20,2,22,45
14989,20,3,23,43
15725,20,8,24,40
16467,20,3,25,32
17226,20,1,26,29
17989,20,1,27,28
18753,20,2,28,27
19522,20,2,29,25
20291,20,2,30,23
21062,20,0,31,21
21834,20,10,32,21
22612,20,2,33,11
23391,20,0,34,9
24171,20,2,35,9
24952,20,2,36,7
25733,20,3,37,5
26514,20,2,38,2
20,21,0,1,27
636,21,0,2,27
1263,21,0,3,27
1911,21,0,4,27
2570,21,0,5,27
3231,21,0,6,27
3895,21,0,7,27
4561,21,0,8,27
5228,21,0,9,27
5898,21,0,10,27
6572,21,0,11,27
7250,21,0,12,27
7934,21,0,13,27
8624,21,0,14,27
9317,21,0,15,27
10010,21,0,16,27
10711,21,0,17,27
11412,21,0,18,27
12117,21,0,19,27
12826,21,0,20,27
13537,21,1,21,27
14261,21,0,22,26
14990,21,1,23,26
15726,21,0,24,25
16468,21,1,25,25
17227,21,0,26,24
17990,21,1,27,24
18754,21,1,28,23
19523,21,1,29,22
20292,21,0,30,21
21063,21,1,31,21
21835,21,6,32,20
22613,21,2,33,14
23392,21,0,34,12
24172,21,0,35,12
24953,21,1,36,12
25734,21,1,37,11
26515,21,10,38,10
21,22,0,1,1
637,22,0,2,1
1264,22,0,3,1
1912,22,0,4,1
2571,22,0,5,1
3232,22,0,6,1
3896,22,1,7,1
4562,22,0,8,0
5229,22,0,9,0
5899,22,0,10,0
6573,22,0,11,0
7251,22,0,12,0
7935,22,0,13,0
8625,22,0,14,0
9318,22,0,15,0
10011,22,0,16,0
10712,22,0,17,0
11413,22,0,18,0
12118,22,0,19,0
12827,22,0,20,0
13538,22,0,21,0
14262,22,0,22,0
14991,22,0,23,0
15727,22,0,24,0
16469,22,0,25,0
17228,22,0,26,0
17991,22,0,27,0
18755,22,0,28,0
19524,22,0,29,0
20293,22,0,30,0
21064,22,0,31,0
21836,22,0,32,0
22614,22,0,33,0
23393,22,0,34,0
24173,22,0,35,0
24954,22,0,36,0
25735,22,0,37,0
26516,22,0,38,0
22,23,1,1,152
638,23,7,2,151
1265,23,1,3,144
1913,23,3,4,143
2572,23,-2,5,140
3233,23,12,6,142
3897,23,1,7,130
4563,23,3,8,129
5230,23,2,9,126
5900,23,2,10,124
6574,23,1,11,122
7252,23,3,12,121
7936,23,12,13,118
8626,23,1,14,106
9319,23,1,15,105
10012,23,1,16,104
10713,23,3,17,103
11414,23,6,18,100
12119,23,1,19,94
12828,23,2,20,93
13539,23,9,21,91
14263,23,10,22,82
14992,23,3,23,72
15728,23,2,24,69
16470,23,6,25,67
17229,23,2,26,61
17992,23,3,27,59
18756,23,1,28,56
19525,23,3,29,55
20294,23,1,30,52
21065,23,9,31,51
21837,23,2,32,42
22615,23,24,33,40
23394,23,0,34,16
24174,23,2,35,16
24955,23,7,36,14
25736,23,3,37,7
26517,23,4,38,4
23,24,6,1,50
639,24,6,2,44
1266,24,2,3,38
1914,24,6,4,36
2573,24,1,5,30
3234,24,0,6,29
3898,24,0,7,29
4564,24,0,8,29
5231,24,4,9,29
5901,24,1,10,25
6575,24,1,11,24
7253,24,0,12,23
7937,24,0,13,23
8627,24,0,14,23
9320,24,0,15,23
10013,24,0,16,23
10714,24,0,17,23
11415,24,0,18,23
12120,24,0,19,23
12829,24,0,20,23
13540,24,0,21,23
14264,24,0,22,23
14993,24,0,23,23
15729,24,0,24,23
16471,24,0,25,23
17230,24,1,26,23
17993,24,1,27,22
18757,24,0,28,21
19526,24,0,29,21
20295,24,0,30,21
21066,24,2,31,21
21838,24,0,32,19
22616,24,6,33,19
23395,24,0,34,13
24175,24,1,35,13
24956,24,1,36,12
25737,24,6,37,11
26518,24,5,38,5
24,25,6,1,40
640,25,0,2,34
1267,25,1,3,34
1915,25,0,4,33
2574,25,0,5,33
3235,25,0,6,33
3899,25,0,7,33
4565,25,0,8,33
5232,25,0,9,33
5902,25,1,10,33
6576,25,0,11,32
7254,25,1,12,32
7938,25,1,13,31
8628,25,5,14,30
9321,25,0,15,25
10014,25,0,16,25
10715,25,0,17,25
11416,25,0,18,25
12121,25,1,19,25
12830,25,0,20,24
13541,25,1,21,24
14265,25,0,22,23
14994,25,0,23,23
15730,25,0,24,23
16472,25,0,25,23
17231,25,1,26,23
17994,25,1,27,22
18758,25,0,28,21
19527,25,0,29,21
20296,25,0,30,21
21067,25,0,31,21
21839,25,6,32,21
22617,25,11,33,15
23396,25,0,34,4
24176,25,1,35,4
24957,25,1,36,3
25738,25,0,37,2
26519,25,2,38,2
25,26,0,1,34
641,26,0,2,34
1268,26,0,3,34
1916,26,6,4,34
2575,26,0,5,28
3236,26,2,6,28
3900,26,2,7,26
4566,26,6,8,24
5233,26,1,9,18
5903,26,9,10,17
6577,26,1,11,8
7255,26,1,12,7
7939,26,1,13,6
8629,26,1,14,5
9322,26,0,15,4
10015,26,0,16,4
10716,26,0,17,4
11417,26,0,18,4
12122,26,0,19,4
12831,26,0,20,4
13542,26,1,21,4
14266,26,0,22,3
14995,26,0,23,3
15731,26,0,24,3
16473,26,0,25,3
17232,26,0,26,3
17995,26,0,27,3
18759,26,0,28,3
19528,26,0,29,3
20297,26,1,30,3
21068,26,0,31,2
21840,26,2,32,2
22618,26,0,33,0
23397,26,0,34,0
24177,26,0,35,0
24958,26,0,36,0
25739,26,0,37,0
26520,26,0,38,0
612,27,1,1,57
642,27,1,2,56
1269,27,1,3,55
1917,27,0,4,54
2576,27,1,5,54
3237,27,1,6,53
3901,27,7,7,52
4567,27,9,8,45
5234,27,2,9,36
5904,27,2,10,34
6578,27,2,11,32
7256,27,1,12,30
7940,27,2,13,29
8630,27,2,14,27
9323,27,2,15,25
10016,27,1,16,23
10717,27,1,17,22
11418,27,0,18,21
12123,27,1,19,21
12832,27,1,20,20
13543,27,0,21,19
14267,27,1,22,19
14996,27,1,23,18
15732,27,0,24,17
16474,27,1,25,17
17233,27,2,26,16
17996,27,1,27,14
18760,27,1,28,13
19529,27,1,29,12
20298,27,1,30,11
21069,27,2,31,10
21841,27,2,32,8
22619,27,1,33,6
23398,27,1,34,5
24178,27,1,35,4
24959,27,1,36,3
25740,27,1,37,2
26521,27,1,38,1
26,28,1,1,47
643,28,2,2,46
1270,28,1,3,44
1918,28,0,4,43
2577,28,1,5,43
3238,28,5,6,42
3902,28,3,7,37
4568,28,1,8,34
5235,28,4,9,33
5905,28,1,10,29
6579,28,2,11,28
7257,28,2,12,26
7941,28,1,13,24
8631,28,2,14,23
9324,28,1,15,21
10017,28,0,16,20
10718,28,0,17,20
11419,28,1,18,20
12124,28,2,19,19
12833,28,9,20,17
13544,28,0,21,8
14268,28,1,22,8
14997,28,3,23,7
15733,28,1,24,4
16475,28,0,25,3
17234,28,1,26,3
17997,28,0,27,2
18761,28,1,28,2
19530,28,0,29,1
20299,28,0,30,1
21070,28,0,31,1
21842,28,0,32,1
22620,28,0,33,1
23399,28,0,34,1
24179,28,0,35,1
24960,28,0,36,1
25741,28,1,37,1
26522,28,0,38,0
27,29,0,1,44
644,29,1,2,44
1271,29,1,3,43
1919,29,4,4,42
2578,29,0,5,38
3239,29,1,6,38
3903,29,2,7,37
4569,29,1,8,35
5236,29,5,9,34
5906,29,0,10,29
6580,29,0,11,29
7258,29,9,12,29
7942,29,1,13,20
8632,29,1,14,19
9325,29,1,15,18
10018,29,1,16,17
10719,29,0,17,16
11420,29,1,18,16
12125,29,1,19,15
12834,29,10,20,14
13545,29,0,21,4
14269,29,0,22,4
14998,29,0,23,4
15734,29,0,24,4
16476,29,0,25,4
17235,29,0,26,4
17998,29,0,27,4
18762,29,0,28,4
19531,29,0,29,4
20300,29,0,30,4
21071,29,0,31,4
21843,29,0,32,4
22621,29,1,33,4
23400,29,0,34,3
24180,29,1,35,3
24961,29,0,36,2
25742,29,1,37,2
26523,29,1,38,1
28,30,0,1,0
645,30,0,2,0
1272,30,0,3,0
1920,30,0,4,0
2579,30,0,5,0
3240,30,0,6,0
3904,30,0,7,0
4570,30,0,8,0
5237,30,0,9,0
5907,30,0,10,0
6581,30,0,11,0
7259,30,0,12,0
7943,30,0,13,0
8633,30,0,14,0
9326,30,0,15,0
10019,30,0,16,0
10720,30,0,17,0
11421,30,0,18,0
12126,30,0,19,0
12835,30,0,20,0
13546,30,0,21,0
14270,30,0,22,0
14999,30,0,23,0
15735,30,0,24,0
16477,30,0,25,0
17236,30,0,26,0
17999,30,0,27,0
18763,30,0,28,0
19532,30,0,29,0
20301,30,0,30,0
21072,30,0,31,0
21844,30,0,32,0
22622,30,0,33,0
23401,30,0,34,0
24181,30,0,35,0
24962,30,0,36,0
25743,30,0,37,0
26524,30,0,38,0
29,31,0,1,11
646,31,0,2,11
1273,31,0,3,11
1921,31,1,4,11
2580,31,1,5,10
3241,31,1,6,9
3905,31,0,7,8
4571,31,1,8,8
5238,31,0,9,7
5908,31,0,10,7
6582,31,0,11,7
7260,31,0,12,7
7944,31,1,13,7
8634,31,1,14,6
9327,31,0,15,5
10020,31,0,16,5
10721,31,1,17,5
11422,31,1,18,4
12127,31,0,19,3
12836,31,1,20,3
13547,31,1,21,2
14271,31,0,22,1
15000,31,1,23,1
15736,31,0,24,0
16478,31,0,25,0
17237,31,0,26,0
18000,31,0,27,0
18764,31,0,28,0
19533,31,0,29,0
20302,31,0,30,0
21073,31,0,31,0
21845,31,0,32,0
22623,31,0,33,0
23402,31,0,34,0
24182,31,0,35,0
24963,31,0,36,0
25744,31,0,37,0
26525,31,0,38,0
30,32,2,1,76
647,32,1,2,74
1274,32,0,3,73
1922,32,0,4,73
2581,32,0,5,73
3242,32,0,6,73
3906,32,6,7,73
4572,32,2,8,67
5239,32,1,9,65
5909,32,1,10,64
6583,32,0,11,63
7261,32,1,12,63
7945,32,0,13,62
8635,32,7,14,62
9328,32,0,15,55
10021,32,1,16,55
10722,32,1,17,54
11423,32,0,18,53
12128,32,0,19,53
12837,32,3,20,53
13548,32,6,21,50
14272,32,4,22,44
15001,32,2,23,40
15737,32,0,24,38
16479,32,1,25,38
17238,32,2,26,37
18001,32,0,27,35
18765,32,0,28,35
19534,32,0,29,35
20303,32,6,30,35
21074,32,0,31,29
21846,32,6,32,29
22624,32,4,33,23
23403,32,0,34,19
24183,32,7,35,19
24964,32,6,36,12
25745,32,5,37,6
26526,32,1,38,1
31,33,0,1,0
648,33,0,2,0
1275,33,0,3,0
1923,33,0,4,0
2582,33,0,5,0
3243,33,0,6,0
3907,33,0,7,0
4573,33,0,8,0
5240,33,0,9,0
5910,33,0,10,0
6584,33,0,11,0
7262,33,0,12,0
7946,33,0,13,0
8636,33,0,14,0
9329,33,0,15,0
10022,33,0,16,0
10723,33,0,17,0
11424,33,0,18,0
12129,33,0,19,0
12838,33,0,20,0
13549,33,0,21,0
14273,33,0,22,0
15002,33,0,23,0
15738,33,0,24,0
16480,33,0,25,0
17239,33,0,26,0
18002,33,0,27,0
18766,33,0,28,0
19535,33,0,29,0
20304,33,0,30,0
21075,33,0,31,0
21847,33,0,32,0
22625,33,0,33,0
23404,33,0,34,0
24184,33,0,35,0
24965,33,0,36,0
25746,33,0,37,0
26527,33,0,38,0
32,34,0,1,0
649,34,0,2,0
1276,34,0,3,0
1924,34,0,4,0
2583,34,0,5,0
3244,34,0,6,0
3908,34,0,7,0
4574,34,0,8,0
5241,34,0,9,0
5911,34,0,10,0
6585,34,0,11,0
7263,34,0,12,0
7947,34,0,13,0
8637,34,0,14,0
9330,34,0,15,0
10023,34,0,16,0
10724,34,0,17,0
11425,34,0,18,0
12130,34,0,19,0
12839,34,0,20,0
13550,34,0,21,0
14274,34,0,22,0
15003,34,0,23,0
15739,34,0,24,0
16481,34,0,25,0
17240,34,0,26,0
18003,34,0,27,0
18767,34,0,28,0
19536,34,0,29,0
20305,34,0,30,0
21076,34,0,31,0
21848,34,0,32,0
22626,34,0,33,0
23405,34,0,34,0
24185,34,0,35,0
24966,34,0,36,0
25747,34,0,37,0
26528,34,0,38,0
33,35,0,1,21
650,35,0,2,21
1277,35,0,3,21
1925,35,0,4,21
2584,35,2,5,21
3245,35,1,6,19
3909,35,6,7,18
4575,35,2,8,12
5242,35,0,9,10
5912,35,0,10,10
6586,35,1,11,10
7264,35,0,12,9
7948,35,0,13,9
8638,35,0,14,9
9331,35,7,15,9
10024,35,1,16,2
10725,35,0,17,1
11426,35,0,18,1
12131,35,1,19,1
12840,35,0,20,0
13551,35,0,21,0
14275,35,0,22,0
15004,35,0,23,0
15740,35,0,24,0
16482,35,0,25,0
17241,35,0,26,0
18004,35,0,27,0
18768,35,0,28,0
19537,35,0,29,0
20306,35,0,30,0
21077,35,0,31,0
21849,35,0,32,0
22627,35,0,33,0
23406,35,0,34,0
24186,35,0,35,0
24967,35,0,36,0
25748,35,0,37,0
26529,35,0,38,0
34,36,2,1,89
651,36,2,2,87
1278,36,7,3,85
1926,36,4,4,78
2585,36,1,5,74
3246,36,0,6,73
3910,36,8,7,73
4576,36,4,8,65
5243,36,7,9,61
5913,36,0,10,54
6587,36,2,11,54
7265,36,1,12,52
7949,36,1,13,51
8639,36,2,14,50
9332,36,1,15,48
10025,36,2,16,47
10726,36,2,17,45
11427,36,1,18,43
12132,36,1,19,42
12841,36,2,20,41
13552,36,6,21,39
14276,36,4,22,33
15005,36,2,23,29
15741,36,1,24,27
16483,36,5,25,26
17242,36,0,26,21
18005,36,1,27,21
18769,36,6,28,20
19538,36,0,29,14
20307,36,6,30,14
21078,36,0,31,8
21850,36,0,32,8
22628,36,0,33,8
23407,36,0,34,8
24187,36,1,35,8
24968,36,7,36,7
25749,36,0,37,0
26530,36,0,38,0
35,37,0,1,0
652,37,0,2,0
1279,37,0,3,0
1927,37,0,4,0
2586,37,0,5,0
3247,37,0,6,0
3911,37,0,7,0
4577,37,0,8,0
5244,37,0,9,0
5914,37,0,10,0
6588,37,0,11,0
7266,37,0,12,0
7950,37,0,13,0
8640,37,0,14,0
9333,37,0,15,0
10026,37,0,16,0
10727,37,0,17,0
11428,37,0,18,0
12133,37,0,19,0
12842,37,0,20,0
13553,37,0,21,0
14277,37,0,22,0
15006,37,0,23,0
15742,37,0,24,0
16484,37,0,25,0
17243,37,0,26,0
18006,37,0,27,0
18770,37,0,28,0
19539,37,0,29,0
20308,37,0,30,0
21079,37,0,31,0
21851,37,0,32,0
22629,37,0,33,0
23408,37,0,34,0
24188,37,0,35,0
24969,37,0,36,0
25750,37,0,37,0
26531,37,0,38,0
36,38,6,1,53
653,38,1,2,47
1280,38,7,3,46
1928,38,6,4,39
2587,38,5,5,33
3248,38,1,6,28
3912,38,1,7,27
4578,38,1,8,26
5245,38,1,9,25
5915,38,1,10,24
6589,38,1,11,23
7267,38,1,12,22
7951,38,1,13,21
8641,38,0,14,20
9334,38,8,15,20
10027,38,5,16,12
10728,38,7,17,7
11429,38,-2,18,0
12134,38,0,19,2
12843,38,0,20,2
13554,38,0,21,2
14278,38,1,22,2
15007,38,1,23,1
15743,38,0,24,0
16485,38,0,25,0
17244,38,0,26,0
18007,38,0,27,0
18771,38,0,28,0
19540,38,0,29,0
20309,38,0,30,0
21080,38,0,31,0
21852,38,0,32,0
22630,38,0,33,0
23409,38,0,34,0
24189,38,0,35,0
24970,38,0,36,0
25751,38,0,37,0
26532,38,0,38,0
37,39,0,1,0
654,39,0,2,0
1281,39,0,3,0
1929,39,0,4,0
2588,39,0,5,0
3249,39,0,6,0
3913,39,0,7,0
4579,39,0,8,0
5246,39,0,9,0
5916,39,0,10,0
6590,39,0,11,0
7268,39,0,12,0
7952,39,0,13,0
8642,39,0,14,0
9335,39,0,15,0
10028,39,0,16,0
10729,39,0,17,0
11430,39,0,18,0
12135,39,0,19,0
12844,39,0,20,0
13555,39,0,21,0
14279,39,0,22,0
15008,39,0,23,0
15744,39,0,24,0
16486,39,0,25,0
17245,39,0,26,0
18008,39,0,27,0
18772,39,0,28,0
19541,39,0,29,0
20310,39,0,30,0
21081,39,0,31,0
21853,39,0,32,0
22631,39,0,33,0
23410,39,0,34,0
24190,39,0,35,0
24971,39,0,36,0
25752,39,0,37,0
26533,39,0,38,0
38,40,0,1,0
655,40,0,2,0
1282,40,0,3,0
1930,40,0,4,0
2589,40,0,5,0
3250,40,0,6,0
3914,40,0,7,0
4580,40,0,8,0
5247,40,0,9,0
5917,40,0,10,0
6591,40,0,11,0
7269,40,0,12,0
7953,40,0,13,0
8643,40,0,14,0
9336,40,0,15,0
10029,40,0,16,0
10730,40,0,17,0
11431,40,0,18,0
12136,40,0,19,0
12845,40,0,20,0
13556,40,0,21,0
14280,40,0,22,0
15009,40,0,23,0
15745,40,0,24,0
16487,40,0,25,0
17246,40,0,26,0
18009,40,0,27,0
18773,40,0,28,0
19542,40,0,29,0
20311,40,0,30,0
21082,40,0,31,0
21854,40,0,32,0
22632,40,0,33,0
23411,40,0,34,0
24191,40,0,35,0
24972,40,0,36,0
25753,40,0,37,0
26534,40,0,38,0
39,41,0,1,0
656,41,0,2,0
1283,41,0,3,0
1931,41,0,4,0
2590,41,0,5,0
3251,41,0,6,0
3915,41,0,7,0
4581,41,0,8,0
5248,41,0,9,0
5918,41,0,10,0
6592,41,0,11,0
7270,41,0,12,0
7954,41,0,13,0
8644,41,0,14,0
9337,41,0,15,0
10030,41,0,16,0
10731,41,0,17,0
11432,41,0,18,0
12137,41,0,19,0
12846,41,0,20,0
13557,41,0,21,0
14281,41,0,22,0
15010,41,0,23,0
15746,41,0,24,0
16488,41,0,25,0
17247,41,0,26,0
18010,41,0,27,0
18774,41,0,28,0
19543,41,0,29,0
20312,41,0,30,0
21083,41,0,31,0
21855,41,0,32,0
22633,41,0,33,0
23412,41,0,34,0
24192,41,0,35,0
24973,41,0,36,0
25754,41,0,37,0
26535,41,0,38,0
40,42,0,1,57
657,42,0,2,57
1284,42,0,3,57
1932,42,0,4,57
2591,42,0,5,57
3252,42,0,6,57
3916,42,0,7,57
4582,42,0,8,57
5249,42,1,9,57
5919,42,1,10,56
6593,42,0,11,55
7271,42,0,12,55
7955,42,2,13,55
8645,42,2,14,53
9338,42,3,15,51
10031,42,2,16,48
10732,42,2,17,46
11433,42,2,18,44
12138,42,2,19,42
12847,42,2,20,40
13558,42,3,21,38
14282,42,1,22,35
15011,42,3,23,34
15747,42,2,24,31
16489,42,1,25,29
17248,42,0,26,28
18011,42,0,27,28
18775,42,1,28,28
19544,42,0,29,27
20313,42,3,30,27
21084,42,1,31,24
21856,42,1,32,23
22634,42,4,33,22
23413,42,0,34,18
24193,42,3,35,18
24974,42,3,36,15
25755,42,10,37,12
26536,42,2,38,2
41,43,0,1,0
658,43,0,2,0
1285,43,0,3,0
1933,43,0,4,0
2592,43,0,5,0
3253,43,0,6,0
3917,43,0,7,0
4583,43,0,8,0
5250,43,0,9,0
5920,43,0,10,0
6594,43,0,11,0
7272,43,0,12,0
7956,43,0,13,0
8646,43,0,14,0
9339,43,0,15,0
10032,43,0,16,0
10733,43,0,17,0
11434,43,0,18,0
12139,43,0,19,0
12848,43,0,20,0
13559,43,0,21,0
14283,43,0,22,0
15012,43,0,23,0
15748,43,0,24,0
16490,43,0,25,0
17249,43,0,26,0
18012,43,0,27,0
18776,43,0,28,0
19545,43,0,29,0
20314,43,0,30,0
21085,43,0,31,0
21857,43,0,32,0
22635,43,0,33,0
23414,43,0,34,0
24194,43,0,35,0
24975,43,0,36,0
25756,43,0,37,0
26537,43,0,38,0
42,44,2,1,103
659,44,1,2,101
1286,44,2,3,100
1934,44,1,4,98
2593,44,9,5,97
3254,44,1,6,88
3918,44,1,7,87
4584,44,0,8,86
5251,44,2,9,86
5921,44,0,10,84
6595,44,1,11,84
7273,44,0,12,83
7957,44,1,13,83
8647,44,2,14,82
9340,44,8,15,80
10033,44,1,16,72
10734,44,2,17,71
11435,44,1,18,69
12140,44,1,19,68
12849,44,2,20,67
13560,44,8,21,65
14284,44,1,22,57
15013,44,2,23,56
15749,44,1,24,54
16491,44,0,25,53
17250,44,2,26,53
18013,44,0,27,51
18777,44,7,28,51
19546,44,0,29,44
20315,44,6,30,44
21086,44,1,31,38
21858,44,7,32,37
22636,44,3,33,30
23415,44,0,34,27
24195,44,6,35,27
24976,44,5,36,21
25757,44,15,37,16
26538,44,1,38,1
43,45,1,1,57
660,45,1,2,56
1287,45,1,3,55
1935,45,1,4,54
2594,45,1,5,53
3255,45,1,6,52
3919,45,1,7,51
4585,45,0,8,50
5252,45,1,9,50
5922,45,0,10,49
6596,45,1,11,49
7274,45,0,12,48
7958,45,0,13,48
8648,45,1,14,48
9341,45,1,15,47
10034,45,1,16,46
10735,45,0,17,45
11436,45,0,18,45
12141,45,1,19,45
12850,45,4,20,44
13561,45,0,21,40
14285,45,0,22,40
15014,45,1,23,40
15750,45,1,24,39
16492,45,2,25,38
17251,45,2,26,36
18014,45,1,27,34
18778,45,0,28,33
19547,45,0,29,33
20316,45,0,30,33
21087,45,5,31,33
21859,45,6,32,28
22637,45,8,33,22
23416,45,0,34,14
24196,45,6,35,14
24977,45,1,36,8
25758,45,6,37,7
26539,45,1,38,1
44,46,0,1,0
661,46,0,2,0
1288,46,0,3,0
1936,46,0,4,0
2595,46,0,5,0
3256,46,0,6,0
3920,46,0,7,0
4586,46,0,8,0
5253,46,0,9,0
5923,46,0,10,0
6597,46,0,11,0
7275,46,0,12,0
7959,46,0,13,0
8649,46,0,14,0
9342,46,0,15,0
10035,46,0,16,0
10736,46,0,17,0
11437,46,0,18,0
12142,46,0,19,0
12851,46,0,20,0
13562,46,0,21,0
14286,46,0,22,0
15015,46,0,23,0
15751,46,0,24,0
16493,46,0,25,0
17252,46,0,26,0
18015,46,0,27,0
18779,46,0,28,0
19548,46,0,29,0
20317,46,0,30,0
21088,46,0,31,0
21860,46,0,32,0
22638,46,0,33,0
23417,46,0,34,0
24197,46,0,35,0
24978,46,0,36,0
25759,46,0,37,0
26540,46,0,38,0
45,47,3,1,111
662,47,1,2,108
1289,47,2,3,107
1937,47,0,4,105
2596,47,3,5,105
3257,47,2,6,102
3921,47,9,7,100
4587,47,8,8,91
5254,47,2,9,83
5924,47,0,10,81
6598,47,2,11,81
7276,47,2,12,79
7960,47,1,13,77
8650,47,2,14,76
9343,47,6,15,74
10036,47,2,16,68
10737,47,2,17,66
11438,47,2,18,64
12143,47,2,19,62
12852,47,2,20,60
13563,47,6,21,58
14287,47,2,22,52
15016,47,2,23,50
15752,47,2,24,48
16494,47,4,25,46
17253,47,3,26,42
18016,47,1,27,39
18780,47,0,28,38
19549,47,0,29,38
20318,47,6,30,38
21089,47,1,31,32
21861,47,6,32,31
22639,47,4,33,25
23418,47,0,34,21
24198,47,9,35,21
24979,47,8,36,12
25760,47,6,37,4
26541,47,-2,38,-2
46,48,2,1,78
663,48,3,2,76
1290,48,1,3,73
1938,48,2,4,72
2597,48,1,5,70
3258,48,0,6,69
3922,48,0,7,69
4588,48,1,8,69
5255,48,2,9,68
5925,48,2,10,66
6599,48,1,11,64
7277,48,5,12,63
7961,48,2,13,58
8651,48,2,14,56
9344,48,3,15,54
10037,48,6,16,51
10738,48,4,17,45
11439,48,2,18,41
12144,48,2,19,39
12853,48,1,20,37
13564,48,0,21,36
14288,48,0,22,36
15017,48,1,23,36
15753,48,1,24,35
16495,48,4,25,34
17254,48,1,26,30
18017,48,2,27,29
18781,48,2,28,27
19550,48,0,29,25
20319,48,3,30,25
21090,48,1,31,22
21862,48,5,32,21
22640,48,3,33,16
23419,48,0,34,13
24199,48,6,35,13
24980,48,1,36,7
25761,48,3,37,6
26542,48,3,38,3
47,49,0,1,47
664,49,0,2,47
1291,49,0,3,47
1939,49,0,4,47
2598,49,0,5,47
3259,49,0,6,47
3923,49,0,7,47
4589,49,0,8,47
5256,49,0,9,47
5926,49,0,10,47
6600,49,0,11,47
7278,49,0,12,47
7962,49,0,13,47
8652,49,2,14,47
9345,49,0,15,45
10038,49,0,16,45
10739,49,0,17,45
11440,49,0,18,45
12145,49,1,19,45
12854,49,2,20,44
13565,49,9,21,42
14289,49,1,22,33
15018,49,1,23,32
15754,49,0,24,31
16496,49,6,25,31
17255,49,1,26,25
18018,49,0,27,24
18782,49,8,28,24
19551,49,0,29,16
20320,49,0,30,16
21091,49,2,31,16
21863,49,6,32,14
22641,49,2,33,8
23420,49,0,34,6
24200,49,0,35,6
24981,49,6,36,6
25762,49,0,37,0
26543,49,0,38,0
48,50,1,1,5
665,50,1,2,4
1292,50,1,3,3
1940,50,0,4,2
2599,50,0,5,2
3260,50,0,6,2
3924,50,0,7,2
4590,50,0,8,2
5257,50,0,9,2
5927,50,0,10,2
6601,50,0,11,2
7279,50,0,12,2
7963,50,0,13,2
8653,50,0,14,2
9346,50,0,15,2
10039,50,0,16,2
10740,50,0,17,2
11441,50,1,18,2
12146,50,0,19,1
12855,50,0,20,1
13566,50,0,21,1
14290,50,0,22,1
15019,50,0,23,1
15755,50,1,24,1
16497,50,0,25,0
17256,50,0,26,0
18019,50,0,27,0
18783,50,0,28,0
19552,50,0,29,0
20321,50,0,30,0
21092,50,0,31,0
21864,50,0,32,0
22642,50,0,33,0
23421,50,0,34,0
24201,50,0,35,0
24982,50,0,36,0
25763,50,0,37,0
26544,50,0,38,0
49,51,0,1,9
666,51,0,2,9
1293,51,0,3,9
1941,51,0,4,9
2600,51,0,5,9
3261,51,0,6,9
3925,51,0,7,9
4591,51,0,8,9
5258,51,0,9,9
5928,51,0,10,9
6602,51,0,11,9
7280,51,0,12,9
7964,51,1,13,9
8654,51,0,14,8
9347,51,0,15,8
10040,51,0,16,8
10741,51,0,17,8
11442,51,0,18,8
12147,51,0,19,8
12856,51,0,20,8
13567,51,0,21,8
14291,51,0,22,8
15020,51,0,23,8
15756,51,0,24,8
16498,51,0,25,8
17257,51,0,26,8
18020,51,0,27,8
18784,51,7,28,8
19553,51,0,29,1
20322,51,0,30,1
21093,51,0,31,1
21865,51,0,32,1
22643,51,0,33,1
23422,51,0,34,1
24202,51,0,35,1
24983,51,0,36,1
25764,51,0,37,1
26545,51,1,38,1
50,52,2,1,55
667,52,1,2,53
1294,52,2,3,52
1942,52,1,4,50
2601,52,1,5,49
3262,52,1,6,48
3926,52,6,7,47
4592,52,2,8,41
5259,52,2,9,39
5929,52,0,10,37
6603,52,1,11,37
7281,52,1,12,36
7965,52,1,13,35
8655,52,0,14,34
9348,52,6,15,34
10041,52,1,16,28
10742,52,2,17,27
11443,52,1,18,25
12148,52,1,19,24
12857,52,0,20,23
13568,52,0,21,23
14292,52,0,22,23
15021,52,0,23,23
15757,52,0,24,23
16499,52,0,25,23
17258,52,0,26,23
18021,52,0,27,23
18785,52,0,28,23
19554,52,0,29,23
20323,52,8,30,23
21094,52,0,31,15
21866,52,0,32,15
22644,52,1,33,15
23423,52,0,34,14
24203,52,6,35,14
24984,52,1,36,8
25765,52,7,37,7
26546,52,0,38,0
51,53,4,1,66
668,53,1,2,62
1295,53,2,3,61
1943,53,2,4,59
2602,53,2,5,57
3263,53,2,6,55
3927,53,0,7,53
4593,53,5,8,53
5260,53,1,9,48
5930,53,2,10,47
6604,53,1,11,45
7282,53,0,12,44
7966,53,0,13,44
8656,53,0,14,44
9349,53,0,15,44
10042,53,0,16,44
10743,53,0,17,44
11444,53,0,18,44
12149,53,1,19,44
12858,53,2,20,43
13569,53,3,21,41
14293,53,2,22,38
15022,53,10,23,36
15758,53,1,24,26
16500,53,2,25,25
17259,53,1,26,23
18022,53,2,27,22
18786,53,6,28,20
19555,53,0,29,14
20324,53,3,30,14
21095,53,1,31,11
21867,53,3,32,10
22645,53,5,33,7
23424,53,0,34,2
24204,53,1,35,2
24985,53,0,36,1
25766,53,0,37,1
26547,53,1,38,1
52,54,2,1,161
669,54,2,2,159
1296,54,2,3,157
1944,54,2,4,155
2603,54,10,5,153
3264,54,7,6,143
3928,54,3,7,136
4594,54,6,8,133
5261,54,1,9,127
5931,54,9,10,126
6605,54,1,11,117
7283,54,2,12,116
7967,54,2,13,114
8657,54,8,14,112
9350,54,2,15,104
10043,54,2,16,102
10744,54,14,17,100
11445,54,2,18,86
12150,54,11,19,84
12859,54,0,20,73
13570,54,6,21,73
14294,54,1,22,67
15023,54,1,23,66
15759,54,1,24,65
16501,54,4,25,64
17260,54,2,26,60
18023,54,7,27,58
18787,54,3,28,51
19556,54,0,29,48
20325,54,10,30,48
21096,54,9,31,38
21868,54,6,32,29
22646,54,7,33,23
23425,54,0,34,16
24205,54,3,35,16
24986,54,6,36,13
25767,54,6,37,7
26548,54,1,38,1
53,55,0,1,0
670,55,0,2,0
1297,55,0,3,0
1945,55,0,4,0
2604,55,0,5,0
3265,55,0,6,0
3929,55,0,7,0
4595,55,0,8,0
5262,55,0,9,0
5932,55,0,10,0
6606,55,0,11,0
7284,55,0,12,0
7968,55,0,13,0
8658,55,0,14,0
9351,55,0,15,0
10044,55,0,16,0
10745,55,0,17,0
11446,55,0,18,0
12151,55,0,19,0
12860,55,0,20,0
13571,55,0,21,0
14295,55,0,22,0
15024,55,0,23,0
15760,55,0,24,0
16502,55,0,25,0
17261,55,0,26,0
18024,55,0,27,0
18788,55,0,28,0
19557,55,0,29,0
20326,55,0,30,0
21097,55,0,31,0
21869,55,0,32,0
22647,55,0,33,0
23426,55,0,34,0
24206,55,0,35,0
24987,55,0,36,0
25768,55,0,37,0
26549,55,0,38,0
54,56,0,1,0
671,56,0,2,0
1298,56,0,3,0
1946,56,0,4,0
2605,56,0,5,0
3266,56,0,6,0
3930,56,0,7,0
4596,56,0,8,0
5263,56,0,9,0
5933,56,0,10,0
6607,56,0,11,0
7285,56,0,12,0
7969,56,0,13,0
8659,56,0,14,0
9352,56,0,15,0
10045,56,0,16,0
10746,56,0,17,0
11447,56,0,18,0
12152,56,0,19,0
12861,56,0,20,0
13572,56,0,21,0
14296,56,0,22,0
15025,56,0,23,0
15761,56,0,24,0
16503,56,0,25,0
17262,56,0,26,0
18025,56,0,27,0
18789,56,0,28,0
19558,56,0,29,0
20327,56,0,30,0
21098,56,0,31,0
21870,56,0,32,0
22648,56,0,33,0
23427,56,0,34,0
24207,56,0,35,0
24988,56,0,36,0
25769,56,0,37,0
26550,56,0,38,0
55,57,7,1,121
672,57,2,2,114
1299,57,1,3,112
1947,57,2,4,111
2606,57,5,5,109
3267,57,2,6,104
3931,57,3,7,102
4597,57,8,8,99
5264,57,1,9,91
5934,57,2,10,90
6608,57,1,11,88
7286,57,3,12,87
7970,57,2,13,84
8660,57,2,14,82
9353,57,1,15,80
10046,57,3,16,79
10747,57,2,17,76
11448,57,1,18,74
12153,57,2,19,73
12862,57,2,20,71
13573,57,3,21,69
14297,57,8,22,66
15026,57,1,23,58
15762,57,2,24,57
16504,57,12,25,55
17263,57,2,26,43
18026,57,2,27,41
18790,57,3,28,39
19559,57,0,29,36
20328,57,3,30,36
21099,57,6,31,33
21871,57,6,32,27
22649,57,9,33,21
23428,57,0,34,12
24208,57,11,35,12
24989,57,0,36,1
25770,57,0,37,1
26551,57,1,38,1
56,58,2,1,186
673,58,2,2,184
1300,58,5,3,182
1948,58,13,4,177
2607,58,6,5,164
3268,58,11,6,158
3932,58,2,7,147
4598,58,8,8,145
5265,58,2,9,137
5935,58,2,10,135
6609,58,2,11,133
7287,58,7,12,131
7971,58,2,13,124
8661,58,12,14,122
9354,58,1,15,110
10047,58,1,16,109
10748,58,1,17,108
11449,58,1,18,107
12154,58,12,19,106
12863,58,2,20,94
13574,58,8,21,92
14298,58,8,22,84
15027,58,5,23,76
15763,58,1,24,71
16505,58,15,25,70
17264,58,2,26,55
18027,58,5,27,53
18791,58,9,28,48
19560,58,0,29,39
20329,58,0,30,39
21100,58,2,31,39
21872,58,7,32,37
22650,58,12,33,30
23429,58,0,34,18
24209,58,2,35,18
24990,58,9,36,16
25771,58,5,37,7
26552,58,2,38,2
57,59,0,1,8
674,59,0,2,8
1301,59,0,3,8
1949,59,0,4,8
2608,59,0,5,8
3269,59,0,6,8
3933,59,0,7,8
4599,59,0,8,8
5266,59,0,9,8
5936,59,0,10,8
6610,59,0,11,8
7288,59,1,12,8
7972,59,0,13,7
8662,59,0,14,7
9355,59,0,15,7
10048,59,0,16,7
10749,59,0,17,7
11450,59,6,18,7
12155,59,1,19,1
12864,59,0,20,0
13575,59,0,21,0
14299,59,0,22,0
15028,59,0,23,0
15764,59,0,24,0
16506,59,0,25,0
17265,59,0,26,0
18028,59,0,27,0
18792,59,0,28,0
19561,59,0,29,0
20330,59,0,30,0
21101,59,0,31,0
21873,59,0,32,0
22651,59,0,33,0
23430,59,0,34,0
24210,59,0,35,0
24991,59,0,36,0
25772,59,0,37,0
26553,59,0,38,0
58,60,0,1,58
675,60,0,2,58
1302,60,0,3,58
1950,60,0,4,58
2609,60,0,5,58
3270,60,0,6,58
3934,60,0,7,58
4600,60,0,8,58
5267,60,1,9,58
5937,60,0,10,57
6611,60,2,11,57
7289,60,2,12,55
7973,60,2,13,53
8663,60,2,14,51
9356,60,0,15,49
10049,60,1,16,49
10750,60,3,17,48
11451,60,1,18,45
12156,60,0,19,44
12865,60,0,20,44
13576,60,2,21,44
14300,60,5,22,42
15029,60,9,23,37
15765,60,2,24,28
16507,60,2,25,26
17266,60,1,26,24
18029,60,2,27,23
18793,60,2,28,21
19562,60,2,29,19
20331,60,1,30,17
21102,60,2,31,16
21874,60,2,32,14
22652,60,2,33,12
23431,60,1,34,10
24211,60,2,35,9
24992,60,2,36,7
25773,60,2,37,5
26554,60,3,38,3
59,61,0,1,0
676,61,0,2,0
1303,61,0,3,0
1951,61,0,4,0
2610,61,0,5,0
3271,61,0,6,0
3935,61,0,7,0
4601,61,0,8,0
5268,61,0,9,0
5938,61,0,10,0
6612,61,0,11,0
7290,61,0,12,0
7974,61,0,13,0
8664,61,0,14,0
9357,61,0,15,0
10050,61,0,16,0
10751,61,0,17,0
11452,61,0,18,0
12157,61,0,19,0
12866,61,0,20,0
13577,61,0,21,0
14301,61,0,22,0
15030,61,0,23,0
15766,61,0,24,0
16508,61,0,25,0
17267,61,0,26,0
18030,61,0,27,0
18794,61,0,28,0
19563,61,0,29,0
20332,61,0,30,0
21103,61,0,31,0
21875,61,0,32,0
22653,61,0,33,0
23432,61,0,34,0
24212,61,0,35,0
24993,61,0,36,0
25774,61,0,37,0
26555,61,0,38,0
60,62,0,1,52
677,62,0,2,52
1304,62,0,3,52
1952,62,0,4,52
2611,62,0,5,52
3272,62,0,6,52
3936,62,1,7,52
4602,62,0,8,51
5269,62,1,9,51
5939,62,1,10,50
6613,62,1,11,49
7291,62,7,12,48
7975,62,2,13,41
8665,62,1,14,39
9358,62,3,15,38
10051,62,1,16,35
10752,62,1,17,34
11453,62,1,18,33
12158,62,2,19,32
12867,62,5,20,30
13578,62,1,21,25
14302,62,3,22,24
15031,62,3,23,21
15767,62,2,24,18
16509,62,3,25,16
17268,62,1,26,13
18031,62,1,27,12
18795,62,1,28,11
19564,62,1,29,10
20333,62,1,30,9
21104,62,1,31,8
21876,62,0,32,7
22654,62,1,33,7
23433,62,0,34,6
24213,62,1,35,6
24994,62,1,36,5
25775,62,1,37,4
26556,62,3,38,3
61,63,1,1,76
678,63,2,2,75
1305,63,2,3,73
1953,63,2,4,71
2612,63,1,5,69
3273,63,2,6,68
3937,63,2,7,66
4603,63,6,8,64
5270,63,2,9,58
5940,63,2,10,56
6614,63,1,11,54
7292,63,0,12,53
7976,63,2,13,53
8666,63,3,14,51
9359,63,2,15,48
10052,63,3,16,46
10753,63,7,17,43
11454,63,3,18,36
12159,63,1,19,33
12868,63,3,20,32
13579,63,4,21,29
14303,63,1,22,25
15032,63,3,23,24
15768,63,1,24,21
16510,63,13,25,20
17269,63,1,26,7
18032,63,1,27,6
18796,63,2,28,5
19565,63,2,29,3
20334,63,1,30,1
21105,63,0,31,0
21877,63,0,32,0
22655,63,0,33,0
23434,63,0,34,0
24214,63,0,35,0
24995,63,0,36,0
25776,63,0,37,0
26557,63,0,38,0
62,64,1,1,82
679,64,2,2,81
1306,64,7,3,79
1954,64,1,4,72
2613,64,1,5,71
3274,64,10,6,70
3938,64,2,7,60
4604,64,3,8,58
5271,64,2,9,55
5941,64,2,10,53
6615,64,5,11,51
7293,64,1,12,46
7977,64,0,13,45
8667,64,1,14,45
9360,64,2,15,44
10053,64,2,16,42
10754,64,1,17,40
11455,64,3,18,39
12160,64,2,19,36
12869,64,3,20,34
13580,64,2,21,31
14304,64,2,22,29
15033,64,2,23,27
15769,64,2,24,25
16511,64,1,25,23
17270,64,2,26,22
18033,64,2,27,20
18797,64,2,28,18
19566,64,2,29,16
20335,64,6,30,14
21106,64,1,31,8
21878,64,2,32,7
22656,64,1,33,5
23435,64,1,34,4
24215,64,2,35,3
24996,64,2,36,1
25777,64,-1,37,-1
26558,64,0,38,0
63,65,0,1,32
680,65,0,2,32
1307,65,0,3,32
1955,65,1,4,32
2614,65,1,5,31
3275,65,1,6,30
3939,65,1,7,29
4605,65,1,8,28
5272,65,1,9,27
5942,65,1,10,26
6616,65,1,11,25
7294,65,4,12,24
7978,65,1,13,20
8668,65,1,14,19
9361,65,6,15,18
10054,65,8,16,12
10755,65,1,17,4
11456,65,2,18,3
12161,65,0,19,1
12870,65,1,20,1
13581,65,0,21,0
14305,65,0,22,0
15034,65,0,23,0
15770,65,0,24,0
16512,65,0,25,0
17271,65,0,26,0
18034,65,0,27,0
18798,65,0,28,0
19567,65,0,29,0
20336,65,0,30,0
21107,65,0,31,0
21879,65,0,32,0
22657,65,0,33,0
23436,65,0,34,0
24216,65,0,35,0
24997,65,0,36,0
25778,65,0,37,0
26559,65,0,38,0
64,66,0,1,0
681,66,0,2,0
1308,66,0,3,0
1956,66,0,4,0
2615,66,0,5,0
3276,66,0,6,0
3940,66,0,7,0
4606,66,0,8,0
5273,66,0,9,0
5943,66,0,10,0
6617,66,0,11,0
7295,66,0,12,0
7979,66,0,13,0
8669,66,0,14,0
9362,66,0,15,0
10055,66,0,16,0
10756,66,0,17,0
11457,66,0,18,0
12162,66,0,19,0
12871,66,0,20,0
13582,66,0,21,0
14306,66,0,22,0
15035,66,0,23,0
15771,66,0,24,0
16513,66,0,25,0
17272,66,0,26,0
18035,66,0,27,0
18799,66,0,28,0
19568,66,0,29,0
20337,66,0,30,0
21108,66,0,31,0
21880,66,0,32,0
22658,66,0,33,0
23437,66,0,34,0
24217,66,0,35,0
24998,66,0,36,0
25779,66,0,37,0
26560,66,0,38,0
65,67,0,1,0
682,67,0,2,0
1309,67,0,3,0
1957,67,0,4,0
2616,67,0,5,0
3277,67,0,6,0
3941,67,0,7,0
4607,67,0,8,0
5274,67,0,9,0
5944,67,0,10,0
6618,67,0,11,0
7296,67,0,12,0
7980,67,0,13,0
8670,67,0,14,0
9363,67,0,15,0
10056,67,0,16,0
10757,67,0,17,0
11458,67,0,18,0
12163,67,0,19,0
12872,67,0,20,0
13583,67,0,21,0
14307,67,0,22,0
15036,67,0,23,0
15772,67,0,24,0
16514,67,0,25,0
17273,67,0,26,0
18036,67,0,27,0
18800,67,0,28,0
19569,67,0,29,0
20338,67,0,30,0
21109,67,0,31,0
21881,67,0,32,0
22659,67,0,33,0
23438,67,0,34,0
24218,67,0,35,0
24999,67,0,36,0
25780,67,0,37,0
26561,67,0,38,0
66,68,0,1,17
683,68,0,2,17
1310,68,0,3,17
1958,68,0,4,17
2617,68,0,5,17
3278,68,0,6,17
3942,68,0,7,17
4608,68,0,8,17
5275,68,0,9,17
5945,68,0,10,17
6619,68,0,11,17
7297,68,0,12,17
7981,68,0,13,17
8671,68,0,14,17
9364,68,1,15,17
10057,68,0,16,16
10758,68,1,17,16
11459,68,0,18,15
12164,68,4,19,15
12873,68,6,20,11
13584,68,1,21,5
14308,68,0,22,4
15037,68,0,23,4
15773,68,0,24,4
16515,68,0,25,4
17274,68,1,26,4
18037,68,1,27,3
18801,68,1,28,2
19570,68,0,29,1
20339,68,0,30,1
21110,68,1,31,1
21882,68,0,32,0
22660,68,0,33,0
23439,68,0,34,0
24219,68,0,35,0
25000,68,0,36,0
25781,68,0,37,0
26562,68,0,38,0
67,69,1,1,20
684,69,1,2,19
1311,69,0,3,18
1959,69,0,4,18
2618,69,0,5,18
3279,69,0,6,18
3943,69,0,7,18
4609,69,0,8,18
5276,69,0,9,18
5946,69,0,10,18
6620,69,0,11,18
7298,69,0,12,18
7982,69,0,13,18
8672,69,0,14,18
9365,69,0,15,18
10058,69,0,16,18
10759,69,0,17,18
11460,69,0,18,18
12165,69,0,19,18
12874,69,0,20,18
13585,69,1,21,18
14309,69,0,22,17
15038,69,1,23,17
15774,69,1,24,16
16516,69,1,25,15
17275,69,1,26,14
18038,69,0,27,13
18802,69,0,28,13
19571,69,1,29,13
20340,69,1,30,12
21111,69,1,31,11
21883,69,0,32,10
22661,69,0,33,10
23440,69,1,34,10
24220,69,1,35,9
25001,69,1,36,8
25782,69,6,37,7
26563,69,1,38,1
68,70,1,1,134
685,70,2,2,133
1312,70,1,3,131
1960,70,2,4,130
2619,70,1,5,128
3280,70,1,6,127
3944,70,2,7,126
4610,70,7,8,124
5277,70,2,9,117
5947,70,10,10,115
6621,70,1,11,105
7299,70,1,12,104
7983,70,7,13,103
8673,70,8,14,96
9366,70,2,15,88
10059,70,2,16,86
10760,70,6,17,84
11461,70,6,18,78
12166,70,1,19,72
12875,70,12,20,71
13586,70,1,21,59
14310,70,7,22,58
15039,70,6,23,51
15775,70,1,24,45
16517,70,2,25,44
17276,70,1,26,42
18039,70,4,27,41
18803,70,4,28,37
19572,70,4,29,33
20341,70,1,30,29
21112,70,1,31,28
21884,70,6,32,27
22662,70,8,33,21
23441,70,2,34,13
24221,70,2,35,11
25002,70,2,36,9
25783,70,1,37,7
26564,70,6,38,6
69,71,0,1,158
686,71,3,2,158
1313,71,5,3,155
1961,71,2,4,150
2620,71,0,5,148
3281,71,1,6,148
3945,71,1,7,147
4611,71,11,8,146
5278,71,2,9,135
5948,71,3,10,133
6622,71,7,11,130
7300,71,2,12,123
7984,71,20,13,121
8674,71,3,14,101
9367,71,2,15,98
10060,71,3,16,96
10761,71,8,17,93
11462,71,2,18,85
12167,71,0,19,83
12876,71,3,20,83
13587,71,8,21,80
14311,71,22,22,72
15040,71,13,23,50
15776,71,2,24,37
16518,71,5,25,35
17277,71,2,26,30
18040,71,10,27,28
18804,71,5,28,18
19573,71,2,29,13
20342,71,0,30,11
21113,71,0,31,11
21885,71,0,32,11
22663,71,2,33,11
23442,71,2,34,9
24222,71,2,35,7
25003,71,1,36,5
25784,71,1,37,4
26565,71,3,38,3
70,72,0,1,0
687,72,0,2,0
1314,72,0,3,0
1962,72,0,4,0
2621,72,0,5,0
3282,72,0,6,0
3946,72,0,7,0
4612,72,0,8,0
5279,72,0,9,0
5949,72,0,10,0
6623,72,0,11,0
7301,72,0,12,0
7985,72,0,13,0
8675,72,0,14,0
9368,72,0,15,0
10061,72,0,16,0
10762,72,0,17,0
11463,72,0,18,0
12168,72,0,19,0
12877,72,0,20,0
13588,72,0,21,0
14312,72,0,22,0
15041,72,0,23,0
15777,72,0,24,0
16519,72,0,25,0
17278,72,0,26,0
18041,72,0,27,0
18805,72,0,28,0
19574,72,0,29,0
20343,72,0,30,0
21114,72,0,31,0
21886,72,0,32,0
22664,72,0,33,0
23443,72,0,34,0
24223,72,0,35,0
25004,72,0,36,0
25785,72,0,37,0
26566,72,0,38,0
71,73,4,1,7
688,73,3,2,3
1315,73,0,3,0
1963,73,0,4,0
2622,73,0,5,0
3283,73,0,6,0
3947,73,0,7,0
4613,73,0,8,0
5280,73,0,9,0
5950,73,0,10,0
6624,73,0,11,0
7302,73,0,12,0
7986,73,0,13,0
8676,73,0,14,0
9369,73,0,15,0
10062,73,0,16,0
10763,73,0,17,0
11464,73,0,18,0
12169,73,0,19,0
12878,73,0,20,0
13589,73,0,21,0
14313,73,0,22,0
15042,73,0,23,0
15778,73,0,24,0
16520,73,0,25,0
17279,73,0,26,0
18042,73,0,27,0
18806,73,0,28,0
19575,73,0,29,0
20344,73,0,30,0
21115,73,0,31,0
21887,73,0,32,0
22665,73,0,33,0
23444,73,0,34,0
24224,73,0,35,0
25005,73,0,36,0
25786,73,0,37,0
26567,73,0,38,0
72,74,2,1,111
689,74,1,2,109
1316,74,4,3,108
1964,74,0,4,104
2623,74,1,5,104
3284,74,8,6,103
3948,74,1,7,95
4614,74,3,8,94
5281,74,2,9,91
5951,74,0,10,89
6625,74,0,11,89
7303,74,1,12,89
7987,74,1,13,88
8677,74,1,14,87
9370,74,12,15,86
10063,74,2,16,74
10764,74,6,17,72
11465,74,3,18,66
12170,74,6,19,63
12879,74,3,20,57
13590,74,2,21,54
14314,74,4,22,52
15043,74,21,23,48
15779,74,2,24,27
16521,74,7,25,25
17280,74,2,26,18
18043,74,2,27,16
18807,74,1,28,14
19576,74,1,29,13
20345,74,2,30,12
21116,74,2,31,10
21888,74,3,32,8
22666,74,2,33,5
23445,74,2,34,3
24225,74,1,35,1
25006,74,0,36,0
25787,74,0,37,0
26568,74,0,38,0
73,75,0,1,0
690,75,0,2,0
1317,75,0,3,0
1965,75,0,4,0
2624,75,0,5,0
3285,75,0,6,0
3949,75,0,7,0
4615,75,0,8,0
5282,75,0,9,0
5952,75,0,10,0
6626,75,0,11,0
7304,75,0,12,0
7988,75,0,13,0
8678,75,0,14,0
9371,75,0,15,0
10064,75,0,16,0
10765,75,0,17,0
11466,75,0,18,0
12171,75,0,19,0
12880,75,0,20,0
13591,75,0,21,0
14315,75,0,22,0
15044,75,0,23,0
15780,75,0,24,0
16522,75,0,25,0
17281,75,0,26,0
18044,75,0,27,0
18808,75,0,28,0
19577,75,0,29,0
20346,75,0,30,0
21117,75,0,31,0
21889,75,0,32,0
22667,75,0,33,0
23446,75,0,34,0
24226,75,0,35,0
25007,75,0,36,0
25788,75,0,37,0
26569,75,0,38,0
74,76,1,1,10
691,76,0,2,9
1318,76,0,3,9
1966,76,1,4,9
2625,76,0,5,8
3286,76,0,6,8
3950,76,0,7,8
4616,76,0,8,8
5283,76,0,9,8
5953,76,0,10,8
6627,76,0,11,8
7305,76,0,12,8
7989,76,1,13,8
8679,76,1,14,7
9372,76,1,15,6
10065,76,1,16,5
10766,76,1,17,4
11467,76,1,18,3
12172,76,1,19,2
12881,76,1,20,1
13592,76,0,21,0
14316,76,0,22,0
15045,76,0,23,0
15781,76,0,24,0
16523,76,0,25,0
17282,76,0,26,0
18045,76,0,27,0
18809,76,0,28,0
19578,76,0,29,0
20347,76,0,30,0
21118,76,0,31,0
21890,76,0,32,0
22668,76,0,33,0
23447,76,0,34,0
24227,76,0,35,0
25008,76,0,36,0
25789,76,0,37,0
26570,76,0,38,0
75,77,2,1,26
692,77,1,2,24
1319,77,1,3,23
1967,77,1,4,22
2626,77,1,5,21
3287,77,1,6,20
3951,77,1,7,19
4617,77,3,8,18
5284,77,0,9,15
5954,77,0,10,15
6628,77,0,11,15
7306,77,0,12,15
7990,77,0,13,15
8680,77,0,14,15
9373,77,0,15,15
10066,77,0,16,15
10767,77,0,17,15
11468,77,0,18,15
12173,77,0,19,15
12882,77,0,20,15
13593,77,0,21,15
14317,77,0,22,15
15046,77,0,23,15
15782,77,0,24,15
16524,77,1,25,15
17283,77,0,26,14
18046,77,2,27,14
18810,77,1,28,12
19579,77,0,29,11
20348,77,1,30,11
21119,77,2,31,10
21891,77,3,32,8
22669,77,0,33,5
23448,77,3,34,5
24228,77,1,35,2
25009,77,0,36,1
25790,77,0,37,1
26571,77,1,38,1
76,78,8,1,165
693,78,5,2,157
1320,78,6,3,152
1968,78,1,4,146
2627,78,2,5,145
3288,78,7,6,143
3952,78,2,7,136
4618,78,2,8,134
5285,78,1,9,132
5955,78,10,10,131
6629,78,2,11,121
7307,78,1,12,119
7991,78,0,13,118
8681,78,3,14,118
9374,78,2,15,115
10067,78,3,16,113
10768,78,8,17,110
11469,78,3,18,102
12174,78,5,19,99
12883,78,3,20,94
13594,78,12,21,91
14318,78,5,22,79
15047,78,9,23,74
15783,78,2,24,65
16525,78,4,25,63
17284,78,2,26,59
18047,78,1,27,57
18811,78,1,28,56
19580,78,1,29,55
20349,78,2,30,54
21120,78,6,31,52
21892,78,10,32,46
22670,78,3,33,36
23449,78,9,34,33
24229,78,4,35,24
25010,78,2,36,20
25791,78,2,37,18
26572,78,16,38,16
77,79,0,1,31
694,79,1,2,31
1321,79,1,3,30
1969,79,1,4,29
2628,79,0,5,28
3289,79,2,6,28
3953,79,1,7,26
4619,79,9,8,25
5286,79,2,9,16
5956,79,2,10,14
6630,79,0,11,12
7308,79,1,12,12
7992,79,1,13,11
8682,79,0,14,10
9375,79,0,15,10
10068,79,0,16,10
10769,79,0,17,10
11470,79,0,18,10
12175,79,0,19,10
12884,79,0,20,10
13595,79,0,21,10
14319,79,0,22,10
15048,79,0,23,10
15784,79,0,24,10
16526,79,0,25,10
17285,79,0,26,10
18048,79,0,27,10
18812,79,0,28,10
19581,79,0,29,10
20350,79,1,30,10
21121,79,1,31,9
21893,79,0,32,8
22671,79,0,33,8
23450,79,1,34,8
24230,79,0,35,7
25011,79,1,36,7
25792,79,0,37,6
26573,79,6,38,6
78,80,2,1,23
695,80,1,2,21
1322,80,11,3,20
1970,80,1,4,9
2629,80,1,5,8
3290,80,1,6,7
3954,80,1,7,6
4620,80,1,8,5
5287,80,0,9,4
5957,80,0,10,4
6631,80,0,11,4
7309,80,0,12,4
7993,80,0,13,4
8683,80,0,14,4
9376,80,0,15,4
10069,80,0,16,4
10770,80,0,17,4
11471,80,0,18,4
12176,80,0,19,4
12885,80,0,20,4
13596,80,0,21,4
14320,80,0,22,4
15049,80,0,23,4
15785,80,0,24,4
16527,80,1,25,4
17286,80,0,26,3
18049,80,1,27,3
18813,80,1,28,2
19582,80,1,29,1
20351,80,0,30,0
21122,80,0,31,0
21894,80,0,32,0
22672,80,0,33,0
23451,80,0,34,0
24231,80,0,35,0
25012,80,0,36,0
25793,80,0,37,0
26574,80,0,38,0
79,81,2,1,57
696,81,1,2,55
1323,81,1,3,54
1971,81,5,4,53
2630,81,1,5,48
3291,81,2,6,47
3955,81,2,7,45
4621,81,1,8,43
5288,81,1,9,42
5958,81,2,10,41
6632,81,0,11,39
7310,81,1,12,39
7994,81,1,13,38
8684,81,6,14,37
9377,81,2,15,31
10070,81,6,16,29
10771,81,0,17,23
11472,81,0,18,23
12177,81,0,19,23
12886,81,0,20,23
13597,81,0,21,23
14321,81,0,22,23
15050,81,0,23,23
15786,81,0,24,23
16528,81,0,25,23
17287,81,0,26,23
18050,81,0,27,23
18814,81,0,28,23
19583,81,0,29,23
20352,81,1,30,23
21123,81,1,31,22
21895,81,6,32,21
22673,81,6,33,15
23452,81,1,34,9
24232,81,0,35,8
25013,81,1,36,8
25794,81,1,37,7
26575,81,6,38,6
80,82,2,1,108
697,82,0,2,106
1324,82,0,3,106
1972,82,2,4,106
2631,82,6,5,104
3292,82,6,6,98
3956,82,5,7,92
4622,82,2,8,87
5289,82,2,9,85
5959,82,16,10,83
6633,82,2,11,67
7311,82,5,12,65
7995,82,0,13,60
8685,82,2,14,60
9378,82,6,15,58
10071,82,5,16,52
10772,82,9,17,47
11473,82,2,18,38
12178,82,2,19,36
12887,82,9,20,34
13598,82,0,21,25
14322,82,0,22,25
15051,82,0,23,25
15787,82,0,24,25
16529,82,0,25,25
17288,82,0,26,25
18051,82,0,27,25
18815,82,2,28,25
19584,82,2,29,23
20353,82,2,30,21
21124,82,2,31,19
21896,82,2,32,17
22674,82,1,33,15
23453,82,6,34,14
24233,82,0,35,8
25014,82,0,36,8
25795,82,1,37,8
26576,82,7,38,7
81,83,2,1,87
698,83,9,2,85
1325,83,2,3,76
1973,83,3,4,74
2632,83,2,5,71
3293,83,4,6,69
3957,83,2,7,65
4623,83,3,8,63
5290,83,3,9,60
5960,83,2,10,57
6634,83,1,11,55
7312,83,2,12,54
7996,83,5,13,52
8686,83,6,14,47
9379,83,2,15,41
10072,83,0,16,39
10773,83,0,17,39
11474,83,0,18,39
12179,83,0,19,39
12888,83,0,20,39
13599,83,0,21,39
14323,83,0,22,39
15052,83,7,23,39
15788,83,1,24,32
16530,83,5,25,31
17289,83,2,26,26
18052,83,1,27,24
18816,83,7,28,23
19585,83,1,29,16
20354,83,0,30,15
21125,83,0,31,15
21897,83,1,32,15
22675,83,1,33,14
23454,83,1,34,13
24234,83,5,35,12
25015,83,2,36,7
25796,83,1,37,5
26577,83,4,38,4
82,84,0,1,19
699,84,0,2,19
1326,84,0,3,19
1974,84,2,4,19
2633,84,0,5,17
3294,84,0,6,17
3958,84,0,7,17
4624,84,0,8,17
5291,84,5,9,17
5961,84,3,10,12
6635,84,0,11,9
7313,84,0,12,9
7997,84,0,13,9
8687,84,0,14,9
9380,84,0,15,9
10073,84,0,16,9
10774,84,0,17,9
11475,84,0,18,9
12180,84,0,19,9
12889,84,6,20,9
13600,84,3,21,3
14324,84,0,22,0
15053,84,0,23,0
15789,84,0,24,0
16531,84,0,25,0
17290,84,0,26,0
18053,84,0,27,0
18817,84,0,28,0
19586,84,0,29,0
20355,84,0,30,0
21126,84,0,31,0
21898,84,0,32,0
22676,84,0,33,0
23455,84,0,34,0
24235,84,0,35,0
25016,84,0,36,0
25797,84,0,37,0
26578,84,0,38,0
83,85,2,1,94
700,85,2,2,92
1327,85,1,3,90
1975,85,2,4,89
2634,85,1,5,87
3295,85,2,6,86
3959,85,2,7,84
4625,85,6,8,82
5292,85,2,9,76
5962,85,2,10,74
6636,85,0,11,72
7314,85,1,12,72
7998,85,0,13,71
8688,85,6,14,71
9381,85,4,15,65
10074,85,2,16,61
10775,85,6,17,59
11476,85,6,18,53
12181,85,1,19,47
12890,85,7,20,46
13601,85,1,21,39
14325,85,2,22,38
15054,85,5,23,36
15790,85,1,24,31
16532,85,2,25,30
17291,85,-2,26,28
18054,85,0,27,30
18818,85,0,28,30
19587,85,1,29,30
20356,85,1,30,29
21127,85,1,31,28
21899,85,1,32,27
22677,85,9,33,26
23456,85,2,34,17
24236,85,2,35,15
25017,85,1,36,13
25798,85,1,37,12
26579,85,11,38,11
84,86,2,1,39
701,86,1,2,37
1328,86,1,3,36
1976,86,1,4,35
2635,86,0,5,34
3296,86,2,6,34
3960,86,0,7,32
4626,86,0,8,32
5293,86,0,9,32
5963,86,0,10,32
6637,86,0,11,32
7315,86,0,12,32
7999,86,0,13,32
8689,86,0,14,32
9382,86,0,15,32
10075,86,1,16,32
10776,86,1,17,31
11477,86,0,18,30
12182,86,0,19,30
12891,86,0,20,30
13602,86,0,21,30
14326,86,0,22,30
15055,86,0,23,30
15791,86,2,24,30
16533,86,6,25,28
17292,86,6,26,22
18055,86,2,27,16
18819,86,1,28,14
19588,86,2,29,13
20357,86,1,30,11
21128,86,6,31,10
21900,86,2,32,4
22678,86,1,33,2
23457,86,0,34,1
24237,86,0,35,1
25018,86,0,36,1
25799,86,0,37,1
26580,86,1,38,1
85,87,0,1,0
702,87,0,2,0
1329,87,0,3,0
1977,87,0,4,0
2636,87,0,5,0
3297,87,0,6,0
3961,87,0,7,0
4627,87,0,8,0
5294,87,0,9,0
5964,87,0,10,0
6638,87,0,11,0
7316,87,0,12,0
8000,87,0,13,0
8690,87,0,14,0
9383,87,0,15,0
10076,87,0,16,0
10777,87,0,17,0
11478,87,0,18,0
12183,87,0,19,0
12892,87,0,20,0
13603,87,0,21,0
14327,87,0,22,0
15056,87,0,23,0
15792,87,0,24,0
16534,87,0,25,0
17293,87,0,26,0
18056,87,0,27,0
18820,87,0,28,0
19589,87,0,29,0
20358,87,0,30,0
21129,87,0,31,0
21901,87,0,32,0
22679,87,0,33,0
23458,87,0,34,0
24238,87,0,35,0
25019,87,0,36,0
25800,87,0,37,0
26581,87,0,38,0
86,88,6,1,127
703,88,1,2,121
1330,88,5,3,120
1978,88,0,4,115
2637,88,1,5,115
3298,88,2,6,114
3962,88,10,7,112
4628,88,1,8,102
5295,88,1,9,101
5965,88,1,10,100
6639,88,1,11,99
7317,88,6,12,98
8001,88,5,13,92
8691,88,0,14,87
9384,88,7,15,87
10077,88,1,16,80
10778,88,1,17,79
11479,88,6,18,78
12184,88,1,19,72
12893,88,6,20,71
13604,88,1,21,65
14328,88,1,22,64
15057,88,7,23,63
15793,88,1,24,56
16535,88,8,25,55
17294,88,6,26,47
18057,88,1,27,41
18821,88,1,28,40
19590,88,2,29,39
20359,88,1,30,37
21130,88,7,31,36
21902,88,6,32,29
22680,88,0,33,23
23459,88,11,34,23
24239,88,1,35,12
25020,88,8,36,11
25801,88,1,37,3
26582,88,2,38,2
87,89,1,1,131
704,89,1,2,130
1331,89,3,3,129
1979,89,2,4,126
2638,89,2,5,124
3299,89,3,6,122
3963,89,10,7,119
4629,89,5,8,109
5296,89,2,9,104
5966,89,3,10,102
6640,89,8,11,99
7318,89,3,12,91
8002,89,5,13,88
8692,89,9,14,83
9385,89,1,15,74
10078,89,2,16,73
10779,89,1,17,71
11480,89,3,18,70
12185,89,5,19,67
12894,89,6,20,62
13605,89,2,21,56
14329,89,3,22,54
15058,89,7,23,51
15794,89,3,24,44
16536,89,2,25,41
17295,89,10,26,39
18058,89,2,27,29
18822,89,2,28,27
19591,89,2,29,25
20360,89,1,30,23
21131,89,3,31,22
21903,89,2,32,19
22681,89,2,33,17
23460,89,3,34,15
24240,89,5,35,12
25021,89,3,36,7
25802,89,2,37,4
26583,89,2,38,2
88,90,0,1,0
705,90,0,2,0
1332,90,0,3,0
1980,90,0,4,0
2639,90,0,5,0
3300,90,0,6,0
3964,90,0,7,0
4630,90,0,8,0
5297,90,0,9,0
5967,90,0,10,0
6641,90,0,11,0
7319,90,0,12,0
8003,90,0,13,0
8693,90,0,14,0
9386,90,0,15,0
10079,90,0,16,0
10780,90,0,17,0
11481,90,0,18,0
12186,90,0,19,0
12895,90,0,20,0
13606,90,0,21,0
14330,90,0,22,0
15059,90,0,23,0
15795,90,0,24,0
16537,90,0,25,0
17296,90,0,26,0
18059,90,0,27,0
18823,90,0,28,0
19592,90,0,29,0
20361,90,0,30,0
21132,90,0,31,0
21904,90,0,32,0
22682,90,0,33,0
23461,90,0,34,0
24241,90,0,35,0
25022,90,0,36,0
25803,90,0,37,0
26584,90,0,38,0
89,91,4,1,138
706,91,3,2,134
1333,91,3,3,131
1981,91,2,4,128
2640,91,3,5,126
3301,91,2,6,123
3965,91,2,7,121
4631,91,4,8,119
5298,91,1,9,115
5968,91,4,10,114
6642,91,1,11,110
7320,91,9,12,109
8004,91,2,13,100
8694,91,3,14,98
9387,91,3,15,95
10080,91,3,16,92
10781,91,2,17,89
11482,91,3,18,87
12187,91,1,19,84
12896,91,6,20,83
13607,91,3,21,77
14331,91,3,22,74
15060,91,3,23,71
15796,91,0,24,68
16538,91,10,25,68
17297,91,7,26,58
18060,91,3,27,51
18824,91,3,28,48
19593,91,3,29,45
20362,91,1,30,42
21133,91,10,31,41
21905,91,2,32,31
22683,91,1,33,29
23462,91,13,34,28
24242,91,1,35,15
25023,91,9,36,14
25804,91,2,37,5
26585,91,3,38,3
90,92,0,1,4
707,92,0,2,4
1334,92,0,3,4
1982,92,0,4,4
2641,92,0,5,4
3302,92,0,6,4
3966,92,0,7,4
4632,92,0,8,4
5299,92,0,9,4
5969,92,0,10,4
6643,92,0,11,4
7321,92,0,12,4
8005,92,0,13,4
8695,92,0,14,4
9388,92,0,15,4
10081,92,0,16,4
10782,92,0,17,4
11483,92,0,18,4
12188,92,0,19,4
12897,92,0,20,4
13608,92,1,21,4
14332,92,0,22,3
15061,92,0,23,3
15797,92,0,24,3
16539,92,0,25,3
17298,92,0,26,3
18061,92,0,27,3
18825,92,0,28,3
19594,92,0,29,3
20363,92,0,30,3
21134,92,0,31,3
21906,92,0,32,3
22684,92,1,33,3
23463,92,1,34,2
24243,92,0,35,1
25024,92,0,36,1
25805,92,1,37,1
26586,92,0,38,0
91,93,0,1,0
708,93,0,2,0
1335,93,0,3,0
1983,93,0,4,0
2642,93,0,5,0
3303,93,0,6,0
3967,93,0,7,0
4633,93,0,8,0
5300,93,0,9,0
5970,93,0,10,0
6644,93,0,11,0
7322,93,0,12,0
8006,93,0,13,0
8696,93,0,14,0
9389,93,0,15,0
10082,93,0,16,0
10783,93,0,17,0
11484,93,0,18,0
12189,93,0,19,0
12898,93,0,20,0
13609,93,0,21,0
14333,93,0,22,0
15062,93,0,23,0
15798,93,0,24,0
16540,93,0,25,0
17299,93,0,26,0
18062,93,0,27,0
18826,93,0,28,0
19595,93,0,29,0
20364,93,0,30,0
21135,93,0,31,0
21907,93,0,32,0
22685,93,0,33,0
23464,93,0,34,0
24244,93,0,35,0
25025,93,0,36,0
25806,93,0,37,0
26587,93,0,38,0
92,94,2,1,73
709,94,2,2,71
1336,94,3,3,69
1984,94,2,4,66
2643,94,2,5,64
3304,94,2,6,62
3968,94,4,7,60
4634,94,2,8,56
5301,94,5,9,54
5971,94,9,10,49
6645,94,5,11,40
7323,94,3,12,35
8007,94,1,13,32
8697,94,2,14,31
9390,94,0,15,29
10083,94,0,16,29
10784,94,2,17,29
11485,94,3,18,27
12190,94,2,19,24
12899,94,1,20,22
13610,94,2,21,21
14334,94,3,22,19
15063,94,1,23,16
15799,94,0,24,15
16541,94,3,25,15
17300,94,3,26,12
18063,94,2,27,9
18827,94,2,28,7
19596,94,0,29,5
20365,94,1,30,5
21136,94,1,31,4
21908,94,2,32,3
22686,94,1,33,1
23465,94,0,34,0
24245,94,0,35,0
25026,94,0,36,0
25807,94,0,37,0
26588,94,0,38,0
93,95,2,1,38
710,95,1,2,36
1337,95,6,3,35
1985,95,0,4,29
2644,95,0,5,29
3305,95,0,6,29
3969,95,0,7,29
4635,95,0,8,29
5302,95,1,9,29
5972,95,1,10,28
6646,95,2,11,27
7324,95,3,12,25
8008,95,1,13,22
8698,95,0,14,21
9391,95,0,15,21
10084,95,0,16,21
10785,95,0,17,21
11486,95,0,18,21
12191,95,1,19,21
12900,95,3,20,20
13611,95,2,21,17
14335,95,1,22,15
15064,95,1,23,14
15800,95,1,24,13
16542,95,1,25,12
17301,95,0,26,11
18064,95,0,27,11
18828,95,1,28,11
19597,95,0,29,10
20366,95,0,30,10
21137,95,1,31,10
21909,95,1,32,9
22687,95,3,33,8
23466,95,1,34,5
24246,95,1,35,4
25027,95,1,36,3
25808,95,1,37,2
26589,95,1,38,1
94,96,0,1,3
711,96,0,2,3
1338,96,0,3,3
1986,96,0,4,3
2645,96,0,5,3
3306,96,0,6,3
3970,96,0,7,3
4636,96,0,8,3
5303,96,0,9,3
5973,96,0,10,3
6647,96,0,11,3
7325,96,0,12,3
8009,96,0,13,3
8699,96,0,14,3
9392,96,0,15,3
10085,96,0,16,3
10786,96,0,17,3
11487,96,1,18,3
12192,96,1,19,2
12901,96,0,20,1
13612,96,0,21,1
14336,96,0,22,1
15065,96,0,23,1
15801,96,0,24,1
16543,96,0,25,1
17302,96,0,26,1
18065,96,0,27,1
18829,96,1,28,1
19598,96,0,29,0
20367,96,0,30,0
21138,96,0,31,0
21910,96,0,32,0
22688,96,0,33,0
23467,96,0,34,0
24247,96,0,35,0
25028,96,0,36,0
25809,96,0,37,0
26590,96,0,38,0
95,97,0,1,10
712,97,0,2,10
1339,97,0,3,10
1987,97,0,4,10
2646,97,1,5,10
3307,97,1,6,9
3971,97,1,7,8
4637,97,0,8,7
5304,97,0,9,7
5974,97,0,10,7
6648,97,1,11,7
7326,97,0,12,6
8010,97,0,13,6
8700,97,0,14,6
9393,97,0,15,6
10086,97,0,16,6
10787,97,1,17,6
11488,97,0,18,5
12193,97,0,19,5
12902,97,0,20,5
13613,97,0,21,5
14337,97,0,22,5
15066,97,0,23,5
15802,97,0,24,5
16544,97,0,25,5
17303,97,1,26,5
18066,97,0,27,4
18830,97,0,28,4
19599,97,1,29,4
20368,97,0,30,3
21139,97,0,31,3
21911,97,0,32,3
22689,97,1,33,3
23468,97,1,34,2
24248,97,0,35,1
25029,97,1,36,1
25810,97,0,37,0
26591,97,0,38,0
96,98,1,1,94
713,98,2,2,93
1340,98,1,3,91
1988,98,2,4,90
2647,98,5,5,88
3308,98,1,6,83
3972,98,5,7,82
4638,98,2,8,77
5305,98,5,9,75
5975,98,3,10,70
6649,98,2,11,67
7327,98,3,12,65
8011,98,1,13,62
8701,98,2,14,61
9394,98,1,15,59
10087,98,2,16,58
10788,98,2,17,56
11489,98,3,18,54
12194,98,2,19,51
12903,98,8,20,49
13614,98,5,21,41
14338,98,2,22,36
15067,98,1,23,34
15803,98,2,24,33
16545,98,3,25,31
17304,98,3,26,28
18067,98,2,27,25
18831,98,2,28,23
19600,98,2,29,21
20369,98,1,30,19
21140,98,3,31,18
21912,98,2,32,15
22690,98,5,33,13
23469,98,0,34,8
24249,98,2,35,8
25030,98,3,36,6
25811,98,1,37,3
26592,98,2,38,2
97,99,9,1,236
714,99,1,2,227
1341,99,14,3,226
1989,99,2,4,212
2648,99,8,5,210
3309,99,9,6,202
3973,99,8,7,193
4639,99,2,8,185
5306,99,15,9,183
5976,99,3,10,168
6650,99,5,11,165
7328,99,3,12,160
8012,99,2,13,157
8702,99,2,14,155
9395,99,13,15,153
10088,99,9,16,140
10789,99,2,17,131
11490,99,3,18,129
12195,99,7,19,126
12904,99,19,20,119
13615,99,2,21,100
14339,99,2,22,98
15068,99,7,23,96
15804,99,2,24,89
16546,99,3,25,87
17305,99,14,26,84
18068,99,5,27,70
18832,99,2,28,65
19601,99,6,29,63
20370,99,8,30,57
21141,99,3,31,49
21913,99,2,32,46
22691,99,18,33,44
23470,99,2,34,26
24250,99,5,35,24
25031,99,6,36,19
25812,99,5,37,13
26593,99,8,38,8
98,100,1,1,9
715,100,0,2,8
1342,100,0,3,8
1990,100,0,4,8
2649,100,0,5,8
3310,100,0,6,8
3974,100,0,7,8
4640,100,0,8,8
5307,100,0,9,8
5977,100,0,10,8
6651,100,0,11,8
7329,100,0,12,8
8013,100,0,13,8
8703,100,0,14,8
9396,100,1,15,8
10089,100,0,16,7
10790,100,0,17,7
11491,100,5,18,7
12196,100,0,19,2
12905,100,0,20,2
13616,100,0,21,2
14340,100,0,22,2
15069,100,1,23,2
15805,100,0,24,1
16547,100,0,25,1
17306,100,0,26,1
18069,100,0,27,1
18833,100,0,28,1
19602,100,1,29,1
20371,100,0,30,0
21142,100,0,31,0
21914,100,0,32,0
22692,100,0,33,0
23471,100,0,34,0
24251,100,0,35,0
25032,100,0,36,0
25813,100,0,37,0
26594,100,0,38,0
99,101,2,1,107
716,101,1,2,105
1343,101,2,3,104
1991,101,2,4,102
2650,101,0,5,100
3311,101,0,6,100
3975,101,7,7,100
4641,101,1,8,93
5308,101,2,9,92
5978,101,5,10,90
6652,101,2,11,85
7330,101,-2,12,83
8014,101,2,13,85
8704,101,0,14,83
9397,101,5,15,83
10090,101,2,16,78
10791,101,2,17,76
11492,101,3,18,74
12197,101,1,19,71
12906,101,3,20,70
13617,101,8,21,67
14341,101,1,22,59
15070,101,1,23,58
15806,101,2,24,57
16548,101,3,25,55
17307,101,6,26,52
18070,101,0,27,46
18834,101,2,28,46
19603,101,10,29,44
20372,101,2,30,34
21143,101,3,31,32
21915,101,1,32,29
22693,101,7,33,28
23472,101,2,34,21
24252,101,5,35,19
25033,101,2,36,14
25814,101,4,37,12
26595,101,8,38,8
100,102,1,1,2
717,102,1,2,1
1344,102,0,3,0
1992,102,0,4,0
2651,102,0,5,0
3312,102,0,6,0
3976,102,0,7,0
4642,102,0,8,0
5309,102,0,9,0
5979,102,0,10,0
6653,102,0,11,0
7331,102,0,12,0
8015,102,0,13,0
8705,102,0,14,0
9398,102,0,15,0
10091,102,0,16,0
10792,102,0,17,0
11493,102,0,18,0
12198,102,0,19,0
12907,102,0,20,0
13618,102,0,21,0
14342,102,0,22,0
15071,102,0,23,0
15807,102,0,24,0
16549,102,0,25,0
17308,102,0,26,0
18071,102,0,27,0
18835,102,0,28,0
19604,102,0,29,0
20373,102,0,30,0
21144,102,0,31,0
21916,102,0,32,0
22694,102,0,33,0
23473,102,0,34,0
24253,102,0,35,0
25034,102,0,36,0
25815,102,0,37,0
26596,102,0,38,0
101,103,0,1,0
718,103,0,2,0
1345,103,0,3,0
1993,103,0,4,0
2652,103,0,5,0
3313,103,0,6,0
3977,103,0,7,0
4643,103,0,8,0
5310,103,0,9,0
5980,103,0,10,0
6654,103,0,11,0
7332,103,0,12,0
8016,103,0,13,0
8706,103,0,14,0
9399,103,0,15,0
10092,103,0,16,0
10793,103,0,17,0
11494,103,0,18,0
12199,103,0,19,0
12908,103,0,20,0
13619,103,0,21,0
14343,103,0,22,0
15072,103,0,23,0
15808,103,0,24,0
16550,103,0,25,0
17309,103,0,26,0
18072,103,0,27,0
18836,103,0,28,0
19605,103,0,29,0
20374,103,0,30,0
21145,103,0,31,0
21917,103,0,32,0
22695,103,0,33,0
23474,103,0,34,0
24254,103,0,35,0
25035,103,0,36,0
25816,103,0,37,0
26597,103,0,38,0
102,104,0,1,47
719,104,1,2,47
1346,104,1,3,46
1994,104,1,4,45
2653,104,1,5,44
3314,104,2,6,43
3978,104,7,7,41
4644,104,7,8,34
5311,104,1,9,27
5981,104,1,10,26
6655,104,1,11,25
7333,104,6,12,24
8017,104,2,13,18
8707,104,0,14,16
9400,104,1,15,16
10093,104,1,16,15
10794,104,0,17,14
11495,104,0,18,14
12200,104,0,19,14
12909,104,0,20,14
13620,104,0,21,14
14344,104,0,22,14
15073,104,0,23,14
15809,104,0,24,14
16551,104,1,25,14
17310,104,6,26,13
18073,104,2,27,7
18837,104,2,28,5
19606,104,2,29,3
20375,104,1,30,1
21146,104,0,31,0
21918,104,0,32,0
22696,104,0,33,0
23475,104,0,34,0
24255,104,0,35,0
25036,104,0,36,0
25817,104,0,37,0
26598,104,0,38,0
103,105,2,1,36
720,105,1,2,34
1347,105,1,3,33
1995,105,1,4,32
2654,105,1,5,31
3315,105,0,6,30
3979,105,1,7,30
4645,105,1,8,29
5312,105,4,9,28
5982,105,0,10,24
6656,105,0,11,24
7334,105,0,12,24
8018,105,1,13,24
8708,105,1,14,23
9401,105,0,15,22
10094,105,2,16,22
10795,105,1,17,20
11496,105,6,18,19
12201,105,1,19,13
12910,105,6,20,12
13621,105,4,21,6
14345,105,0,22,2
15074,105,2,23,2
15810,105,0,24,0
16552,105,0,25,0
17311,105,0,26,0
18074,105,0,27,0
18838,105,0,28,0
19607,105,0,29,0
20376,105,0,30,0
21147,105,0,31,0
21919,105,0,32,0
22697,105,0,33,0
23476,105,0,34,0
24256,105,0,35,0
25037,105,0,36,0
25818,105,0,37,0
26599,105,0,38,0
104,106,2,1,149
721,106,1,2,147
1348,106,6,3,146
1996,106,1,4,140
2655,106,1,5,139
3316,106,1,6,138
3980,106,2,7,137
4646,106,2,8,135
5313,106,1,9,133
5983,106,1,10,132
6657,106,0,11,131
7335,106,1,12,131
8019,106,23,13,130
8709,106,5,14,107
9402,106,6,15,102
10095,106,3,16,96
10796,106,2,17,93
11497,106,3,18,91
12202,106,1,19,88
12911,106,8,20,87
13622,106,1,21,79
14346,106,1,22,78
15075,106,11,23,77
15811,106,2,24,66
16553,106,9,25,64
17312,106,3,26,55
18075,106,3,27,52
18839,106,2,28,49
19608,106,2,29,47
20377,106,2,30,45
21148,106,3,31,43
21920,106,1,32,40
22698,106,2,33,39
23477,106,8,34,37
24257,106,14,35,29
25038,106,11,36,15
25819,106,2,37,4
26600,106,2,38,2
105,107,0,1,9
722,107,0,2,9
1349,107,0,3,9
1997,107,0,4,9
2656,107,0,5,9
3317,107,0,6,9
3981,107,0,7,9
4647,107,0,8,9
5314,107,0,9,9
5984,107,0,10,9
6658,107,0,11,9
7336,107,1,12,9
8020,107,1,13,8
8710,107,1,14,7
9403,107,2,15,6
10096,107,0,16,4
10797,107,0,17,4
11498,107,0,18,4
12203,107,0,19,4
12912,107,0,20,4
13623,107,0,21,4
14347,107,0,22,4
15076,107,0,23,4
15812,107,0,24,4
16554,107,0,25,4
17313,107,0,26,4
18076,107,0,27,4
18840,107,0,28,4
19609,107,0,29,4
20378,107,0,30,4
21149,107,0,31,4
21921,107,0,32,4
22699,107,0,33,4
23478,107,0,34,4
24258,107,1,35,4
25039,107,1,36,3
25820,107,1,37,2
26601,107,1,38,1
106,108,0,1,0
723,108,0,2,0
1350,108,0,3,0
1998,108,0,4,0
2657,108,0,5,0
3318,108,0,6,0
3982,108,0,7,0
4648,108,0,8,0
5315,108,0,9,0
5985,108,0,10,0
6659,108,0,11,0
7337,108,0,12,0
8021,108,0,13,0
8711,108,0,14,0
9404,108,0,15,0
10097,108,0,16,0
10798,108,0,17,0
11499,108,0,18,0
12204,108,0,19,0
12913,108,0,20,0
13624,108,0,21,0
14348,108,0,22,0
15077,108,0,23,0
15813,108,0,24,0
16555,108,0,25,0
17314,108,0,26,0
18077,108,0,27,0
18841,108,0,28,0
19610,108,0,29,0
20379,108,0,30,0
21150,108,0,31,0
21922,108,0,32,0
22700,108,0,33,0
23479,108,0,34,0
24259,108,0,35,0
25040,108,0,36,0
25821,108,0,37,0
26602,108,0,38,0
107,109,0,1,2
724,109,0,2,2
1351,109,0,3,2
1999,109,0,4,2
2658,109,0,5,2
3319,109,0,6,2
3983,109,0,7,2
4649,109,0,8,2
5316,109,0,9,2
5986,109,0,10,2
6660,109,0,11,2
7338,109,0,12,2
8022,109,0,13,2
8712,109,0,14,2
9405,109,0,15,2
10098,109,0,16,2
10799,109,0,17,2
11500,109,1,18,2
12205,109,0,19,1
12914,109,0,20,1
13625,109,0,21,1
14349,109,0,22,1
15078,109,0,23,1
15814,109,1,24,1
16556,109,0,25,0
17315,109,0,26,0
18078,109,0,27,0
18842,109,0,28,0
19611,109,0,29,0
20380,109,0,30,0
21151,109,0,31,0
21923,109,0,32,0
22701,109,0,33,0
23480,109,0,34,0
24260,109,0,35,0
25041,109,0,36,0
25822,109,0,37,0
26603,109,0,38,0
108,110,11,1,185
725,110,2,2,174
1352,110,8,3,172
2000,110,7,4,164
2659,110,0,5,157
3320,110,0,6,157
3984,110,0,7,157
4650,110,1,8,157
5317,110,10,9,156
5987,110,2,10,146
6661,110,13,11,144
7339,110,2,12,131
8023,110,8,13,129
8713,110,2,14,121
9406,110,7,15,119
10099,110,2,16,112
10800,110,1,17,110
11501,110,2,18,109
12206,110,2,19,107
12915,110,11,20,105
13626,110,6,21,94
14350,110,2,22,88
15079,110,2,23,86
15815,110,2,24,84
16557,110,2,25,82
17316,110,8,26,80
18079,110,9,27,72
18843,110,2,28,63
19612,110,8,29,61
20381,110,5,30,53
21152,110,2,31,48
21924,110,9,32,46
22702,110,11,33,37
23481,110,7,34,26
24261,110,7,35,19
25042,110,1,36,12
25823,110,10,37,11
26604,110,1,38,1
109,111,0,1,43
726,111,0,2,43
1353,111,0,3,43
2001,111,1,4,43
2660,111,2,5,42
3321,111,0,6,40
3985,111,1,7,40
4651,111,1,8,39
5318,111,0,9,38
5988,111,1,10,38
6662,111,1,11,37
7340,111,1,12,36
8024,111,1,13,35
8714,111,2,14,34
9407,111,2,15,32
10100,111,2,16,30
10801,111,0,17,28
11502,111,0,18,28
12207,111,2,19,28
12916,111,1,20,26
13627,111,1,21,25
14351,111,2,22,24
15080,111,1,23,22
15816,111,0,24,21
16558,111,1,25,21
17317,111,1,26,20
18080,111,1,27,19
18844,111,0,28,18
19613,111,1,29,18
20382,111,2,30,17
21153,111,3,31,15
21925,111,0,32,12
22703,111,2,33,12
23482,111,2,34,10
24262,111,2,35,8
25043,111,2,36,6
25824,111,2,37,4
26605,111,2,38,2
110,112,0,1,0
727,112,0,2,0
1354,112,0,3,0
2002,112,0,4,0
2661,112,0,5,0
3322,112,0,6,0
3986,112,0,7,0
4652,112,0,8,0
5319,112,0,9,0
5989,112,0,10,0
6663,112,0,11,0
7341,112,0,12,0
8025,112,0,13,0
8715,112,0,14,0
9408,112,0,15,0
10101,112,0,16,0
10802,112,0,17,0
11503,112,0,18,0
12208,112,0,19,0
12917,112,0,20,0
13628,112,0,21,0
14352,112,0,22,0
15081,112,0,23,0
15817,112,0,24,0
16559,112,0,25,0
17318,112,0,26,0
18081,112,0,27,0
18845,112,0,28,0
19614,112,0,29,0
20383,112,0,30,0
21154,112,0,31,0
21926,112,0,32,0
22704,112,0,33,0
23483,112,0,34,0
24263,112,0,35,0
25044,112,0,36,0
25825,112,0,37,0
26606,112,0,38,0
111,113,6,1,60
728,113,4,2,54
1355,113,1,3,50
2003,113,1,4,49
2662,113,2,5,48
3323,113,0,6,46
3987,113,0,7,46
4653,113,0,8,46
5320,113,0,9,46
5990,113,1,10,46
6664,113,2,11,45
7342,113,1,12,43
8026,113,1,13,42
8716,113,2,14,41
9409,113,0,15,39
10102,113,1,16,39
10803,113,0,17,38
11504,113,1,18,38
12209,113,6,19,37
12918,113,2,20,31
13629,113,3,21,29
14353,113,0,22,26
15082,113,0,23,26
15818,113,1,24,26
16560,113,1,25,25
17319,113,1,26,24
18082,113,0,27,23
18846,113,1,28,23
19615,113,1,29,22
20384,113,2,30,21
21155,113,1,31,19
21927,113,5,32,18
22705,113,1,33,13
23484,113,2,34,12
24264,113,3,35,10
25045,113,4,36,7
25826,113,2,37,3
26607,113,1,38,1
112,114,0,1,0
729,114,0,2,0
1356,114,0,3,0
2004,114,0,4,0
2663,114,0,5,0
3324,114,0,6,0
3988,114,0,7,0
4654,114,0,8,0
5321,114,0,9,0
5991,114,0,10,0
6665,114,0,11,0
7343,114,0,12,0
8027,114,0,13,0
8717,114,0,14,0
9410,114,0,15,0
10103,114,0,16,0
10804,114,0,17,0
11505,114,0,18,0
12210,114,0,19,0
12919,114,0,20,0
13630,114,0,21,0
14354,114,0,22,0
15083,114,0,23,0
15819,114,0,24,0
16561,114,0,25,0
17320,114,0,26,0
18083,114,0,27,0
18847,114,0,28,0
19616,114,0,29,0
20385,114,0,30,0
21156,114,0,31,0
21928,114,0,32,0
22706,114,0,33,0
23485,114,0,34,0
24265,114,0,35,0
25046,114,0,36,0
25827,114,0,37,0
26608,114,0,38,0
113,115,0,1,87
730,115,1,2,87
1357,115,2,3,86
2005,115,3,4,84
2664,115,1,5,81
3325,115,12,6,80
3989,115,2,7,68
4655,115,3,8,66
5322,115,3,9,63
5992,115,0,10,60
6666,115,1,11,60
7344,115,-2,12,59
8028,115,0,13,61
8718,115,9,14,61
9411,115,0,15,52
10104,115,2,16,52
10805,115,2,17,50
11506,115,3,18,48
12211,115,1,19,45
12920,115,2,20,44
13631,115,3,21,42
14355,115,1,22,39
15084,115,1,23,38
15820,115,0,24,37
16562,115,3,25,37
17321,115,3,26,34
18084,115,2,27,31
18848,115,2,28,29
19617,115,1,29,27
20386,115,1,30,26
21157,115,2,31,25
21929,115,2,32,23
22707,115,2,33,21
23486,115,10,34,19
24266,115,2,35,9
25047,115,3,36,7
25828,115,2,37,4
26609,115,2,38,2
114,116,0,1,0
731,116,0,2,0
1358,116,0,3,0
2006,116,0,4,0
2665,116,0,5,0
3326,116,0,6,0
3990,116,0,7,0
4656,116,0,8,0
5323,116,0,9,0
5993,116,0,10,0
6667,116,0,11,0
7345,116,0,12,0
8029,116,0,13,0
8719,116,0,14,0
9412,116,0,15,0
10105,116,0,16,0
10806,116,0,17,0
11507,116,0,18,0
12212,116,0,19,0
12921,116,0,20,0
13632,116,0,21,0
14356,116,0,22,0
15085,116,0,23,0
15821,116,0,24,0
16563,116,0,25,0
17322,116,0,26,0
18085,116,0,27,0
18849,116,0,28,0
19618,116,0,29,0
20387,116,0,30,0
21158,116,0,31,0
21930,116,0,32,0
22708,116,0,33,0
23487,116,0,34,0
24267,116,0,35,0
25048,116,0,36,0
25829,116,0,37,0
26610,116,0,38,0
115,117,2,1,75
732,117,5,2,73
1359,117,6,3,68
2007,117,0,4,62
2666,117,0,5,62
3327,117,4,6,62
3991,117,11,7,58
4657,117,6,8,47
5324,117,2,9,41
5994,117,1,10,39
6668,117,1,11,38
7346,117,0,12,37
8030,117,8,13,37
8720,117,3,14,29
9413,117,0,15,26
10106,117,1,16,26
10807,117,1,17,25
11508,117,1,18,24
12213,117,2,19,23
12922,117,1,20,21
13633,117,2,21,20
14357,117,1,22,18
15086,117,0,23,17
15822,117,0,24,17
16564,117,1,25,17
17323,117,0,26,16
18086,117,2,27,16
18850,117,1,28,14
19619,117,1,29,13
20388,117,1,30,12
21159,117,1,31,11
21931,117,0,32,10
22709,117,1,33,10
23488,117,1,34,9
24268,117,0,35,8
25049,117,7,36,8
25830,117,0,37,1
26611,117,1,38,1
116,118,0,1,0
733,118,0,2,0
1360,118,0,3,0
2008,118,0,4,0
2667,118,0,5,0
3328,118,0,6,0
3992,118,0,7,0
4658,118,0,8,0
5325,118,0,9,0
5995,118,0,10,0
6669,118,0,11,0
7347,118,0,12,0
8031,118,0,13,0
8721,118,0,14,0
9414,118,0,15,0
10107,118,0,16,0
10808,118,0,17,0
11509,118,0,18,0
12214,118,0,19,0
12923,118,0,20,0
13634,118,0,21,0
14358,118,0,22,0
15087,118,0,23,0
15823,118,0,24,0
16565,118,0,25,0
17324,118,0,26,0
18087,118,0,27,0
18851,118,0,28,0
19620,118,0,29,0
20389,118,0,30,0
21160,118,0,31,0
21932,118,0,32,0
22710,118,0,33,0
23489,118,0,34,0
24269,118,0,35,0
25050,118,0,36,0
25831,118,0,37,0
26612,118,0,38,0
117,119,0,1,0
734,119,0,2,0
1361,119,0,3,0
2009,119,0,4,0
2668,119,0,5,0
3329,119,0,6,0
3993,119,0,7,0
4659,119,0,8,0
5326,119,0,9,0
5996,119,0,10,0
6670,119,0,11,0
7348,119,0,12,0
8032,119,0,13,0
8722,119,0,14,0
9415,119,0,15,0
10108,119,0,16,0
10809,119,0,17,0
11510,119,0,18,0
12215,119,0,19,0
12924,119,0,20,0
13635,119,0,21,0
14359,119,0,22,0
15088,119,0,23,0
15824,119,0,24,0
16566,119,0,25,0
17325,119,0,26,0
18088,119,0,27,0
18852,119,0,28,0
19621,119,0,29,0
20390,119,0,30,0
21161,119,0,31,0
21933,119,0,32,0
22711,119,0,33,0
23490,119,0,34,0
24270,119,0,35,0
25051,119,0,36,0
25832,119,0,37,0
26613,119,0,38,0
118,120,6,1,44
735,120,2,2,38
1362,120,2,3,36
2010,120,6,4,34
2669,120,0,5,28
3330,120,-1,6,28
3994,120,1,7,29
4660,120,6,8,28
5327,120,0,9,22
5997,120,0,10,22
6671,120,0,11,22
7349,120,0,12,22
8033,120,1,13,22
8723,120,0,14,21
9416,120,1,15,21
10109,120,0,16,20
10810,120,5,17,20
11511,120,6,18,15
12216,120,1,19,9
12925,120,0,20,8
13636,120,1,21,8
14360,120,2,22,7
15089,120,2,23,5
15825,120,-3,24,3
16567,120,0,25,6
17326,120,0,26,6
18089,120,0,27,6
18853,120,0,28,6
19622,120,0,29,6
20391,120,2,30,6
21162,120,1,31,4
21934,120,0,32,3
22712,120,0,33,3
23491,120,1,34,3
24271,120,2,35,2
25052,120,0,36,0
25833,120,0,37,0
26614,120,0,38,0
119,121,0,1,59
736,121,1,2,59
1363,121,1,3,58
2011,121,1,4,57
2670,121,0,5,56
3331,121,1,6,56
3995,121,1,7,55
4661,121,1,8,54
5328,121,1,9,53
5998,121,0,10,52
6672,121,0,11,52
7350,121,0,12,52
8034,121,0,13,52
8724,121,0,14,52
9417,121,0,15,52
10110,121,1,16,52
10811,121,1,17,51
11512,121,3,18,50
12217,121,1,19,47
12926,121,0,20,46
13637,121,0,21,46
14361,121,1,22,46
15090,121,3,23,45
15826,121,2,24,42
16568,121,1,25,40
17327,121,0,26,39
18090,121,0,27,39
18854,121,2,28,39
19623,121,2,29,37
20392,121,5,30,35
21163,121,1,31,30
21935,121,13,32,29
22713,121,1,33,16
23492,121,2,34,15
24272,121,9,35,13
25053,121,2,36,4
25834,121,2,37,2
26615,121,0,38,0
120,122,0,1,63
737,122,0,2,63
1364,122,1,3,63
2012,122,0,4,62
2671,122,1,5,62
3332,122,-1,6,61
3996,122,1,7,62
4662,122,1,8,61
5329,122,0,9,60
5999,122,1,10,60
6673,122,2,11,59
7351,122,2,12,57
8035,122,4,13,55
8725,122,1,14,51
9418,122,5,15,50
10111,122,1,16,45
10812,122,1,17,44
11513,122,6,18,43
12218,122,0,19,37
12927,122,2,20,37
13638,122,9,21,35
14362,122,2,22,26
15091,122,0,23,24
15827,122,0,24,24
16569,122,0,25,24
17328,122,1,26,24
18091,122,2,27,23
18855,122,2,28,21
19624,122,7,29,19
20393,122,1,30,12
21164,122,1,31,11
21936,122,0,32,10
22714,122,-1,33,10
23493,122,1,34,11
24273,122,2,35,10
25054,122,7,36,8
25835,122,1,37,1
26616,122,0,38,0
121,123,0,1,27
738,123,0,2,27
1365,123,0,3,27
2013,123,1,4,27
2672,123,1,5,26
3333,123,1,6,25
3997,123,0,7,24
4663,123,1,8,24
5330,123,7,9,23
6000,123,1,10,16
6674,123,0,11,15
7352,123,1,12,15
8036,123,1,13,14
8726,123,1,14,13
9419,123,2,15,12
10112,123,1,16,10
10813,123,1,17,9
11514,123,0,18,8
12219,123,0,19,8
12928,123,0,20,8
13639,123,0,21,8
14363,123,0,22,8
15092,123,0,23,8
15828,123,0,24,8
16570,123,1,25,8
17329,123,1,26,7
18092,123,1,27,6
18856,123,1,28,5
19625,123,1,29,4
20394,123,1,30,3
21165,123,0,31,2
21937,123,0,32,2
22715,123,1,33,2
23494,123,0,34,1
24274,123,1,35,1
25055,123,0,36,0
25836,123,0,37,0
26617,123,0,38,0
122,124,1,1,3
739,124,2,2,2
1366,124,0,3,0
2014,124,0,4,0
2673,124,0,5,0
3334,124,0,6,0
3998,124,0,7,0
4664,124,0,8,0
5331,124,0,9,0
6001,124,0,10,0
6675,124,0,11,0
7353,124,0,12,0
8037,124,0,13,0
8727,124,0,14,0
9420,124,0,15,0
10113,124,0,16,0
10814,124,0,17,0
11515,124,0,18,0
12220,124,0,19,0
12929,124,0,20,0
13640,124,0,21,0
14364,124,0,22,0
15093,124,0,23,0
15829,124,0,24,0
16571,124,0,25,0
17330,124,0,26,0
18093,124,0,27,0
18857,124,0,28,0
19626,124,0,29,0
20395,124,0,30,0
21166,124,0,31,0
21938,124,0,32,0
22716,124,0,33,0
23495,124,0,34,0
24275,124,0,35,0
25056,124,0,36,0
25837,124,0,37,0
26618,124,0,38,0
123,125,0,1,0
740,125,0,2,0
1367,125,0,3,0
2015,125,0,4,0
2674,125,0,5,0
3335,125,0,6,0
3999,125,0,7,0
4665,125,0,8,0
5332,125,0,9,0
6002,125,0,10,0
6676,125,0,11,0
7354,125,0,12,0
8038,125,0,13,0
8728,125,0,14,0
9421,125,0,15,0
10114,125,0,16,0
10815,125,0,17,0
11516,125,0,18,0
12221,125,0,19,0
12930,125,0,20,0
13641,125,0,21,0
14365,125,0,22,0
15094,125,0,23,0
15830,125,0,24,0
16572,125,0,25,0
17331,125,0,26,0
18094,125,0,27,0
18858,125,0,28,0
19627,125,0,29,0
20396,125,0,30,0
21167,125,0,31,0
21939,125,0,32,0
22717,125,0,33,0
23496,125,0,34,0
24276,125,0,35,0
25057,125,0,36,0
25838,125,0,37,0
26619,125,0,38,0
124,126,3,1,89
741,126,2,2,86
1368,126,2,3,84
2016,126,2,4,82
2675,126,10,5,80
3336,126,2,6,70
4000,126,2,7,68
4666,126,2,8,66
5333,126,0,9,64
6003,126,2,10,64
6677,126,1,11,62
7355,126,0,12,61
8039,126,0,13,61
8729,126,0,14,61
9422,126,0,15,61
10115,126,0,16,61
10816,126,0,17,61
11517,126,0,18,61
12222,126,0,19,61
12931,126,0,20,61
13642,126,0,21,61
14366,126,0,22,61
15095,126,1,23,61
15831,126,0,24,60
16573,126,3,25,60
17332,126,10,26,57
18095,126,1,27,47
18859,126,2,28,46
19628,126,5,29,44
20397,126,1,30,39
21168,126,2,31,38
21940,126,2,32,36
22718,126,5,33,34
23497,126,4,34,29
24277,126,3,35,25
25058,126,1,36,22
25839,126,6,37,21
26620,126,15,38,15
125,127,0,1,0
742,127,0,2,0
1369,127,0,3,0
2017,127,0,4,0
2676,127,0,5,0
3337,127,0,6,0
4001,127,0,7,0
4667,127,0,8,0
5334,127,0,9,0
6004,127,0,10,0
6678,127,0,11,0
7356,127,0,12,0
8040,127,0,13,0
8730,127,0,14,0
9423,127,0,15,0
10116,127,0,16,0
10817,127,0,17,0
11518,127,0,18,0
12223,127,0,19,0
12932,127,0,20,0
13643,127,0,21,0
14367,127,0,22,0
15096,127,0,23,0
15832,127,0,24,0
16574,127,0,25,0
17333,127,0,26,0
18096,127,0,27,0
18860,127,0,28,0
19629,127,0,29,0
20398,127,0,30,0
21169,127,0,31,0
21941,127,0,32,0
22719,127,0,33,0
23498,127,0,34,0
24278,127,0,35,0
25059,127,0,36,0
25840,127,0,37,0
26621,127,0,38,0
126,128,0,1,18
743,128,0,2,18
1370,128,0,3,18
2018,128,0,4,18
2677,128,0,5,18
3338,128,1,6,18
4002,128,0,7,17
4668,128,6,8,17
5335,128,0,9,11
6005,128,1,10,11
6679,128,1,11,10
7357,128,2,12,9
8041,128,2,13,7
8731,128,1,14,5
9424,128,1,15,4
10117,128,0,16,3
10818,128,0,17,3
11519,128,0,18,3
12224,128,0,19,3
12933,128,2,20,3
13644,128,0,21,1
14368,128,0,22,1
15097,128,0,23,1
15833,128,0,24,1
16575,128,0,25,1
17334,128,0,26,1
18097,128,0,27,1
18861,128,0,28,1
19630,128,0,29,1
20399,128,0,30,1
21170,128,0,31,1
21942,128,0,32,1
22720,128,0,33,1
23499,128,0,34,1
24279,128,0,35,1
25060,128,0,36,1
25841,128,0,37,1
26622,128,1,38,1
127,129,2,1,126
744,129,8,2,124
1371,129,8,3,116
2019,129,0,4,108
2678,129,1,5,108
3339,129,0,6,107
4003,129,0,7,107
4669,129,0,8,107
5336,129,0,9,107
6006,129,0,10,107
6680,129,11,11,107
7358,129,12,12,96
8042,129,2,13,84
8732,129,5,14,82
9425,129,2,15,77
10118,129,2,16,75
10819,129,2,17,73
11520,129,2,18,71
12225,129,9,19,69
12934,129,9,20,60
13645,129,1,21,51
14369,129,2,22,50
15098,129,1,23,48
15834,129,1,24,47
16576,129,1,25,46
17335,129,12,26,45
18098,129,8,27,33
18862,129,9,28,25
19631,129,1,29,16
20400,129,2,30,15
21171,129,1,31,13
21943,129,13,32,12
22721,129,-1,33,-1
23500,129,0,34,0
24280,129,0,35,0
25061,129,0,36,0
25842,129,0,37,0
26623,129,0,38,0
128,130,0,1,0
745,130,0,2,0
1372,130,0,3,0
2020,130,0,4,0
2679,130,0,5,0
3340,130,0,6,0
4004,130,0,7,0
4670,130,0,8,0
5337,130,0,9,0
6007,130,0,10,0
6681,130,0,11,0
7359,130,0,12,0
8043,130,0,13,0
8733,130,0,14,0
9426,130,0,15,0
10119,130,0,16,0
10820,130,0,17,0
11521,130,0,18,0
12226,130,0,19,0
12935,130,0,20,0
13646,130,0,21,0
14370,130,0,22,0
15099,130,0,23,0
15835,130,0,24,0
16577,130,0,25,0
17336,130,0,26,0
18099,130,0,27,0
18863,130,0,28,0
19632,130,0,29,0
20401,130,0,30,0
21172,130,0,31,0
21944,130,0,32,0
22722,130,0,33,0
23501,130,0,34,0
24281,130,0,35,0
25062,130,0,36,0
25843,130,0,37,0
26624,130,0,38,0
129,131,0,1,42
746,131,0,2,42
1373,131,0,3,42
2021,131,0,4,42
2680,131,0,5,42
3341,131,0,6,42
4005,131,0,7,42
4671,131,0,8,42
5338,131,3,9,42
6008,131,0,10,39
6682,131,0,11,39
7360,131,0,12,39
8044,131,5,13,39
8734,131,0,14,34
9427,131,8,15,34
10120,131,0,16,26
10821,131,1,17,26
11522,131,0,18,25
12227,131,7,19,25
12936,131,0,20,18
13647,131,0,21,18
14371,131,1,22,18
15100,131,2,23,17
15836,131,-1,24,15
16578,131,6,25,16
17337,131,6,26,10
18100,131,2,27,4
18864,131,0,28,2
19633,131,0,29,2
20402,131,0,30,2
21173,131,0,31,2
21945,131,0,32,2
22723,131,0,33,2
23502,131,0,34,2
24282,131,1,35,2
25063,131,1,36,1
25844,131,0,37,0
26625,131,0,38,0
130,132,0,1,7
747,132,0,2,7
1374,132,0,3,7
2022,132,0,4,7
2681,132,0,5,7
3342,132,0,6,7
4006,132,0,7,7
4672,132,0,8,7
5339,132,0,9,7
6009,132,0,10,7
6683,132,0,11,7
7361,132,0,12,7
8045,132,0,13,7
8735,132,0,14,7
9428,132,0,15,7
10121,132,0,16,7
10822,132,0,17,7
11523,132,1,18,7
12228,132,0,19,6
12937,132,0,20,6
13648,132,0,21,6
14372,132,0,22,6
15101,132,0,23,6
15837,132,0,24,6
16579,132,0,25,6
17338,132,0,26,6
18101,132,1,27,6
18865,132,1,28,5
19634,132,0,29,4
20403,132,0,30,4
21174,132,0,31,4
21946,132,1,32,4
22724,132,1,33,3
23503,132,2,34,2
24283,132,0,35,0
25064,132,0,36,0
25845,132,0,37,0
26626,132,0,38,0
131,133,0,1,0
748,133,0,2,0
1375,133,0,3,0
2023,133,0,4,0
2682,133,0,5,0
3343,133,0,6,0
4007,133,0,7,0
4673,133,0,8,0
5340,133,0,9,0
6010,133,0,10,0
6684,133,0,11,0
7362,133,0,12,0
8046,133,0,13,0
8736,133,0,14,0
9429,133,0,15,0
10122,133,0,16,0
10823,133,0,17,0
11524,133,0,18,0
12229,133,0,19,0
12938,133,0,20,0
13649,133,0,21,0
14373,133,0,22,0
15102,133,0,23,0
15838,133,0,24,0
16580,133,0,25,0
17339,133,0,26,0
18102,133,0,27,0
18866,133,0,28,0
19635,133,0,29,0
20404,133,0,30,0
21175,133,0,31,0
21947,133,0,32,0
22725,133,0,33,0
23504,133,0,34,0
24284,133,0,35,0
25065,133,0,36,0
25846,133,0,37,0
26627,133,0,38,0
132,134,2,1,6
749,134,2,2,4
1376,134,1,3,2
2024,134,0,4,1
2683,134,0,5,1
3344,134,0,6,1
4008,134,0,7,1
4674,134,0,8,1
5341,134,0,9,1
6011,134,0,10,1
6685,134,0,11,1
7363,134,0,12,1
8047,134,0,13,1
8737,134,0,14,1
9430,134,0,15,1
10123,134,0,16,1
10824,134,0,17,1
11525,134,0,18,1
12230,134,0,19,1
12939,134,0,20,1
13650,134,0,21,1
14374,134,0,22,1
15103,134,0,23,1
15839,134,0,24,1
16581,134,0,25,1
17340,134,0,26,1
18103,134,0,27,1
18867,134,0,28,1
19636,134,0,29,1
20405,134,0,30,1
21176,134,0,31,1
21948,134,0,32,1
22726,134,0,33,1
23505,134,0,34,1
24285,134,0,35,1
25066,134,0,36,1
25847,134,0,37,1
26628,134,1,38,1
133,135,4,1,102
750,135,2,2,98
1377,135,4,3,96
2025,135,2,4,92
2684,135,1,5,90
3345,135,1,6,89
4009,135,7,7,88
4675,135,0,8,81
5342,135,0,9,81
6012,135,0,10,81
6686,135,0,11,81
7364,135,0,12,81
8048,135,1,13,81
8738,135,1,14,80
9431,135,6,15,79
10124,135,2,16,73
10825,135,1,17,71
11526,135,1,18,70
12231,135,1,19,69
12940,135,0,20,68
13651,135,1,21,68
14375,135,12,22,67
15104,135,0,23,55
15840,135,2,24,55
16582,135,15,25,53
17341,135,6,26,38
18104,135,2,27,32
18868,135,2,28,30
19637,135,2,29,28
20406,135,0,30,26
21177,135,5,31,26
21949,135,2,32,21
22727,135,2,33,19
23506,135,1,34,17
24286,135,9,35,16
25067,135,3,36,7
25848,135,2,37,4
26629,135,2,38,2
134,136,8,1,145
751,136,6,2,137
1378,136,2,3,131
2026,136,3,4,129
2685,136,5,5,126
3346,136,2,6,121
4010,136,5,7,119
4676,136,1,8,114
5343,136,2,9,113
6013,136,2,10,111
6687,136,2,11,109
7365,136,9,12,107
8049,136,10,13,98
8739,136,2,14,88
9432,136,2,15,86
10125,136,2,16,84
10826,136,2,17,82
11527,136,3,18,80
12232,136,1,19,77
12941,136,1,20,76
13652,136,10,21,75
14376,136,12,22,65
15105,136,2,23,53
15841,136,1,24,51
16583,136,10,25,50
17342,136,8,26,40
18105,136,2,27,32
18869,136,2,28,30
19638,136,1,29,28
20407,136,2,30,27
21178,136,2,31,25
21950,136,0,32,23
22728,136,6,33,23
23507,136,6,34,17
24287,136,0,35,11
25068,136,1,36,11
25849,136,6,37,10
26630,136,4,38,4
135,137,0,1,4
752,137,0,2,4
1379,137,0,3,4
2027,137,0,4,4
2686,137,0,5,4
3347,137,0,6,4
4011,137,0,7,4
4677,137,0,8,4
5344,137,0,9,4
6014,137,1,10,4
6688,137,1,11,3
7366,137,0,12,2
8050,137,0,13,2
8740,137,0,14,2
9433,137,0,15,2
10126,137,0,16,2
10827,137,0,17,2
11528,137,0,18,2
12233,137,1,19,2
12942,137,0,20,1
13653,137,1,21,1
14377,137,0,22,0
15106,137,0,23,0
15842,137,0,24,0
16584,137,0,25,0
17343,137,0,26,0
18106,137,0,27,0
18870,137,0,28,0
19639,137,0,29,0
20408,137,0,30,0
21179,137,0,31,0
21951,137,0,32,0
22729,137,0,33,0
23508,137,0,34,0
24288,137,0,35,0
25069,137,0,36,0
25850,137,0,37,0
26631,137,0,38,0
136,138,0,1,0
753,138,0,2,0
1380,138,0,3,0
2028,138,0,4,0
2687,138,0,5,0
3348,138,0,6,0
4012,138,0,7,0
4678,138,0,8,0
5345,138,0,9,0
6015,138,0,10,0
6689,138,0,11,0
7367,138,0,12,0
8051,138,0,13,0
8741,138,0,14,0
9434,138,0,15,0
10127,138,0,16,0
10828,138,0,17,0
11529,138,0,18,0
12234,138,0,19,0
12943,138,0,20,0
13654,138,0,21,0
14378,138,0,22,0
15107,138,0,23,0
15843,138,0,24,0
16585,138,0,25,0
17344,138,0,26,0
18107,138,0,27,0
18871,138,0,28,0
19640,138,0,29,0
20409,138,0,30,0
21180,138,0,31,0
21952,138,0,32,0
22730,138,0,33,0
23509,138,0,34,0
24289,138,0,35,0
25070,138,0,36,0
25851,138,0,37,0
26632,138,0,38,0
137,139,0,1,0
754,139,0,2,0
1381,139,0,3,0
2029,139,0,4,0
2688,139,0,5,0
3349,139,0,6,0
4013,139,0,7,0
4679,139,0,8,0
5346,139,0,9,0
6016,139,0,10,0
6690,139,0,11,0
7368,139,0,12,0
8052,139,0,13,0
8742,139,0,14,0
9435,139,0,15,0
10128,139,0,16,0
10829,139,0,17,0
11530,139,0,18,0
12235,139,0,19,0
12944,139,0,20,0
13655,139,0,21,0
14379,139,0,22,0
15108,139,0,23,0
15844,139,0,24,0
16586,139,0,25,0
17345,139,0,26,0
18108,139,0,27,0
18872,139,0,28,0
19641,139,0,29,0
20410,139,0,30,0
21181,139,0,31,0
21953,139,0,32,0
22731,139,0,33,0
23510,139,0,34,0
24290,139,0,35,0
25071,139,0,36,0
25852,139,0,37,0
26633,139,0,38,0
138,140,0,1,0
755,140,0,2,0
1382,140,0,3,0
2030,140,0,4,0
2689,140,0,5,0
3350,140,0,6,0
4014,140,0,7,0
4680,140,0,8,0
5347,140,0,9,0
6017,140,0,10,0
6691,140,0,11,0
7369,140,0,12,0
8053,140,0,13,0
8743,140,0,14,0
9436,140,0,15,0
10129,140,0,16,0
10830,140,0,17,0
11531,140,0,18,0
12236,140,0,19,0
12945,140,0,20,0
13656,140,0,21,0
14380,140,0,22,0
15109,140,0,23,0
15845,140,0,24,0
16587,140,0,25,0
17346,140,0,26,0
18109,140,0,27,0
18873,140,0,28,0
19642,140,0,29,0
20411,140,0,30,0
21182,140,0,31,0
21954,140,0,32,0
22732,140,0,33,0
23511,140,0,34,0
24291,140,0,35,0
25072,140,0,36,0
25853,140,0,37,0
26634,140,0,38,0
139,141,1,1,1
756,141,0,2,0
1383,141,0,3,0
2031,141,0,4,0
2690,141,0,5,0
3351,141,0,6,0
4015,141,0,7,0
4681,141,0,8,0
5348,141,0,9,0
6018,141,0,10,0
6692,141,0,11,0
7370,141,0,12,0
8054,141,0,13,0
8744,141,0,14,0
9437,141,0,15,0
10130,141,0,16,0
10831,141,0,17,0
11532,141,0,18,0
12237,141,0,19,0
12946,141,0,20,0
13657,141,0,21,0
14381,141,0,22,0
15110,141,0,23,0
15846,141,0,24,0
16588,141,0,25,0
17347,141,0,26,0
18110,141,0,27,0
18874,141,0,28,0
19643,141,0,29,0
20412,141,0,30,0
21183,141,0,31,0
21955,141,0,32,0
22733,141,0,33,0
23512,141,0,34,0
24292,141,0,35,0
25073,141,0,36,0
25854,141,0,37,0
26635,141,0,38,0
140,142,7,1,9
757,142,2,2,2
1384,142,0,3,0
2032,142,0,4,0
2691,142,0,5,0
3352,142,0,6,0
4016,142,0,7,0
4682,142,0,8,0
5349,142,0,9,0
6019,142,0,10,0
6693,142,0,11,0
7371,142,0,12,0
8055,142,0,13,0
8745,142,0,14,0
9438,142,0,15,0
10131,142,0,16,0
10832,142,0,17,0
11533,142,0,18,0
12238,142,0,19,0
12947,142,0,20,0
13658,142,0,21,0
14382,142,0,22,0
15111,142,0,23,0
15847,142,0,24,0
16589,142,0,25,0
17348,142,0,26,0
18111,142,0,27,0
18875,142,0,28,0
19644,142,0,29,0
20413,142,0,30,0
21184,142,0,31,0
21956,142,0,32,0
22734,142,0,33,0
23513,142,0,34,0
24293,142,0,35,0
25074,142,0,36,0
25855,142,0,37,0
26636,142,0,38,0
141,143,0,1,0
758,143,0,2,0
1385,143,0,3,0
2033,143,0,4,0
2692,143,0,5,0
3353,143,0,6,0
4017,143,0,7,0
4683,143,0,8,0
5350,143,0,9,0
6020,143,0,10,0
6694,143,0,11,0
7372,143,0,12,0
8056,143,0,13,0
8746,143,0,14,0
9439,143,0,15,0
10132,143,0,16,0
10833,143,0,17,0
11534,143,0,18,0
12239,143,0,19,0
12948,143,0,20,0
13659,143,0,21,0
14383,143,0,22,0
15112,143,0,23,0
15848,143,0,24,0
16590,143,0,25,0
17349,143,0,26,0
18112,143,0,27,0
18876,143,0,28,0
19645,143,0,29,0
20414,143,0,30,0
21185,143,0,31,0
21957,143,0,32,0
22735,143,0,33,0
23514,143,0,34,0
24294,143,0,35,0
25075,143,0,36,0
25856,143,0,37,0
26637,143,0,38,0
142,144,6,1,87
759,144,1,2,81
1386,144,2,3,80
2034,144,6,4,78
2693,144,4,5,72
3354,144,0,6,68
4018,144,0,7,68
4684,144,1,8,68
5351,144,1,9,67
6021,144,1,10,66
6695,144,1,11,65
7373,144,1,12,64
8057,144,2,13,63
8747,144,1,14,61
9440,144,1,15,60
10133,144,1,16,59
10834,144,2,17,58
11535,144,9,18,56
12240,144,1,19,47
12949,144,2,20,46
13660,144,7,21,44
14384,144,2,22,37
15113,144,2,23,35
15849,144,-1,24,33
16591,144,6,25,34
17350,144,7,26,28
18113,144,1,27,21
18877,144,9,28,20
19646,144,1,29,11
20415,144,1,30,10
21186,144,-2,31,9
21958,144,0,32,11
22736,144,-1,33,11
23515,144,0,34,12
24295,144,2,35,12
25076,144,7,36,10
25857,144,1,37,3
26638,144,2,38,2
143,145,8,1,59
760,145,2,2,51
1387,145,2,3,49
2035,145,7,4,47
2694,145,1,5,40
3355,145,0,6,39
4019,145,1,7,39
4685,145,7,8,38
5352,145,1,9,31
6022,145,1,10,30
6696,145,2,11,29
7374,145,2,12,27
8058,145,0,13,25
8748,145,0,14,25
9441,145,0,15,25
10134,145,0,16,25
10835,145,1,17,25
11536,145,8,18,24
12241,145,0,19,16
12950,145,1,20,16
13661,145,5,21,15
14385,145,2,22,10
15114,145,2,23,8
15850,145,-1,24,6
16592,145,6,25,7
17351,145,0,26,1
18114,145,0,27,1
18878,145,0,28,1
19647,145,0,29,1
20416,145,0,30,1
21187,145,0,31,1
21959,145,0,32,1
22737,145,0,33,1
23516,145,0,34,1
24296,145,1,35,1
25077,145,0,36,0
25858,145,0,37,0
26639,145,0,38,0
144,146,0,1,103
761,146,0,2,103
1388,146,4,3,103
2036,146,5,4,99
2695,146,1,5,94
3356,146,0,6,93
4020,146,0,7,93
4686,146,10,8,93
5353,146,2,9,83
6023,146,3,10,81
6697,146,3,11,78
7375,146,3,12,75
8059,146,2,13,72
8749,146,1,14,70
9442,146,1,15,69
10135,146,1,16,68
10836,146,3,17,67
11537,146,9,18,64
12242,146,2,19,55
12951,146,2,20,53
13662,146,7,21,51
14386,146,2,22,44
15115,146,1,23,42
15851,146,-1,24,41
16593,146,10,25,42
17352,146,6,26,32
18115,146,3,27,26
18879,146,2,28,23
19648,146,0,29,21
20417,146,1,30,21
21188,146,1,31,20
21960,146,2,32,19
22738,146,1,33,17
23517,146,1,34,16
24297,146,3,35,15
25078,146,8,36,12
25859,146,2,37,4
26640,146,2,38,2
145,147,1,1,39
762,147,0,2,38
1389,147,0,3,38
2037,147,0,4,38
2696,147,0,5,38
3357,147,-1,6,38
4021,147,1,7,39
4687,147,0,8,38
5354,147,0,9,38
6024,147,0,10,38
6698,147,0,11,38
7376,147,0,12,38
8060,147,0,13,38
8750,147,0,14,38
9443,147,0,15,38
10136,147,0,16,38
10837,147,0,17,38
11538,147,0,18,38
12243,147,0,19,38
12952,147,1,20,38
13663,147,6,21,37
14387,147,0,22,31
15116,147,1,23,31
15852,147,0,24,30
16594,147,6,25,30
17353,147,6,26,24
18116,147,2,27,18
18880,147,2,28,16
19649,147,1,29,14
20418,147,0,30,13
21189,147,0,31,13
21961,147,0,32,13
22739,147,0,33,13
23518,147,0,34,13
24298,147,0,35,13
25079,147,8,36,13
25860,147,0,37,5
26641,147,5,38,5
146,148,12,1,125
763,148,9,2,113
1390,148,2,3,104
2038,148,2,4,102
2697,148,6,5,100
3358,148,2,6,94
4022,148,8,7,92
4688,148,9,8,84
5355,148,7,9,75
6025,148,5,10,68
6699,148,2,11,63
7377,148,2,12,61
8061,148,2,13,59
8751,148,0,14,57
9444,148,1,15,57
10137,148,0,16,56
10838,148,0,17,56
11539,148,0,18,56
12244,148,0,19,56
12953,148,0,20,56
13664,148,1,21,56
14388,148,2,22,55
15117,148,2,23,53
15853,148,1,24,51
16595,148,8,25,50
17354,148,0,26,42
18117,148,7,27,42
18881,148,1,28,35
19650,148,1,29,34
20419,148,0,30,33
21190,148,9,31,33
21962,148,2,32,24
22740,148,5,33,22
23519,148,2,34,17
24299,148,1,35,15
25080,148,9,36,14
25861,148,5,37,5
26642,148,0,38,0
147,149,6,1,52
764,149,0,2,46
1391,149,0,3,46
2039,149,0,4,46
2698,149,1,5,46
3359,149,1,6,45
4023,149,1,7,44
4689,149,1,8,43
5356,149,1,9,42
6026,149,1,10,41
6700,149,0,11,40
7378,149,1,12,40
8062,149,0,13,39
8752,149,2,14,39
9445,149,3,15,37
10138,149,1,16,34
10839,149,9,17,33
11540,149,0,18,24
12245,149,0,19,24
12954,149,0,20,24
13665,149,0,21,24
14389,149,0,22,24
15118,149,0,23,24
15854,149,0,24,24
16596,149,0,25,24
17355,149,1,26,24
18118,149,0,27,23
18882,149,1,28,23
19651,149,0,29,22
20420,149,1,30,22
21191,149,1,31,21
21963,149,0,32,20
22741,149,6,33,20
23520,149,2,34,14
24300,149,3,35,12
25081,149,5,36,9
25862,149,2,37,4
26643,149,2,38,2
148,150,0,1,0
765,150,0,2,0
1392,150,0,3,0
2040,150,0,4,0
2699,150,0,5,0
3360,150,0,6,0
4024,150,0,7,0
4690,150,0,8,0
5357,150,0,9,0
6027,150,0,10,0
6701,150,0,11,0
7379,150,0,12,0
8063,150,0,13,0
8753,150,0,14,0
9446,150,0,15,0
10139,150,0,16,0
10840,150,0,17,0
11541,150,0,18,0
12246,150,0,19,0
12955,150,0,20,0
13666,150,0,21,0
14390,150,0,22,0
15119,150,0,23,0
15855,150,0,24,0
16597,150,0,25,0
17356,150,0,26,0
18119,150,0,27,0
18883,150,0,28,0
19652,150,0,29,0
20421,150,0,30,0
21192,150,0,31,0
21964,150,0,32,0
22742,150,0,33,0
23521,150,0,34,0
24301,150,0,35,0
25082,150,0,36,0
25863,150,0,37,0
26644,150,0,38,0
149,151,0,1,0
766,151,0,2,0
1393,151,0,3,0
2041,151,0,4,0
2700,151,0,5,0
3361,151,0,6,0
4025,151,0,7,0
4691,151,0,8,0
5358,151,0,9,0
6028,151,0,10,0
6702,151,0,11,0
7380,151,0,12,0
8064,151,0,13,0
8754,151,0,14,0
9447,151,0,15,0
10140,151,0,16,0
10841,151,0,17,0
11542,151,0,18,0
12247,151,0,19,0
12956,151,0,20,0
13667,151,0,21,0
14391,151,0,22,0
15120,151,0,23,0
15856,151,0,24,0
16598,151,0,25,0
17357,151,0,26,0
18120,151,0,27,0
18884,151,0,28,0
19653,151,0,29,0
20422,151,0,30,0
21193,151,0,31,0
21965,151,0,32,0
22743,151,0,33,0
23522,151,0,34,0
24302,151,0,35,0
25083,151,0,36,0
25864,151,0,37,0
26645,151,0,38,0
150,152,0,1,106
767,152,0,2,106
1394,152,3,3,106
2042,152,0,4,103
2701,152,4,5,103
3362,152,2,6,99
4026,152,2,7,97
4692,152,6,8,95
5359,152,0,9,89
6029,152,0,10,89
6703,152,2,11,89
7381,152,1,12,87
8065,152,1,13,86
8755,152,7,14,85
9448,152,3,15,78
10141,152,2,16,75
10842,152,9,17,73
11543,152,8,18,64
12248,152,2,19,56
12957,152,0,20,54
13668,152,0,21,54
14392,152,3,22,54
15121,152,7,23,51
15857,152,2,24,44
16599,152,3,25,42
17358,152,2,26,39
18121,152,1,27,37
18885,152,1,28,36
19654,152,1,29,35
20423,152,1,30,34
21194,152,1,31,33
21966,152,11,32,32
22744,152,6,33,21
23523,152,3,34,15
24303,152,3,35,12
25084,152,2,36,9
25865,152,1,37,7
26646,152,6,38,6
151,153,0,1,7
768,153,0,2,7
1395,153,0,3,7
2043,153,0,4,7
2702,153,0,5,7
3363,153,0,6,7
4027,153,0,7,7
4693,153,1,8,7
5360,153,0,9,6
6030,153,0,10,6
6704,153,0,11,6
7382,153,2,12,6
8066,153,1,13,4
8756,153,0,14,3
9449,153,1,15,3
10142,153,0,16,2
10843,153,0,17,2
11544,153,0,18,2
12249,153,0,19,2
12958,153,0,20,2
13669,153,0,21,2
14393,153,0,22,2
15122,153,0,23,2
15858,153,0,24,2
16600,153,0,25,2
17359,153,0,26,2
18122,153,0,27,2
18886,153,0,28,2
19655,153,2,29,2
20424,153,0,30,0
21195,153,0,31,0
21967,153,0,32,0
22745,153,0,33,0
23524,153,0,34,0
24304,153,0,35,0
25085,153,0,36,0
25866,153,0,37,0
26647,153,0,38,0
152,154,0,1,0
769,154,0,2,0
1396,154,0,3,0
2044,154,0,4,0
2703,154,0,5,0
3364,154,0,6,0
4028,154,0,7,0
4694,154,0,8,0
5361,154,0,9,0
6031,154,0,10,0
6705,154,0,11,0
7383,154,0,12,0
8067,154,0,13,0
8757,154,0,14,0
9450,154,0,15,0
10143,154,0,16,0
10844,154,0,17,0
11545,154,0,18,0
12250,154,0,19,0
12959,154,0,20,0
13670,154,0,21,0
14394,154,0,22,0
15123,154,0,23,0
15859,154,0,24,0
16601,154,0,25,0
17360,154,0,26,0
18123,154,0,27,0
18887,154,0,28,0
19656,154,0,29,0
20425,154,0,30,0
21196,154,0,31,0
21968,154,0,32,0
22746,154,0,33,0
23525,154,0,34,0
24305,154,0,35,0
25086,154,0,36,0
25867,154,0,37,0
26648,154,0,38,0
153,155,0,1,0
770,155,0,2,0
1397,155,0,3,0
2045,155,0,4,0
2704,155,0,5,0
3365,155,0,6,0
4029,155,0,7,0
4695,155,0,8,0
5362,155,0,9,0
6032,155,0,10,0
6706,155,0,11,0
7384,155,0,12,0
8068,155,0,13,0
8758,155,0,14,0
9451,155,0,15,0
10144,155,0,16,0
10845,155,0,17,0
11546,155,0,18,0
12251,155,0,19,0
12960,155,0,20,0
13671,155,0,21,0
14395,155,0,22,0
15124,155,0,23,0
15860,155,0,24,0
16602,155,0,25,0
17361,155,0,26,0
18124,155,0,27,0
18888,155,0,28,0
19657,155,0,29,0
20426,155,0,30,0
21197,155,0,31,0
21969,155,0,32,0
22747,155,0,33,0
23526,155,0,34,0
24306,155,0,35,0
25087,155,0,36,0
25868,155,0,37,0
26649,155,0,38,0
154,156,0,1,12
771,156,0,2,12
1398,156,0,3,12
2046,156,0,4,12
2705,156,0,5,12
3366,156,0,6,12
4030,156,0,7,12
4696,156,0,8,12
5363,156,0,9,12
6033,156,0,10,12
6707,156,0,11,12
7385,156,0,12,12
8069,156,0,13,12
8759,156,1,14,12
9452,156,0,15,11
10145,156,0,16,11
10846,156,0,17,11
11547,156,1,18,11
12252,156,2,19,10
12961,156,1,20,8
13672,156,0,21,7
14396,156,0,22,7
15125,156,0,23,7
15861,156,0,24,7
16603,156,0,25,7
17362,156,0,26,7
18125,156,0,27,7
18889,156,0,28,7
19658,156,1,29,7
20427,156,1,30,6
21198,156,1,31,5
21970,156,2,32,4
22748,156,2,33,2
23527,156,0,34,0
24307,156,0,35,0
25088,156,0,36,0
25869,156,0,37,0
26650,156,0,38,0
155,157,1,1,98
772,157,2,2,97
1399,157,2,3,95
2047,157,3,4,93
2706,157,6,5,90
3367,157,2,6,84
4031,157,1,7,82
4697,157,5,8,81
5364,157,2,9,76
6034,157,9,10,74
6708,157,2,11,65
7386,157,2,12,63
8070,157,3,13,61
8760,157,2,14,58
9453,157,5,15,56
10146,157,2,16,51
10847,157,3,17,49
11548,157,2,18,46
12253,157,1,19,44
12962,157,2,20,43
13673,157,2,21,41
14397,157,1,22,39
15126,157,1,23,38
15862,157,2,24,37
16604,157,1,25,35
17363,157,1,26,34
18126,157,2,27,33
18890,157,4,28,31
19659,157,2,29,27
20428,157,3,30,25
21199,157,3,31,22
21971,157,2,32,19
22749,157,1,33,17
23528,157,3,34,16
24308,157,6,35,13
25089,157,2,36,7
25870,157,3,37,5
26651,157,2,38,2
156,158,0,1,0
773,158,0,2,0
1400,158,0,3,0
2048,158,0,4,0
2707,158,0,5,0
3368,158,0,6,0
4032,158,0,7,0
4698,158,0,8,0
5365,158,0,9,0
6035,158,0,10,0
6709,158,0,11,0
7387,158,0,12,0
8071,158,0,13,0
8761,158,0,14,0
9454,158,0,15,0
10147,158,0,16,0
10848,158,0,17,0
11549,158,0,18,0
12254,158,0,19,0
12963,158,0,20,0
13674,158,0,21,0
14398,158,0,22,0
15127,158,0,23,0
15863,158,0,24,0
16605,158,0,25,0
17364,158,0,26,0
18127,158,0,27,0
18891,158,0,28,0
19660,158,0,29,0
20429,158,0,30,0
21200,158,0,31,0
21972,158,0,32,0
22750,158,0,33,0
23529,158,0,34,0
24309,158,0,35,0
25090,158,0,36,0
25871,158,0,37,0
26652,158,0,38,0
157,159,0,1,93
774,159,0,2,93
1401,159,0,3,93
2049,159,0,4,93
2708,159,0,5,93
3369,159,0,6,93
4033,159,2,7,93
4699,159,2,8,91
5366,159,8,9,89
6036,159,7,10,81
6710,159,1,11,74
7388,159,0,12,73
8072,159,2,13,73
8762,159,6,14,71
9455,159,1,15,65
10148,159,9,16,64
10849,159,0,17,55
11550,159,6,18,55
12255,159,10,19,49
12964,159,0,20,39
13675,159,0,21,39
14399,159,8,22,39
15128,159,1,23,31
15864,159,1,24,30
16606,159,1,25,29
17365,159,1,26,28
18128,159,0,27,27
18892,159,1,28,27
19661,159,0,29,26
20430,159,5,30,26
21201,159,6,31,21
21973,159,1,32,15
22751,159,2,33,14
23530,159,9,34,12
24310,159,1,35,3
25091,159,2,36,2
25872,159,0,37,0
26653,159,0,38,0
158,160,0,1,13
775,160,0,2,13
1402,160,0,3,13
2050,160,0,4,13
2709,160,0,5,13
3370,160,0,6,13
4034,160,0,7,13
4700,160,0,8,13
5367,160,0,9,13
6037,160,0,10,13
6711,160,0,11,13
7389,160,0,12,13
8073,160,0,13,13
8763,160,0,14,13
9456,160,0,15,13
10149,160,0,16,13
10850,160,0,17,13
11551,160,0,18,13
12256,160,0,19,13
12965,160,0,20,13
13676,160,0,21,13
14400,160,0,22,13
15129,160,0,23,13
15865,160,0,24,13
16607,160,1,25,13
17366,160,1,26,12
18129,160,0,27,11
18893,160,0,28,11
19662,160,0,29,11
20431,160,1,30,11
21202,160,1,31,10
21974,160,1,32,9
22752,160,0,33,8
23531,160,0,34,8
24311,160,0,35,8
25092,160,1,36,8
25873,160,7,37,7
26654,160,0,38,0
159,161,0,1,0
776,161,0,2,0
1403,161,0,3,0
2051,161,0,4,0
2710,161,0,5,0
3371,161,0,6,0
4035,161,0,7,0
4701,161,0,8,0
5368,161,0,9,0
6038,161,0,10,0
6712,161,0,11,0
7390,161,0,12,0
8074,161,0,13,0
8764,161,0,14,0
9457,161,0,15,0
10150,161,0,16,0
10851,161,0,17,0
11552,161,0,18,0
12257,161,0,19,0
12966,161,0,20,0
13677,161,0,21,0
14401,161,0,22,0
15130,161,0,23,0
15866,161,0,24,0
16608,161,0,25,0
17367,161,0,26,0
18130,161,0,27,0
18894,161,0,28,0
19663,161,0,29,0
20432,161,0,30,0
21203,161,0,31,0
21975,161,0,32,0
22753,161,0,33,0
23532,161,0,34,0
24312,161,0,35,0
25093,161,0,36,0
25874,161,0,37,0
26655,161,0,38,0
160,162,1,1,109
777,162,1,2,108
1404,162,2,3,107
2052,162,5,4,105
2711,162,7,5,100
3372,162,1,6,93
4036,162,1,7,92
4702,162,1,8,91
5369,162,2,9,90
6039,162,2,10,88
6713,162,1,11,86
7391,162,2,12,85
8075,162,6,13,83
8765,162,0,14,77
9458,162,1,15,77
10151,162,2,16,76
10852,162,6,17,74
11553,162,4,18,68
12258,162,0,19,64
12967,162,1,20,64
13678,162,1,21,63
14402,162,0,22,62
15131,162,0,23,62
15867,162,2,24,62
16609,162,1,25,60
17368,162,1,26,59
18131,162,14,27,58
18895,162,6,28,44
19664,162,1,29,38
20433,162,6,30,37
21204,162,0,31,31
21976,162,1,32,31
22754,162,1,33,30
23533,162,6,34,29
24313,162,2,35,23
25094,162,0,36,21
25875,162,6,37,21
26656,162,15,38,15
161,163,2,1,133
778,163,0,2,131
1405,163,2,3,131
2053,163,5,4,129
2712,163,5,5,124
3373,163,0,6,119
4037,163,1,7,119
4703,163,0,8,118
5370,163,1,9,118
6040,163,1,10,117
6714,163,1,11,116
7392,163,2,12,115
8076,163,11,13,113
8766,163,2,14,102
9459,163,4,15,100
10152,163,5,16,96
10853,163,0,17,91
11554,163,1,18,91
12259,163,1,19,90
12968,163,2,20,89
13679,163,1,21,87
14403,163,9,22,86
15132,163,1,23,77
15868,163,2,24,76
16610,163,1,25,74
17369,163,1,26,73
18132,163,15,27,72
18896,163,15,28,57
19665,163,2,29,42
20434,163,5,30,40
21205,163,1,31,35
21977,163,1,32,34
22755,163,1,33,33
23534,163,6,34,32
24314,163,2,35,26
25095,163,1,36,24
25876,163,15,37,23
26657,163,8,38,8
162,164,0,1,0
779,164,0,2,0
1406,164,0,3,0
2054,164,0,4,0
2713,164,0,5,0
3374,164,0,6,0
4038,164,0,7,0
4704,164,0,8,0
5371,164,0,9,0
6041,164,0,10,0
6715,164,0,11,0
7393,164,0,12,0
8077,164,0,13,0
8767,164,0,14,0
9460,164,0,15,0
10153,164,0,16,0
10854,164,0,17,0
11555,164,0,18,0
12260,164,0,19,0
12969,164,0,20,0
13680,164,0,21,0
14404,164,0,22,0
15133,164,0,23,0
15869,164,0,24,0
16611,164,0,25,0
17370,164,0,26,0
18133,164,0,27,0
18897,164,0,28,0
19666,164,0,29,0
20435,164,0,30,0
21206,164,0,31,0
21978,164,0,32,0
22756,164,0,33,0
23535,164,0,34,0
24315,164,0,35,0
25096,164,0,36,0
25877,164,0,37,0
26658,164,0,38,0
163,165,0,1,0
780,165,0,2,0
1407,165,0,3,0
2055,165,0,4,0
2714,165,0,5,0
3375,165,0,6,0
4039,165,0,7,0
4705,165,0,8,0
5372,165,0,9,0
6042,165,0,10,0
6716,165,0,11,0
7394,165,0,12,0
8078,165,0,13,0
8768,165,0,14,0
9461,165,0,15,0
10154,165,0,16,0
10855,165,0,17,0
11556,165,0,18,0
12261,165,0,19,0
12970,165,0,20,0
13681,165,0,21,0
14405,165,0,22,0
15134,165,0,23,0
15870,165,0,24,0
16612,165,0,25,0
17371,165,0,26,0
18134,165,0,27,0
18898,165,0,28,0
19667,165,0,29,0
20436,165,0,30,0
21207,165,0,31,0
21979,165,0,32,0
22757,165,0,33,0
23536,165,0,34,0
24316,165,0,35,0
25097,165,0,36,0
25878,165,0,37,0
26659,165,0,38,0
164,166,1,1,18
781,166,1,2,17
1408,166,0,3,16
2056,166,0,4,16
2715,166,1,5,16
3376,166,0,6,15
4040,166,0,7,15
4706,166,0,8,15
5373,166,0,9,15
6043,166,0,10,15
6717,166,0,11,15
7395,166,1,12,15
8079,166,0,13,14
8769,166,1,14,14
9462,166,0,15,13
10155,166,0,16,13
10856,166,0,17,13
11557,166,0,18,13
12262,166,0,19,13
12971,166,0,20,13
13682,166,0,21,13
14406,166,6,22,13
15135,166,0,23,7
15871,166,0,24,7
16613,166,1,25,7
17372,166,0,26,6
18135,166,1,27,6
18899,166,0,28,5
19668,166,1,29,5
20437,166,1,30,4
21208,166,1,31,3
21980,166,0,32,2
22758,166,0,33,2
23537,166,1,34,2
24317,166,0,35,1
25098,166,0,36,1
25879,166,0,37,1
26660,166,1,38,1
165,167,0,1,33
782,167,0,2,33
1409,167,0,3,33
2057,167,6,4,33
2716,167,1,5,27
3377,167,0,6,26
4041,167,0,7,26
4707,167,0,8,26
5374,167,0,9,26
6044,167,0,10,26
6718,167,0,11,26
7396,167,0,12,26
8080,167,0,13,26
8770,167,8,14,26
9463,167,0,15,18
10156,167,0,16,18
10857,167,5,17,18
11558,167,0,18,13
12263,167,1,19,13
12972,167,0,20,12
13683,167,0,21,12
14407,167,1,22,12
15136,167,0,23,11
15872,167,0,24,11
16614,167,2,25,11
17373,167,0,26,9
18136,167,0,27,9
18900,167,6,28,9
19669,167,0,29,3
20438,167,0,30,3
21209,167,2,31,3
21981,167,0,32,1
22759,167,1,33,1
23538,167,0,34,0
24318,167,0,35,0
25099,167,0,36,0
25880,167,0,37,0
26661,167,0,38,0
166,168,2,1,135
783,168,2,2,133
1410,168,2,3,131
2058,168,0,4,129
2717,168,3,5,129
3378,168,1,6,126
4042,168,2,7,125
4708,168,1,8,123
5375,168,1,9,122
6045,168,1,10,121
6719,168,4,11,120
7397,168,12,12,116
8081,168,9,13,104
8771,168,5,14,95
9464,168,9,15,90
10157,168,5,16,81
10858,168,3,17,76
11559,168,2,18,73
12264,168,1,19,71
12973,168,1,20,70
13684,168,2,21,69
14408,168,0,22,67
15137,168,2,23,67
15873,168,4,24,65
16615,168,1,25,61
17374,168,7,26,60
18137,168,3,27,53
18901,168,6,28,50
19670,168,2,29,44
20439,168,11,30,42
21210,168,2,31,31
21982,168,2,32,29
22760,168,5,33,27
23539,168,6,34,22
24319,168,9,35,16
25100,168,1,36,7
25881,168,3,37,6
26662,168,3,38,3
167,169,0,1,0
784,169,0,2,0
1411,169,0,3,0
2059,169,0,4,0
2718,169,0,5,0
3379,169,0,6,0
4043,169,0,7,0
4709,169,0,8,0
5376,169,0,9,0
6046,169,0,10,0
6720,169,0,11,0
7398,169,0,12,0
8082,169,0,13,0
8772,169,0,14,0
9465,169,0,15,0
10158,169,0,16,0
10859,169,0,17,0
11560,169,0,18,0
12265,169,0,19,0
12974,169,0,20,0
13685,169,0,21,0
14409,169,0,22,0
15138,169,0,23,0
15874,169,0,24,0
16616,169,0,25,0
17375,169,0,26,0
18138,169,0,27,0
18902,169,0,28,0
19671,169,0,29,0
20440,169,0,30,0
21211,169,0,31,0
21983,169,0,32,0
22761,169,0,33,0
23540,169,0,34,0
24320,169,0,35,0
25101,169,0,36,0
25882,169,0,37,0
26663,169,0,38,0
168,170,0,1,0
785,170,0,2,0
1412,170,0,3,0
2060,170,0,4,0
2719,170,0,5,0
3380,170,0,6,0
4044,170,0,7,0
4710,170,0,8,0
5377,170,0,9,0
6047,170,0,10,0
6721,170,0,11,0
7399,170,0,12,0
8083,170,0,13,0
8773,170,0,14,0
9466,170,0,15,0
10159,170,0,16,0
10860,170,0,17,0
11561,170,0,18,0
12266,170,0,19,0
12975,170,0,20,0
13686,170,0,21,0
14410,170,0,22,0
15139,170,0,23,0
15875,170,0,24,0
16617,170,0,25,0
17376,170,0,26,0
18139,170,0,27,0
18903,170,0,28,0
19672,170,0,29,0
20441,170,0,30,0
21212,170,0,31,0
21984,170,0,32,0
22762,170,0,33,0
23541,170,0,34,0
24321,170,0,35,0
25102,170,0,36,0
25883,170,0,37,0
26664,170,0,38,0
169,171,1,1,60
786,171,0,2,59
1413,171,2,3,59
2061,171,0,4,57
2720,171,0,5,57
3381,171,1,6,57
4045,171,2,7,56
4711,171,1,8,54
5378,171,2,9,53
6048,171,0,10,51
6722,171,2,11,51
7400,171,0,12,49
8084,171,1,13,49
8774,171,5,14,48
9467,171,1,15,43
10160,171,2,16,42
10861,171,6,17,40
11562,171,1,18,34
12267,171,0,19,33
12976,171,2,20,33
13687,171,0,21,31
14411,171,1,22,31
15140,171,1,23,30
15876,171,1,24,29
16618,171,1,25,28
17377,171,1,26,27
18140,171,6,27,26
18904,171,0,28,20
19673,171,1,29,20
20442,171,8,30,19
21213,171,5,31,11
21985,171,1,32,6
22763,171,1,33,5
23542,171,0,34,4
24322,171,1,35,4
25103,171,1,36,3
25884,171,1,37,2
26665,171,1,38,1
170,172,0,1,54
787,172,0,2,54
1414,172,0,3,54
2062,172,0,4,54
2721,172,0,5,54
3382,172,0,6,54
4046,172,0,7,54
4712,172,0,8,54
5379,172,2,9,54
6049,172,2,10,52
6723,172,1,11,50
7401,172,0,12,49
8085,172,0,13,49
8775,172,0,14,49
9468,172,0,15,49
10161,172,0,16,49
10862,172,0,17,49
11563,172,0,18,49
12268,172,0,19,49
12977,172,0,20,49
13688,172,7,21,49
14412,172,6,22,42
15141,172,1,23,36
15877,172,1,24,35
16619,172,1,25,34
17378,172,1,26,33
18141,172,0,27,32
18905,172,0,28,32
19674,172,2,29,32
20443,172,1,30,30
21214,172,9,31,29
21986,172,0,32,20
22764,172,1,33,20
23543,172,1,34,19
24323,172,1,35,18
25104,172,1,36,17
25885,172,10,37,16
26666,172,6,38,6
171,173,0,1,0
788,173,0,2,0
1415,173,0,3,0
2063,173,0,4,0
2722,173,0,5,0
3383,173,0,6,0
4047,173,0,7,0
4713,173,0,8,0
5380,173,0,9,0
6050,173,0,10,0
6724,173,0,11,0
7402,173,0,12,0
8086,173,0,13,0
8776,173,0,14,0
9469,173,0,15,0
10162,173,0,16,0
10863,173,0,17,0
11564,173,0,18,0
12269,173,0,19,0
12978,173,0,20,0
13689,173,0,21,0
14413,173,0,22,0
15142,173,0,23,0
15878,173,0,24,0
16620,173,0,25,0
17379,173,0,26,0
18142,173,0,27,0
18906,173,0,28,0
19675,173,0,29,0
20444,173,0,30,0
21215,173,0,31,0
21987,173,0,32,0
22765,173,0,33,0
23544,173,0,34,0
24324,173,0,35,0
25105,173,0,36,0
25886,173,0,37,0
26667,173,0,38,0
172,174,2,1,26
789,174,0,2,24
1416,174,0,3,24
2064,174,0,4,24
2723,174,0,5,24
3384,174,1,6,24
4048,174,0,7,23
4714,174,1,8,23
5381,174,4,9,22
6051,174,2,10,18
6725,174,2,11,16
7403,174,0,12,14
8087,174,3,13,14
8777,174,0,14,11
9470,174,0,15,11
10163,174,0,16,11
10864,174,0,17,11
11565,174,0,18,11
12270,174,0,19,11
12979,174,0,20,11
13690,174,0,21,11
14414,174,0,22,11
15143,174,0,23,11
15879,174,0,24,11
16621,174,0,25,11
17380,174,0,26,11
18143,174,0,27,11
18907,174,0,28,11
19676,174,1,29,11
20445,174,0,30,10
21216,174,0,31,10
21988,174,0,32,10
22766,174,0,33,10
23545,174,3,34,10
24325,174,3,35,7
25106,174,2,36,4
25887,174,1,37,2
26668,174,1,38,1
173,175,0,1,0
790,175,0,2,0
1417,175,0,3,0
2065,175,0,4,0
2724,175,0,5,0
3385,175,0,6,0
4049,175,0,7,0
4715,175,0,8,0
5382,175,0,9,0
6052,175,0,10,0
6726,175,0,11,0
7404,175,0,12,0
8088,175,0,13,0
8778,175,0,14,0
9471,175,0,15,0
10164,175,0,16,0
10865,175,0,17,0
11566,175,0,18,0
12271,175,0,19,0
12980,175,0,20,0
13691,175,0,21,0
14415,175,0,22,0
15144,175,0,23,0
15880,175,0,24,0
16622,175,0,25,0
17381,175,0,26,0
18144,175,0,27,0
18908,175,0,28,0
19677,175,0,29,0
20446,175,0,30,0
21217,175,0,31,0
21989,175,0,32,0
22767,175,0,33,0
23546,175,0,34,0
24326,175,0,35,0
25107,175,0,36,0
25888,175,0,37,0
26669,175,0,38,0
174,176,0,1,0
791,176,0,2,0
1418,176,0,3,0
2066,176,0,4,0
2725,176,0,5,0
3386,176,0,6,0
4050,176,0,7,0
4716,176,0,8,0
5383,176,0,9,0
6053,176,0,10,0
6727,176,0,11,0
7405,176,0,12,0
8089,176,0,13,0
8779,176,0,14,0
9472,176,0,15,0
10165,176,0,16,0
10866,176,0,17,0
11567,176,0,18,0
12272,176,0,19,0
12981,176,0,20,0
13692,176,0,21,0
14416,176,0,22,0
15145,176,0,23,0
15881,176,0,24,0
16623,176,0,25,0
17382,176,0,26,0
18145,176,0,27,0
18909,176,0,28,0
19678,176,0,29,0
20447,176,0,30,0
21218,176,0,31,0
21990,176,0,32,0
22768,176,0,33,0
23547,176,0,34,0
24327,176,0,35,0
25108,176,0,36,0
25889,176,0,37,0
26670,176,0,38,0
175,177,0,1,120
792,177,20,2,120
1419,177,2,3,100
2067,177,3,4,98
2726,177,3,5,95
3387,177,5,6,92
4051,177,10,7,87
4717,177,2,8,77
5384,177,1,9,75
6054,177,2,10,74
6728,177,1,11,72
7406,177,3,12,71
8090,177,3,13,68
8780,177,13,14,65
9473,177,1,15,52
10166,177,6,16,51
10867,177,1,17,45
11568,177,0,18,44
12273,177,2,19,44
12982,177,1,20,42
13693,177,2,21,41
14417,177,7,22,39
15146,177,9,23,32
15882,177,2,24,23
16624,177,1,25,21
17383,177,0,26,20
18146,177,0,27,20
18910,177,0,28,20
19679,177,0,29,20
20448,177,1,30,20
21219,177,1,31,19
21991,177,5,32,18
22769,177,1,33,13
23548,177,3,34,12
24328,177,2,35,9
25109,177,1,36,7
25890,177,3,37,6
26671,177,3,38,3
176,178,1,1,3
793,178,0,2,2
1420,178,0,3,2
2068,178,0,4,2
2727,178,0,5,2
3388,178,0,6,2
4052,178,0,7,2
4718,178,0,8,2
5385,178,0,9,2
6055,178,0,10,2
6729,178,0,11,2
7407,178,0,12,2
8091,178,0,13,2
8781,178,0,14,2
9474,178,0,15,2
10167,178,0,16,2
10868,178,0,17,2
11569,178,0,18,2
12274,178,0,19,2
12983,178,1,20,2
13694,178,0,21,1
14418,178,0,22,1
15147,178,0,23,1
15883,178,1,24,1
16625,178,0,25,0
17384,178,0,26,0
18147,178,0,27,0
18911,178,0,28,0
19680,178,0,29,0
20449,178,0,30,0
21220,178,0,31,0
21992,178,0,32,0
22770,178,0,33,0
23549,178,0,34,0
24329,178,0,35,0
25110,178,0,36,0
25891,178,0,37,0
26672,178,0,38,0
177,179,0,1,7
794,179,1,2,7
1421,179,1,3,6
2069,179,0,4,5
2728,179,0,5,5
3389,179,1,6,5
4053,179,1,7,4
4719,179,0,8,3
5386,179,1,9,3
6056,179,1,10,2
6730,179,1,11,1
7408,179,0,12,0
8092,179,0,13,0
8782,179,0,14,0
9475,179,0,15,0
10168,179,0,16,0
10869,179,0,17,0
11570,179,0,18,0
12275,179,0,19,0
12984,179,0,20,0
13695,179,0,21,0
14419,179,0,22,0
15148,179,0,23,0
15884,179,0,24,0
16626,179,0,25,0
17385,179,0,26,0
18148,179,0,27,0
18912,179,0,28,0
19681,179,0,29,0
20450,179,0,30,0
21221,179,0,31,0
21993,179,0,32,0
22771,179,0,33,0
23550,179,0,34,0
24330,179,0,35,0
25111,179,0,36,0
25892,179,0,37,0
26673,179,0,38,0
178,180,2,1,121
795,180,10,2,119
1422,180,6,3,109
2070,180,1,4,103
2729,180,16,5,102
3390,180,5,6,86
4054,180,2,7,81
4720,180,6,8,79
5387,180,9,9,73
6057,180,1,10,64
6731,180,2,11,63
7409,180,12,12,61
8093,180,6,13,49
8783,180,0,14,43
9476,180,2,15,43
10169,180,9,16,41
10870,180,2,17,32
11571,180,2,18,30
12276,180,1,19,28
12985,180,2,20,27
13696,180,4,21,25
14420,180,2,22,21
15149,180,5,23,19
15885,180,1,24,14
16627,180,0,25,13
17386,180,0,26,13
18149,180,0,27,13
18913,180,0,28,13
19682,180,0,29,13
20451,180,1,30,13
21222,180,1,31,12
21994,180,1,32,11
22772,180,2,33,10
23551,180,8,34,8
24331,180,2,35,0
25112,180,-2,36,-2
25893,180,0,37,0
26674,180,0,38,0
179,181,1,1,60
796,181,1,2,59
1423,181,1,3,58
2071,181,7,4,57
2730,181,1,5,50
3391,181,1,6,49
4055,181,1,7,48
4721,181,1,8,47
5388,181,0,9,46
6058,181,0,10,46
6732,181,1,11,46
7410,181,1,12,45
8094,181,1,13,44
8784,181,13,14,43
9477,181,1,15,30
10170,181,1,16,29
10871,181,1,17,28
11572,181,1,18,27
12277,181,2,19,26
12986,181,0,20,24
13697,181,0,21,24
14421,181,0,22,24
15150,181,1,23,24
15886,181,1,24,23
16628,181,2,25,22
17387,181,1,26,20
18150,181,12,27,19
18914,181,3,28,7
19683,181,2,29,4
20452,181,0,30,2
21223,181,1,31,2
21995,181,1,32,1
22773,181,0,33,0
23552,181,0,34,0
24332,181,0,35,0
25113,181,0,36,0
25894,181,0,37,0
26675,181,0,38,0
180,182,2,1,214
797,182,17,2,212
1424,182,6,3,195
2072,182,3,4,189
2731,182,8,5,186
3392,182,25,6,178
4056,182,6,7,153
4722,182,2,8,147
5389,182,10,9,145
6059,182,3,10,135
6733,182,2,11,132
7411,182,2,12,130
8095,182,14,13,128
8785,182,7,14,114
9478,182,18,15,107
10171,182,3,16,89
10872,182,3,17,86
11573,182,10,18,83
12278,182,2,19,73
12987,182,10,20,71
13698,182,10,21,61
14422,182,2,22,51
15151,182,2,23,49
15887,182,6,24,47
16629,182,2,25,41
17388,182,2,26,39
18151,182,3,27,37
18915,182,1,28,34
19684,182,0,29,33
20453,182,6,30,33
21224,182,1,31,27
21996,182,4,32,26
22774,182,2,33,22
23553,182,3,34,20
24333,182,10,35,17
25114,182,2,36,7
25895,182,2,37,5
26676,182,3,38,3
181,183,0,1,0
798,183,0,2,0
1425,183,0,3,0
2073,183,0,4,0
2732,183,0,5,0
3393,183,0,6,0
4057,183,0,7,0
4723,183,0,8,0
5390,183,0,9,0
6060,183,0,10,0
6734,183,0,11,0
7412,183,0,12,0
8096,183,0,13,0
8786,183,0,14,0
9479,183,0,15,0
10172,183,0,16,0
10873,183,0,17,0
11574,183,0,18,0
12279,183,0,19,0
12988,183,0,20,0
13699,183,0,21,0
14423,183,0,22,0
15152,183,0,23,0
15888,183,0,24,0
16630,183,0,25,0
17389,183,0,26,0
18152,183,0,27,0
18916,183,0,28,0
19685,183,0,29,0
20454,183,0,30,0
21225,183,0,31,0
21997,183,0,32,0
22775,183,0,33,0
23554,183,0,34,0
24334,183,0,35,0
25115,183,0,36,0
25896,183,0,37,0
26677,183,0,38,0
182,184,1,1,7
799,184,1,2,6
1426,184,0,3,5
2074,184,2,4,5
2733,184,0,5,3
3394,184,1,6,3
4058,184,0,7,2
4724,184,0,8,2
5391,184,0,9,2
6061,184,0,10,2
6735,184,0,11,2
7413,184,0,12,2
8097,184,0,13,2
8787,184,1,14,2
9480,184,1,15,1
10173,184,0,16,0
10874,184,0,17,0
11575,184,0,18,0
12280,184,0,19,0
12989,184,0,20,0
13700,184,0,21,0
14424,184,0,22,0
15153,184,0,23,0
15889,184,0,24,0
16631,184,0,25,0
17390,184,0,26,0
18153,184,0,27,0
18917,184,0,28,0
19686,184,0,29,0
20455,184,0,30,0
21226,184,0,31,0
21998,184,0,32,0
22776,184,0,33,0
23555,184,0,34,0
24335,184,0,35,0
25116,184,0,36,0
25897,184,0,37,0
26678,184,0,38,0
183,185,2,1,126
800,185,1,2,124
1427,185,2,3,123
2075,185,15,4,121
2734,185,10,5,106
3395,185,2,6,96
4059,185,4,7,94
4725,185,2,8,90
5392,185,1,9,88
6062,185,3,10,87
6736,185,2,11,84
7414,185,1,12,82
8098,185,7,13,81
8788,185,0,14,74
9481,185,0,15,74
10174,185,3,16,74
10875,185,9,17,71
11576,185,2,18,62
12281,185,0,19,60
12990,185,3,20,60
13701,185,1,21,57
14425,185,2,22,56
15154,185,2,23,54
15890,185,0,24,52
16632,185,0,25,52
17391,185,0,26,52
18154,185,0,27,52
18918,185,9,28,52
19687,185,3,29,43
20456,185,6,30,40
21227,185,6,31,34
21999,185,1,32,28
22777,185,2,33,27
23556,185,9,34,25
24336,185,2,35,16
25117,185,2,36,14
25898,185,6,37,12
26679,185,6,38,6
184,186,0,1,26
801,186,0,2,26
1428,186,0,3,26
2076,186,1,4,26
2735,186,0,5,25
3396,186,1,6,25
4060,186,1,7,24
4726,186,1,8,23
5393,186,0,9,22
6063,186,0,10,22
6737,186,0,11,22
7415,186,4,12,22
8099,186,1,13,18
8789,186,0,14,17
9482,186,0,15,17
10175,186,0,16,17
10876,186,0,17,17
11577,186,0,18,17
12282,186,0,19,17
12991,186,0,20,17
13702,186,2,21,17
14426,186,0,22,15
15155,186,0,23,15
15891,186,1,24,15
16633,186,3,25,14
17392,186,1,26,11
18155,186,1,27,10
18919,186,0,28,9
19688,186,0,29,9
20457,186,0,30,9
21228,186,4,31,9
22000,186,0,32,5
22778,186,2,33,5
23557,186,0,34,3
24337,186,1,35,3
25118,186,0,36,2
25899,186,0,37,2
26680,186,2,38,2
185,187,0,1,71
802,187,0,2,71
1429,187,0,3,71
2077,187,1,4,71
2736,187,6,5,70
3397,187,0,6,64
4061,187,1,7,64
4727,187,-1,8,63
5394,187,0,9,64
6064,187,0,10,64
6738,187,0,11,64
7416,187,0,12,64
8100,187,0,13,64
8790,187,2,14,64
9483,187,0,15,62
10176,187,2,16,62
10877,187,9,17,60
11578,187,1,18,51
12283,187,1,19,50
12992,187,0,20,49
13703,187,1,21,49
14427,187,7,22,48
15156,187,0,23,41
15892,187,2,24,41
16634,187,0,25,39
17393,187,1,26,39
18156,187,9,27,38
18920,187,7,28,29
19689,187,1,29,22
20458,187,1,30,21
21229,187,5,31,20
22001,187,0,32,15
22779,187,1,33,15
23558,187,0,34,14
24338,187,0,35,14
25119,187,0,36,14
25900,187,8,37,14
26681,187,6,38,6
186,188,0,1,47
803,188,0,2,47
1430,188,0,3,47
2078,188,2,4,47
2737,188,1,5,45
3398,188,1,6,44
4062,188,0,7,43
4728,188,0,8,43
5395,188,0,9,43
6065,188,1,10,43
6739,188,0,11,42
7417,188,1,12,42
8101,188,0,13,41
8791,188,0,14,41
9484,188,0,15,41
10177,188,0,16,41
10878,188,0,17,41
11579,188,2,18,41
12284,188,1,19,39
12993,188,2,20,38
13704,188,2,21,36
14428,188,3,22,34
15157,188,2,23,31
15893,188,2,24,29
16635,188,1,25,27
17394,188,1,26,26
18157,188,0,27,25
18921,188,2,28,25
19690,188,2,29,23
20459,188,3,30,21
21230,188,1,31,18
22002,188,2,32,17
22780,188,10,33,15
23559,188,2,34,5
24339,188,1,35,3
25120,188,0,36,2
25901,188,0,37,2
26682,188,2,38,2
187,189,1,1,26
804,189,1,2,25
1431,189,1,3,24
2079,189,7,4,23
2738,189,0,5,16
3399,189,0,6,16
4063,189,1,7,16
4729,189,0,8,15
5396,189,1,9,15
6066,189,2,10,14
6740,189,2,11,12
7418,189,2,12,10
8102,189,1,13,8
8792,189,0,14,7
9485,189,0,15,7
10178,189,0,16,7
10879,189,0,17,7
11580,189,0,18,7
12285,189,0,19,7
12994,189,0,20,7
13705,189,0,21,7
14429,189,0,22,7
15158,189,0,23,7
15894,189,0,24,7
16636,189,0,25,7
17395,189,0,26,7
18158,189,0,27,7
18922,189,6,28,7
19691,189,1,29,1
20460,189,0,30,0
21231,189,0,31,0
22003,189,0,32,0
22781,189,0,33,0
23560,189,0,34,0
24340,189,0,35,0
25121,189,0,36,0
25902,189,0,37,0
26683,189,0,38,0
188,190,0,1,0
805,190,0,2,0
1432,190,0,3,0
2080,190,0,4,0
2739,190,0,5,0
3400,190,0,6,0
4064,190,0,7,0
4730,190,0,8,0
5397,190,0,9,0
6067,190,0,10,0
6741,190,0,11,0
7419,190,0,12,0
8103,190,0,13,0
8793,190,0,14,0
9486,190,0,15,0
10179,190,0,16,0
10880,190,0,17,0
11581,190,0,18,0
12286,190,0,19,0
12995,190,0,20,0
13706,190,0,21,0
14430,190,0,22,0
15159,190,0,23,0
15895,190,0,24,0
16637,190,0,25,0
17396,190,0,26,0
18159,190,0,27,0
18923,190,0,28,0
19692,190,0,29,0
20461,190,0,30,0
21232,190,0,31,0
22004,190,0,32,0
22782,190,0,33,0
23561,190,0,34,0
24341,190,0,35,0
25122,190,0,36,0
25903,190,0,37,0
26684,190,0,38,0
189,191,0,1,51
806,191,0,2,51
1433,191,0,3,51
2081,191,2,4,51
2740,191,2,5,49
3401,191,8,6,47
4065,191,1,7,39
4731,191,-2,8,38
5398,191,0,9,40
6068,191,2,10,40
6742,191,7,11,38
7420,191,0,12,31
8104,191,0,13,31
8794,191,0,14,31
9487,191,0,15,31
10180,191,0,16,31
10881,191,0,17,31
11582,191,1,18,31
12287,191,0,19,30
12996,191,1,20,30
13707,191,1,21,29
14431,191,6,22,28
15160,191,2,23,22
15896,191,1,24,20
16638,191,2,25,19
17397,191,-1,26,17
18160,191,2,27,18
18924,191,0,28,16
19693,191,6,29,16
20462,191,0,30,10
21233,191,1,31,10
22005,191,2,32,9
22783,191,1,33,7
23562,191,2,34,6
24342,191,2,35,4
25123,191,1,36,2
25904,191,0,37,1
26685,191,1,38,1
190,192,0,1,75
1240,192,1,2,75
1434,192,2,3,74
2082,192,1,4,72
2741,192,2,5,71
3402,192,1,6,69
4066,192,2,7,68
4732,192,6,8,66
5399,192,0,9,60
6069,192,7,10,60
6743,192,2,11,53
7421,192,7,12,51
8105,192,2,13,44
8795,192,1,14,42
9488,192,2,15,41
10181,192,0,16,39
10882,192,2,17,39
11583,192,7,18,37
12288,192,0,19,30
12997,192,2,20,30
13708,192,1,21,28
14432,192,2,22,27
15161,192,2,23,25
15897,192,2,24,23
16639,192,2,25,21
17398,192,1,26,19
18161,192,0,27,18
18925,192,0,28,18
19694,192,1,29,18
20463,192,1,30,17
21234,192,0,31,16
22006,192,0,32,16
22784,192,0,33,16
23563,192,1,34,16
24343,192,8,35,15
25124,192,2,36,7
25905,192,3,37,5
26686,192,2,38,2
191,193,1,1,19
807,193,0,2,18
1435,193,4,3,18
2083,193,1,4,14
2742,193,0,5,13
3403,193,0,6,13
4067,193,0,7,13
4733,193,0,8,13
5400,193,0,9,13
6070,193,1,10,13
6744,193,1,11,12
7422,193,2,12,11
8106,193,0,13,9
8796,193,0,14,9
9489,193,0,15,9
10182,193,1,16,9
10883,193,1,17,8
11584,193,1,18,7
12289,193,1,19,6
12998,193,2,20,5
13709,193,3,21,3
14433,193,0,22,0
15162,193,0,23,0
15898,193,0,24,0
16640,193,0,25,0
17399,193,0,26,0
18162,193,0,27,0
18926,193,0,28,0
19695,193,0,29,0
20464,193,0,30,0
21235,193,0,31,0
22007,193,0,32,0
22785,193,0,33,0
23564,193,0,34,0
24344,193,0,35,0
25125,193,0,36,0
25906,193,0,37,0
26687,193,0,38,0
192,194,0,1,68
808,194,1,2,68
1436,194,2,3,67
2084,194,0,4,65
2743,194,6,5,65
3404,194,0,6,59
4068,194,0,7,59
4734,194,0,8,59
5401,194,0,9,59
6071,194,0,10,59
6745,194,0,11,59
7423,194,1,12,59
8107,194,0,13,58
8797,194,1,14,58
9490,194,0,15,57
10183,194,0,16,57
10884,194,0,17,57
11585,194,0,18,57
12290,194,2,19,57
12999,194,2,20,55
13710,194,6,21,53
14434,194,6,22,47
15163,194,1,23,41
15899,194,6,24,40
16641,194,1,25,34
17400,194,7,26,33
18163,194,5,27,26
18927,194,6,28,21
19696,194,0,29,15
20465,194,0,30,15
21236,194,0,31,15
22008,194,6,32,15
22786,194,-2,33,9
23565,194,0,34,11
24345,194,2,35,11
25126,194,6,36,9
25907,194,1,37,3
26688,194,2,38,2
193,195,0,1,1
809,195,1,2,1
1437,195,0,3,0
2085,195,0,4,0
2744,195,0,5,0
3405,195,0,6,0
4069,195,0,7,0
4735,195,0,8,0
5402,195,0,9,0
6072,195,0,10,0
6746,195,0,11,0
7424,195,0,12,0
8108,195,0,13,0
8798,195,0,14,0
9491,195,0,15,0
10184,195,0,16,0
10885,195,0,17,0
11586,195,0,18,0
12291,195,0,19,0
13000,195,0,20,0
13711,195,0,21,0
14435,195,0,22,0
15164,195,0,23,0
15900,195,0,24,0
16642,195,0,25,0
17401,195,0,26,0
18164,195,0,27,0
18928,195,0,28,0
19697,195,0,29,0
20466,195,0,30,0
21237,195,0,31,0
22009,195,0,32,0
22787,195,0,33,0
23566,195,0,34,0
24346,195,0,35,0
25127,195,0,36,0
25908,195,0,37,0
26689,195,0,38,0
194,196,0,1,18
810,196,0,2,18
1438,196,2,3,18
2086,196,1,4,16
2745,196,0,5,15
3406,196,0,6,15
4070,196,6,7,15
4736,196,0,8,9
5403,196,0,9,9
6073,196,1,10,9
6747,196,2,11,8
7425,196,1,12,6
8109,196,0,13,5
8799,196,0,14,5
9492,196,0,15,5
10185,196,1,16,5
10886,196,-1,17,4
11587,196,0,18,5
12292,196,0,19,5
13001,196,0,20,5
13712,196,1,21,5
14436,196,1,22,4
15165,196,0,23,3
15901,196,1,24,3
16643,196,0,25,2
17402,196,0,26,2
18165,196,0,27,2
18929,196,0,28,2
19698,196,0,29,2
20467,196,1,30,2
21238,196,0,31,1
22010,196,1,32,1
22788,196,0,33,0
23567,196,0,34,0
24347,196,0,35,0
25128,196,0,36,0
25909,196,0,37,0
26690,196,0,38,0
195,197,0,1,0
811,197,0,2,0
1439,197,0,3,0
2087,197,0,4,0
2746,197,0,5,0
3407,197,0,6,0
4071,197,0,7,0
4737,197,0,8,0
5404,197,0,9,0
6074,197,0,10,0
6748,197,0,11,0
7426,197,0,12,0
8110,197,0,13,0
8800,197,0,14,0
9493,197,0,15,0
10186,197,0,16,0
10887,197,0,17,0
11588,197,0,18,0
12293,197,0,19,0
13002,197,0,20,0
13713,197,0,21,0
14437,197,0,22,0
15166,197,0,23,0
15902,197,0,24,0
16644,197,0,25,0
17403,197,0,26,0
18166,197,0,27,0
18930,197,0,28,0
19699,197,0,29,0
20468,197,0,30,0
21239,197,0,31,0
22011,197,0,32,0
22789,197,0,33,0
23568,197,0,34,0
24348,197,0,35,0
25129,197,0,36,0
25910,197,0,37,0
26691,197,0,38,0
196,198,1,1,7
812,198,2,2,6
1440,198,0,3,4
2088,198,0,4,4
2747,198,1,5,4
3408,198,1,6,3
4072,198,1,7,2
4738,198,0,8,1
5405,198,0,9,1
6075,198,0,10,1
6749,198,1,11,1
7427,198,0,12,0
8111,198,0,13,0
8801,198,0,14,0
9494,198,0,15,0
10187,198,0,16,0
10888,198,0,17,0
11589,198,0,18,0
12294,198,0,19,0
13003,198,0,20,0
13714,198,0,21,0
14438,198,0,22,0
15167,198,0,23,0
15903,198,0,24,0
16645,198,0,25,0
17404,198,0,26,0
18167,198,0,27,0
18931,198,0,28,0
19700,198,0,29,0
20469,198,0,30,0
21240,198,0,31,0
22012,198,0,32,0
22790,198,0,33,0
23569,198,0,34,0
24349,198,0,35,0
25130,198,0,36,0
25911,198,0,37,0
26692,198,0,38,0
197,199,2,1,148
813,199,2,2,146
1441,199,10,3,144
2089,199,2,4,134
2748,199,3,5,132
3409,199,2,6,129
4073,199,2,7,127
4739,199,2,8,125
5406,199,6,9,123
6076,199,0,10,117
6750,199,0,11,117
7428,199,0,12,117
8112,199,2,13,117
8802,199,6,14,115
9495,199,2,15,109
10188,199,1,16,107
10889,199,0,17,106
11590,199,2,18,106
12295,199,10,19,104
13004,199,5,20,94
13715,199,6,21,89
14439,199,6,22,83
15168,199,2,23,77
15904,199,1,24,75
16646,199,1,25,74
17405,199,3,26,73
18168,199,5,27,70
18932,199,3,28,65
19701,199,0,29,62
20470,199,2,30,62
21241,199,9,31,60
22013,199,6,32,51
22791,199,10,33,45
23570,199,0,34,35
24350,199,10,35,35
25131,199,16,36,25
25912,199,6,37,9
26693,199,3,38,3
198,200,0,1,116
814,200,1,2,116
1442,200,2,3,115
2090,200,1,4,113
2749,200,6,5,112
3410,200,9,6,106
4074,200,2,7,97
4740,200,2,8,95
5407,200,6,9,93
6077,200,7,10,87
6751,200,1,11,80
7429,200,1,12,79
8113,200,3,13,78
8803,200,6,14,75
9496,200,1,15,69
10189,200,-1,16,68
10890,200,-1,17,69
11591,200,7,18,70
12296,200,0,19,63
13005,200,2,20,63
13716,200,15,21,61
14440,200,8,22,46
15169,200,1,23,38
15905,200,6,24,37
16647,200,4,25,31
17406,200,5,26,27
18169,200,2,27,22
18933,200,5,28,20
19702,200,0,29,15
20471,200,2,30,15
21242,200,-1,31,13
22014,200,-2,32,14
22792,200,7,33,16
23571,200,0,34,9
24351,200,2,35,9
25132,200,7,36,7
25913,200,0,37,0
26694,200,0,38,0
199,201,2,1,135
815,201,1,2,133
1443,201,4,3,132
2091,201,1,4,128
2750,201,9,5,127
3411,201,1,6,118
4075,201,3,7,117
4741,201,3,8,114
5408,201,8,9,111
6078,201,2,10,103
6752,201,2,11,101
7430,201,7,12,99
8114,201,2,13,92
8804,201,7,14,90
9497,201,1,15,83
10190,201,2,16,82
10891,201,0,17,80
11592,201,7,18,80
12297,201,2,19,73
13006,201,2,20,71
13717,201,7,21,69
14441,201,6,22,62
15170,201,1,23,56
15906,201,6,24,55
16648,201,2,25,49
17407,201,6,26,47
18170,201,2,27,41
18934,201,10,28,39
19703,201,0,29,29
20472,201,2,30,29
21243,201,3,31,27
22015,201,2,32,24
22793,201,10,33,22
23572,201,0,34,12
24352,201,3,35,12
25133,201,6,36,9
25914,201,1,37,3
26695,201,2,38,2
200,202,0,1,0
816,202,0,2,0
1444,202,0,3,0
2092,202,0,4,0
2751,202,0,5,0
3412,202,0,6,0
4076,202,0,7,0
4742,202,0,8,0
5409,202,0,9,0
6079,202,0,10,0
6753,202,0,11,0
7431,202,0,12,0
8115,202,0,13,0
8805,202,0,14,0
9498,202,0,15,0
10191,202,0,16,0
10892,202,0,17,0
11593,202,0,18,0
12298,202,0,19,0
13007,202,0,20,0
13718,202,0,21,0
14442,202,0,22,0
15171,202,0,23,0
15907,202,0,24,0
16649,202,0,25,0
17408,202,0,26,0
18171,202,0,27,0
18935,202,0,28,0
19704,202,0,29,0
20473,202,0,30,0
21244,202,0,31,0
22016,202,0,32,0
22794,202,0,33,0
23573,202,0,34,0
24353,202,0,35,0
25134,202,0,36,0
25915,202,0,37,0
26696,202,0,38,0
201,203,2,1,67
817,203,0,2,65
1445,203,0,3,65
2093,203,1,4,65
2752,203,0,5,64
3413,203,1,6,64
4077,203,0,7,63
4743,203,2,8,63
5410,203,2,9,61
6080,203,1,10,59
6754,203,0,11,58
7432,203,2,12,58
8116,203,2,13,56
8806,203,2,14,54
9499,203,11,15,52
10192,203,3,16,41
10893,203,2,17,38
11594,203,1,18,36
12299,203,4,19,35
13008,203,0,20,31
13719,203,3,21,31
14443,203,3,22,28
15172,203,2,23,25
15908,203,2,24,23
16650,203,2,25,21
17409,203,5,26,19
18172,203,0,27,14
18936,203,0,28,14
19705,203,0,29,14
20474,203,0,30,14
21245,203,1,31,14
22017,203,1,32,13
22795,203,4,33,12
23574,203,0,34,8
24354,203,1,35,8
25135,203,3,36,7
25916,203,1,37,4
26697,203,3,38,3
202,204,0,1,12
818,204,0,2,12
1446,204,3,3,12
2094,204,2,4,9
2753,204,1,5,7
3414,204,2,6,6
4078,204,2,7,4
4744,204,0,8,2
5411,204,0,9,2
6081,204,0,10,2
6755,204,0,11,2
7433,204,0,12,2
8117,204,0,13,2
8807,204,0,14,2
9500,204,1,15,2
10193,204,1,16,1
10894,204,0,17,0
11595,204,0,18,0
12300,204,0,19,0
13009,204,0,20,0
13720,204,0,21,0
14444,204,0,22,0
15173,204,0,23,0
15909,204,0,24,0
16651,204,0,25,0
17410,204,0,26,0
18173,204,0,27,0
18937,204,0,28,0
19706,204,0,29,0
20475,204,0,30,0
21246,204,0,31,0
22018,204,0,32,0
22796,204,0,33,0
23575,204,0,34,0
24355,204,0,35,0
25136,204,0,36,0
25917,204,0,37,0
26698,204,0,38,0
203,205,1,1,45
819,205,1,2,44
1447,205,2,3,43
2095,205,1,4,41
2754,205,3,5,40
3415,205,2,6,37
4079,205,1,7,35
4745,205,1,8,34
5412,205,1,9,33
6082,205,2,10,32
6756,205,-1,11,30
7434,205,0,12,31
8118,205,0,13,31
8808,205,0,14,31
9501,205,0,15,31
10194,205,1,16,31
10895,205,2,17,30
11596,205,1,18,28
12301,205,1,19,27
13010,205,1,20,26
13721,205,1,21,25
14445,205,3,22,24
15174,205,1,23,21
15910,205,3,24,20
16652,205,1,25,17
17411,205,1,26,16
18174,205,1,27,15
18938,205,1,28,14
19707,205,0,29,13
20476,205,1,30,13
21247,205,2,31,12
22019,205,2,32,10
22797,205,3,33,8
23576,205,0,34,5
24356,205,1,35,5
25137,205,1,36,4
25918,205,1,37,3
26699,205,2,38,2
204,206,1,1,58
820,206,2,2,57
1448,206,0,3,55
2096,206,0,4,55
2755,206,1,5,55
3416,206,2,6,54
4080,206,1,7,52
4746,206,1,8,51
5413,206,1,9,50
6083,206,0,10,49
6757,206,0,11,49
7435,206,1,12,49
8119,206,1,13,48
8809,206,1,14,47
9502,206,2,15,46
10195,206,2,16,44
10896,206,2,17,42
11597,206,3,18,40
12302,206,2,19,37
13011,206,2,20,35
13722,206,1,21,33
14446,206,0,22,32
15175,206,2,23,32
15911,206,3,24,30
16653,206,1,25,27
17412,206,3,26,26
18175,206,0,27,23
18939,206,3,28,23
19708,206,0,29,20
20477,206,7,30,20
21248,206,2,31,13
22020,206,2,32,11
22798,206,2,33,9
23577,206,0,34,7
24357,206,1,35,7
25138,206,2,36,6
25919,206,2,37,4
26700,206,2,38,2
205,207,1,1,150
821,207,2,2,149
1449,207,2,3,147
2097,207,13,4,145
2756,207,1,5,132
3417,207,2,6,131
4081,207,1,7,129
4747,207,1,8,128
5414,207,8,9,127
6084,207,2,10,119
6758,207,2,11,117
7436,207,5,12,115
8120,207,2,13,110
8810,207,8,14,108
9503,207,2,15,100
10196,207,1,16,98
10897,207,2,17,97
11598,207,2,18,95
12303,207,2,19,93
13012,207,8,20,91
13723,207,8,21,83
14447,207,13,22,75
15176,207,2,23,62
15912,207,13,24,60
16654,207,7,25,47
17413,207,5,26,40
18176,207,8,27,35
18940,207,0,28,27
19709,207,0,29,27
20478,207,1,30,27
21249,207,8,31,26
22021,207,2,32,18
22799,207,10,33,16
23578,207,0,34,6
24358,207,2,35,6
25139,207,1,36,4
25920,207,1,37,3
26701,207,2,38,2
206,208,0,1,9
822,208,0,2,9
1450,208,0,3,9
2098,208,0,4,9
2757,208,0,5,9
3418,208,0,6,9
4082,208,0,7,9
4748,208,0,8,9
5415,208,0,9,9
6085,208,0,10,9
6759,208,0,11,9
7437,208,0,12,9
8121,208,0,13,9
8811,208,0,14,9
9504,208,0,15,9
10197,208,0,16,9
10898,208,0,17,9
11599,208,0,18,9
12304,208,0,19,9
13013,208,0,20,9
13724,208,0,21,9
14448,208,0,22,9
15177,208,0,23,9
15913,208,0,24,9
16655,208,0,25,9
17414,208,0,26,9
18177,208,0,27,9
18941,208,0,28,9
19710,208,0,29,9
20479,208,6,30,9
21250,208,0,31,3
22022,208,1,32,3
22800,208,0,33,2
23579,208,0,34,2
24359,208,0,35,2
25140,208,0,36,2
25921,208,1,37,2
26702,208,1,38,1
207,209,0,1,0
823,209,0,2,0
1451,209,0,3,0
2099,209,0,4,0
2758,209,0,5,0
3419,209,0,6,0
4083,209,0,7,0
4749,209,0,8,0
5416,209,0,9,0
6086,209,0,10,0
6760,209,0,11,0
7438,209,0,12,0
8122,209,0,13,0
8812,209,0,14,0
9505,209,0,15,0
10198,209,0,16,0
10899,209,0,17,0
11600,209,0,18,0
12305,209,0,19,0
13014,209,0,20,0
13725,209,0,21,0
14449,209,0,22,0
15178,209,0,23,0
15914,209,0,24,0
16656,209,0,25,0
17415,209,0,26,0
18178,209,0,27,0
18942,209,0,28,0
19711,209,0,29,0
20480,209,0,30,0
21251,209,0,31,0
22023,209,0,32,0
22801,209,0,33,0
23580,209,0,34,0
24360,209,0,35,0
25141,209,0,36,0
25922,209,0,37,0
26703,209,0,38,0
208,210,1,1,123
824,210,1,2,122
1452,210,2,3,121
2100,210,4,4,119
2759,210,6,5,115
3420,210,1,6,109
4084,210,1,7,108
4750,210,2,8,107
5417,210,6,9,105
6087,210,1,10,99
6761,210,1,11,98
7439,210,0,12,97
8123,210,1,13,97
8813,210,6,14,96
9506,210,1,15,90
10199,210,11,16,89
10900,210,3,17,78
11601,210,7,18,75
12306,210,2,19,68
13015,210,2,20,66
13726,210,6,21,64
14450,210,6,22,58
15179,210,1,23,52
15915,210,6,24,51
16657,210,1,25,45
17416,210,7,26,44
18179,210,5,27,37
18943,210,6,28,32
19712,210,0,29,26
20481,210,1,30,26
21252,210,2,31,25
22024,210,0,32,23
22802,210,7,33,23
23581,210,0,34,16
24361,210,5,35,16
25142,210,6,36,11
25923,210,0,37,5
26704,210,5,38,5
209,211,4,1,142
825,211,1,2,138
1453,211,1,3,137
2101,211,1,4,136
2760,211,6,5,135
3421,211,1,6,129
4085,211,1,7,128
4751,211,1,8,127
5418,211,5,9,126
6088,211,3,10,121
6762,211,1,11,118
7440,211,1,12,117
8124,211,11,13,116
8814,211,6,14,105
9507,211,7,15,99
10200,211,1,16,92
10901,211,0,17,91
11602,211,6,18,91
12307,211,2,19,85
13016,211,2,20,83
13727,211,6,21,81
14451,211,6,22,75
15180,211,4,23,69
15916,211,11,24,65
16658,211,1,25,54
17417,211,13,26,53
18180,211,4,27,40
18944,211,6,28,36
19713,211,0,29,30
20482,211,2,30,30
21253,211,8,31,28
22025,211,-1,32,20
22803,211,6,33,21
23582,211,0,34,15
24362,211,1,35,15
25143,211,11,36,14
25924,211,1,37,3
26705,211,2,38,2
210,212,0,1,0
826,212,0,2,0
1454,212,0,3,0
2102,212,0,4,0
2761,212,0,5,0
3422,212,0,6,0
4086,212,0,7,0
4752,212,0,8,0
5419,212,0,9,0
6089,212,0,10,0
6763,212,0,11,0
7441,212,0,12,0
8125,212,0,13,0
8815,212,0,14,0
9508,212,0,15,0
10201,212,0,16,0
10902,212,0,17,0
11603,212,0,18,0
12308,212,0,19,0
13017,212,0,20,0
13728,212,0,21,0
14452,212,0,22,0
15181,212,0,23,0
15917,212,0,24,0
16659,212,0,25,0
17418,212,0,26,0
18181,212,0,27,0
18945,212,0,28,0
19714,212,0,29,0
20483,212,0,30,0
21254,212,0,31,0
22026,212,0,32,0
22804,212,0,33,0
23583,212,0,34,0
24363,212,0,35,0
25144,212,0,36,0
25925,212,0,37,0
26706,212,0,38,0
211,213,0,1,0
827,213,0,2,0
1455,213,0,3,0
2103,213,0,4,0
2762,213,0,5,0
3423,213,0,6,0
4087,213,0,7,0
4753,213,0,8,0
5420,213,0,9,0
6090,213,0,10,0
6764,213,0,11,0
7442,213,0,12,0
8126,213,0,13,0
8816,213,0,14,0
9509,213,0,15,0
10202,213,0,16,0
10903,213,0,17,0
11604,213,0,18,0
12309,213,0,19,0
13018,213,0,20,0
13729,213,0,21,0
14453,213,0,22,0
15182,213,0,23,0
15918,213,0,24,0
16660,213,0,25,0
17419,213,0,26,0
18182,213,0,27,0
18946,213,0,28,0
19715,213,0,29,0
20484,213,0,30,0
21255,213,0,31,0
22027,213,0,32,0
22805,213,0,33,0
23584,213,0,34,0
24364,213,0,35,0
25145,213,0,36,0
25926,213,0,37,0
26707,213,0,38,0
212,214,0,1,12
828,214,1,2,12
1456,214,1,3,11
2104,214,1,4,10
2763,214,1,5,9
3424,214,1,6,8
4088,214,0,7,7
4754,214,1,8,7
5421,214,0,9,6
6091,214,1,10,6
6765,214,1,11,5
7443,214,1,12,4
8127,214,1,13,3
8817,214,0,14,2
9510,214,0,15,2
10203,214,0,16,2
10904,214,1,17,2
11605,214,0,18,1
12310,214,0,19,1
13019,214,0,20,1
13730,214,0,21,1
14454,214,1,22,1
15183,214,0,23,0
15919,214,0,24,0
16661,214,0,25,0
17420,214,0,26,0
18183,214,0,27,0
18947,214,0,28,0
19716,214,0,29,0
20485,214,0,30,0
21256,214,0,31,0
22028,214,0,32,0
22806,214,0,33,0
23585,214,0,34,0
24365,214,0,35,0
25146,214,0,36,0
25927,214,0,37,0
26708,214,0,38,0
213,215,0,1,1
829,215,0,2,1
1457,215,0,3,1
2105,215,0,4,1
2764,215,0,5,1
3425,215,0,6,1
4089,215,0,7,1
4755,215,0,8,1
5422,215,0,9,1
6092,215,0,10,1
6766,215,0,11,1
7444,215,0,12,1
8128,215,0,13,1
8818,215,0,14,1
9511,215,0,15,1
10204,215,0,16,1
10905,215,0,17,1
11606,215,0,18,1
12311,215,0,19,1
13020,215,0,20,1
13731,215,0,21,1
14455,215,0,22,1
15184,215,0,23,1
15920,215,0,24,1
16662,215,0,25,1
17421,215,0,26,1
18184,215,0,27,1
18948,215,0,28,1
19717,215,0,29,1
20486,215,0,30,1
21257,215,1,31,1
22029,215,0,32,0
22807,215,0,33,0
23586,215,0,34,0
24366,215,0,35,0
25147,215,0,36,0
25928,215,0,37,0
26709,215,0,38,0
214,216,2,1,42
830,216,2,2,40
1458,216,2,3,38
2106,216,2,4,36
2765,216,1,5,34
3426,216,2,6,33
4090,216,1,7,31
4756,216,0,8,30
5423,216,3,9,30
6093,216,0,10,27
6767,216,0,11,27
7445,216,0,12,27
8129,216,0,13,27
8819,216,0,14,27
9512,216,0,15,27
10205,216,0,16,27
10906,216,0,17,27
11607,216,0,18,27
12312,216,0,19,27
13021,216,0,20,27
13732,216,0,21,27
14456,216,0,22,27
15185,216,0,23,27
15921,216,1,24,27
16663,216,1,25,26
17422,216,1,26,25
18185,216,2,27,24
18949,216,2,28,22
19718,216,0,29,20
20487,216,1,30,20
21258,216,2,31,19
22030,216,6,32,17
22808,216,8,33,11
23587,216,0,34,3
24367,216,3,35,3
25148,216,0,36,0
25929,216,0,37,0
26710,216,0,38,0
215,217,2,1,94
831,217,1,2,92
1459,217,1,3,91
2107,217,0,4,90
2766,217,2,5,90
3427,217,2,6,88
4091,217,3,7,86
4757,217,3,8,83
5424,217,2,9,80
6094,217,0,10,78
6768,217,3,11,78
7446,217,3,12,75
8130,217,2,13,72
8820,217,3,14,70
9513,217,0,15,67
10206,217,3,16,67
10907,217,3,17,64
11608,217,2,18,61
12313,217,2,19,59
13022,217,1,20,57
13733,217,2,21,56
14457,217,1,22,54
15186,217,3,23,53
15922,217,7,24,50
16664,217,0,25,43
17423,217,12,26,43
18186,217,0,27,31
18950,217,2,28,31
19719,217,2,29,29
20488,217,2,30,27
21259,217,2,31,25
22031,217,10,32,23
22809,217,2,33,13
23588,217,2,34,11
24368,217,0,35,9
25149,217,5,36,9
25930,217,3,37,4
26711,217,1,38,1
216,218,1,1,87
832,218,1,2,86
1460,218,1,3,85
2108,218,1,4,84
2767,218,0,5,83
3428,218,0,6,83
4092,218,0,7,83
4758,218,0,8,83
5425,218,7,9,83
6095,218,1,10,76
6769,218,1,11,75
7447,218,1,12,74
8131,218,2,13,73
8821,218,0,14,71
9514,218,0,15,71
10207,218,0,16,71
10908,218,0,17,71
11609,218,0,18,71
12314,218,1,19,71
13023,218,1,20,70
13734,218,1,21,69
14458,218,0,22,68
15187,218,2,23,68
15923,218,21,24,66
16665,218,8,25,45
17424,218,6,26,37
18187,218,2,27,31
18951,218,2,28,29
19720,218,2,29,27
20489,218,1,30,25
21260,218,2,31,24
22032,218,1,32,22
22810,218,1,33,21
23589,218,2,34,20
24369,218,6,35,18
25150,218,8,36,12
25931,218,2,37,4
26712,218,2,38,2
217,219,0,1,88
833,219,0,2,88
1461,219,0,3,88
2109,219,0,4,88
2768,219,0,5,88
3429,219,2,6,88
4093,219,0,7,86
4759,219,0,8,86
5426,219,1,9,86
6096,219,1,10,85
6770,219,6,11,84
7448,219,6,12,78
8132,219,0,13,72
8822,219,7,14,72
9515,219,0,15,65
10208,219,6,16,65
10909,219,6,17,59
11610,219,1,18,53
12315,219,0,19,52
13024,219,1,20,52
13735,219,2,21,51
14459,219,1,22,49
15188,219,8,23,48
15924,219,10,24,40
16666,219,2,25,30
17425,219,1,26,28
18188,219,2,27,27
18952,219,2,28,25
19721,219,2,29,23
20490,219,2,30,21
21261,219,2,31,19
22033,219,5,32,17
22811,219,1,33,12
23590,219,2,34,11
24370,219,1,35,9
25151,219,2,36,8
25932,219,6,37,6
26713,219,0,38,0
218,220,2,1,63
834,220,2,2,61
1462,220,12,3,59
2110,220,6,4,47
2769,220,2,5,41
3430,220,1,6,39
4094,220,2,7,38
4760,220,2,8,36
5427,220,2,9,34
6097,220,2,10,32
6771,220,2,11,30
7449,220,2,12,28
8133,220,1,13,26
8823,220,5,14,25
9516,220,0,15,20
10209,220,2,16,20
10910,220,2,17,18
11611,220,2,18,16
12316,220,1,19,14
13025,220,1,20,13
13736,220,2,21,12
14460,220,5,22,10
15189,220,1,23,5
15925,220,0,24,4
16667,220,0,25,4
17426,220,0,26,4
18189,220,0,27,4
18953,220,0,28,4
19722,220,0,29,4
20491,220,0,30,4
21262,220,0,31,4
22034,220,0,32,4
22812,220,0,33,4
23591,220,0,34,4
24371,220,1,35,4
25152,220,1,36,3
25933,220,1,37,2
26714,220,1,38,1
219,221,0,1,5
835,221,0,2,5
1463,221,1,3,5
2111,221,0,4,4
2770,221,0,5,4
3431,221,0,6,4
4095,221,0,7,4
4761,221,0,8,4
5428,221,0,9,4
6098,221,0,10,4
6772,221,0,11,4
7450,221,0,12,4
8134,221,0,13,4
8824,221,0,14,4
9517,221,0,15,4
10210,221,0,16,4
10911,221,1,17,4
11612,221,1,18,3
12317,221,0,19,2
13026,221,0,20,2
13737,221,0,21,2
14461,221,0,22,2
15190,221,0,23,2
15926,221,0,24,2
16668,221,0,25,2
17427,221,0,26,2
18190,221,0,27,2
18954,221,0,28,2
19723,221,0,29,2
20492,221,0,30,2
21263,221,0,31,2
22035,221,0,32,2
22813,221,0,33,2
23592,221,0,34,2
24372,221,0,35,2
25153,221,1,36,2
25934,221,1,37,1
26715,221,0,38,0
220,222,2,1,89
836,222,2,2,87
1464,222,2,3,85
2112,222,2,4,83
2771,222,0,5,81
3432,222,1,6,81
4096,222,1,7,80
4762,222,3,8,79
5429,222,2,9,76
6099,222,2,10,74
6773,222,2,11,72
7451,222,3,12,70
8135,222,1,13,67
8825,222,3,14,66
9518,222,0,15,63
10211,222,3,16,63
10912,222,3,17,60
11613,222,2,18,57
12318,222,1,19,55
13027,222,2,20,54
13738,222,1,21,52
14462,222,11,22,51
15191,222,3,23,40
15927,222,4,24,37
16669,222,2,25,33
17428,222,1,26,31
18191,222,2,27,30
18955,222,3,28,28
19724,222,6,29,25
20493,222,2,30,19
21264,222,2,31,17
22036,222,2,32,15
22814,222,2,33,13
23593,222,2,34,11
24373,222,2,35,9
25154,222,2,36,7
25935,222,3,37,5
26716,222,2,38,2
221,223,0,1,42
837,223,0,2,42
1465,223,0,3,42
2113,223,2,4,42
2772,223,1,5,40
3433,223,1,6,39
4097,223,3,7,38
4763,223,0,8,35
5430,223,0,9,35
6100,223,0,10,35
6774,223,0,11,35
7452,223,0,12,35
8136,223,0,13,35
8826,223,0,14,35
9519,223,0,15,35
10212,223,0,16,35
10913,223,0,17,35
11614,223,0,18,35
12319,223,0,19,35
13028,223,0,20,35
13739,223,0,21,35
14463,223,0,22,35
15192,223,1,23,35
15928,223,8,24,34
16670,223,1,25,26
17429,223,1,26,25
18192,223,2,27,24
18956,223,2,28,22
19725,223,2,29,20
20494,223,2,30,18
21265,223,1,31,16
22037,223,3,32,15
22815,223,2,33,12
23594,223,2,34,10
24374,223,2,35,8
25155,223,2,36,6
25936,223,2,37,4
26717,223,2,38,2
222,224,2,1,81
838,224,1,2,79
1466,224,2,3,78
2114,224,2,4,76
2773,224,1,5,74
3434,224,4,6,73
4098,224,3,7,69
4764,224,3,8,66
5431,224,2,9,63
6101,224,1,10,61
6775,224,1,11,60
7453,224,0,12,59
8137,224,1,13,59
8827,224,1,14,58
9520,224,0,15,57
10213,224,3,16,57
10914,224,3,17,54
11615,224,2,18,51
12320,224,1,19,49
13029,224,0,20,48
13740,224,1,21,48
14464,224,0,22,47
15193,224,0,23,47
15929,224,3,24,47
16671,224,2,25,44
17430,224,5,26,42
18193,224,2,27,37
18957,224,10,28,35
19726,224,2,29,25
20495,224,2,30,23
21266,224,6,31,21
22038,224,3,32,15
22816,224,3,33,12
23595,224,2,34,9
24375,224,1,35,7
25156,224,2,36,6
25937,224,1,37,4
26718,224,3,38,3
223,225,1,1,1
839,225,0,2,0
1467,225,0,3,0
2115,225,0,4,0
2774,225,0,5,0
3435,225,0,6,0
4099,225,0,7,0
4765,225,0,8,0
5432,225,0,9,0
6102,225,0,10,0
6776,225,0,11,0
7454,225,0,12,0
8138,225,0,13,0
8828,225,0,14,0
9521,225,0,15,0
10214,225,0,16,0
10915,225,0,17,0
11616,225,0,18,0
12321,225,0,19,0
13030,225,0,20,0
13741,225,0,21,0
14465,225,0,22,0
15194,225,0,23,0
15930,225,0,24,0
16672,225,0,25,0
17431,225,0,26,0
18194,225,0,27,0
18958,225,0,28,0
19727,225,0,29,0
20496,225,0,30,0
21267,225,0,31,0
22039,225,0,32,0
22817,225,0,33,0
23596,225,0,34,0
24376,225,0,35,0
25157,225,0,36,0
25938,225,0,37,0
26719,225,0,38,0
224,226,2,1,22
840,226,2,2,20
1468,226,1,3,18
2116,226,1,4,17
2775,226,1,5,16
3436,226,0,6,15
4100,226,1,7,15
4766,226,0,8,14
5433,226,0,9,14
6103,226,0,10,14
6777,226,0,11,14
7455,226,0,12,14
8139,226,0,13,14
8829,226,0,14,14
9522,226,0,15,14
10215,226,0,16,14
10916,226,0,17,14
11617,226,0,18,14
12322,226,0,19,14
13031,226,0,20,14
13742,226,0,21,14
14466,226,0,22,14
15195,226,0,23,14
15931,226,5,24,14
16673,226,1,25,9
17432,226,1,26,8
18195,226,1,27,7
18959,226,0,28,6
19728,226,1,29,6
20497,226,1,30,5
21268,226,2,31,4
22040,226,0,32,2
22818,226,0,33,2
23597,226,0,34,2
24377,226,1,35,2
25158,226,1,36,1
25939,226,0,37,0
26720,226,0,38,0
225,227,0,1,0
841,227,0,2,0
1469,227,0,3,0
2117,227,0,4,0
2776,227,0,5,0
3437,227,0,6,0
4101,227,0,7,0
4767,227,0,8,0
5434,227,0,9,0
6104,227,0,10,0
6778,227,0,11,0
7456,227,0,12,0
8140,227,0,13,0
8830,227,0,14,0
9523,227,0,15,0
10216,227,0,16,0
10917,227,0,17,0
11618,227,0,18,0
12323,227,0,19,0
13032,227,0,20,0
13743,227,0,21,0
14467,227,0,22,0
15196,227,0,23,0
15932,227,0,24,0
16674,227,0,25,0
17433,227,0,26,0
18196,227,0,27,0
18960,227,0,28,0
19729,227,0,29,0
20498,227,0,30,0
21269,227,0,31,0
22041,227,0,32,0
22819,227,0,33,0
23598,227,0,34,0
24378,227,0,35,0
25159,227,0,36,0
25940,227,0,37,0
26721,227,0,38,0
226,228,1,1,48
842,228,0,2,47
1470,228,6,3,47
2118,228,1,4,41
2777,228,1,5,40
3438,228,0,6,39
4102,228,6,7,39
4768,228,14,8,33
5435,228,2,9,19
6105,228,1,10,17
6779,228,0,11,16
7457,228,0,12,16
8141,228,0,13,16
8831,228,0,14,16
9524,228,0,15,16
10217,228,0,16,16
10918,228,0,17,16
11619,228,0,18,16
12324,228,0,19,16
13033,228,0,20,16
13744,228,0,21,16
14468,228,1,22,16
15197,228,0,23,15
15933,228,0,24,15
16675,228,0,25,15
17434,228,0,26,15
18197,228,0,27,15
18961,228,0,28,15
19730,228,0,29,15
20499,228,0,30,15
21270,228,0,31,15
22042,228,0,32,15
22820,228,-1,33,15
23599,228,0,34,16
24379,228,0,35,16
25160,228,9,36,16
25941,228,1,37,7
26722,228,6,38,6
227,229,0,1,0
843,229,0,2,0
1471,229,0,3,0
2119,229,0,4,0
2778,229,0,5,0
3439,229,0,6,0
4103,229,0,7,0
4769,229,0,8,0
5436,229,0,9,0
6106,229,0,10,0
6780,229,0,11,0
7458,229,0,12,0
8142,229,0,13,0
8832,229,0,14,0
9525,229,0,15,0
10218,229,0,16,0
10919,229,0,17,0
11620,229,0,18,0
12325,229,0,19,0
13034,229,0,20,0
13745,229,0,21,0
14469,229,0,22,0
15198,229,0,23,0
15934,229,0,24,0
16676,229,0,25,0
17435,229,0,26,0
18198,229,0,27,0
18962,229,0,28,0
19731,229,0,29,0
20500,229,0,30,0
21271,229,0,31,0
22043,229,0,32,0
22821,229,0,33,0
23600,229,0,34,0
24380,229,0,35,0
25161,229,0,36,0
25942,229,0,37,0
26723,229,0,38,0
228,230,2,1,93
844,230,2,2,91
1472,230,6,3,89
2120,230,12,4,83
2779,230,2,5,71
3440,230,15,6,69
4104,230,2,7,54
4770,230,6,8,52
5437,230,2,9,46
6107,230,2,10,44
6781,230,0,11,42
7459,230,3,12,42
8143,230,2,13,39
8833,230,9,14,37
9526,230,0,15,28
10219,230,0,16,28
10920,230,0,17,28
11621,230,0,18,28
12326,230,0,19,28
13035,230,0,20,28
13746,230,0,21,28
14470,230,0,22,28
15199,230,0,23,28
15935,230,0,24,28
16677,230,0,25,28
17436,230,0,26,28
18199,230,0,27,28
18963,230,0,28,28
19732,230,0,29,28
20501,230,0,30,28
21272,230,1,31,28
22044,230,4,32,27
22822,230,1,33,23
23601,230,1,34,22
24381,230,10,35,21
25162,230,4,36,11
25943,230,6,37,7
26724,230,1,38,1
229,231,1,1,121
845,231,0,2,120
1473,231,1,3,120
2121,231,1,4,119
2780,231,0,5,118
3441,231,2,6,118
4105,231,0,7,116
4771,231,7,8,116
5438,231,2,9,109
6108,231,2,10,107
6782,231,6,11,105
7460,231,6,12,99
8144,231,-1,13,93
8834,231,11,14,94
9527,231,0,15,83
10220,231,7,16,83
10921,231,7,17,76
11622,231,1,18,69
12327,231,1,19,68
13036,231,2,20,67
13747,231,2,21,65
14471,231,1,22,63
15200,231,6,23,62
15936,231,7,24,56
16678,231,2,25,49
17437,231,1,26,47
18200,231,6,27,46
18964,231,2,28,40
19733,231,2,29,38
20502,231,2,30,36
21273,231,0,31,34
22045,231,6,32,34
22823,231,1,33,28
23602,231,2,34,27
24382,231,0,35,25
25163,231,8,36,25
25944,231,8,37,17
26725,231,9,38,9
230,232,1,1,114
846,232,1,2,113
1474,232,2,3,112
2122,232,1,4,110
2781,232,8,5,109
3442,232,3,6,101
4106,232,2,7,98
4772,232,9,8,96
5439,232,2,9,87
6109,232,2,10,85
6783,232,2,11,83
7461,232,2,12,81
8145,232,2,13,79
8835,232,2,14,77
9528,232,0,15,75
10221,232,2,16,75
10922,232,1,17,73
11623,232,9,18,72
12328,232,2,19,63
13037,232,2,20,61
13748,232,2,21,59
14472,232,7,22,57
15201,232,8,23,50
15937,232,9,24,42
16679,232,0,25,33
17438,232,0,26,33
18201,232,0,27,33
18965,232,0,28,33
19734,232,0,29,33
20503,232,1,30,33
21274,232,9,31,32
22046,232,2,32,23
22824,232,2,33,21
23603,232,1,34,19
24383,232,2,35,18
25164,232,1,36,16
25945,232,13,37,15
26726,232,2,38,2
231,233,10,1,65
847,233,1,2,55
1475,233,9,3,54
2123,233,1,4,45
2782,233,2,5,44
3443,233,2,6,42
4107,233,0,7,40
4773,233,2,8,40
5440,233,0,9,38
6110,233,2,10,38
6784,233,2,11,36
7462,233,0,12,34
8146,233,0,13,34
8836,233,0,14,34
9529,233,0,15,34
10222,233,1,16,34
10923,233,2,17,33
11624,233,2,18,31
12329,233,1,19,29
13038,233,0,20,28
13749,233,2,21,28
14473,233,1,22,26
15202,233,0,23,25
15938,233,1,24,25
16680,233,0,25,24
17439,233,0,26,24
18202,233,0,27,24
18966,233,0,28,24
19735,233,0,29,24
20504,233,1,30,24
21275,233,2,31,23
22047,233,3,32,21
22825,233,8,33,18
23604,233,0,34,10
24384,233,1,35,10
25165,233,3,36,9
25946,233,3,37,6
26727,233,3,38,3
232,234,0,1,14
848,234,0,2,14
1476,234,0,3,14
2124,234,0,4,14
2783,234,0,5,14
3444,234,0,6,14
4108,234,0,7,14
4774,234,0,8,14
5441,234,0,9,14
6111,234,0,10,14
6785,234,0,11,14
7463,234,0,12,14
8147,234,1,13,14
8837,234,0,14,13
9530,234,0,15,13
10223,234,0,16,13
10924,234,0,17,13
11625,234,1,18,13
12330,234,1,19,12
13039,234,1,20,11
13750,234,0,21,10
14474,234,1,22,10
15203,234,1,23,9
15939,234,1,24,8
16681,234,0,25,7
17440,234,0,26,7
18203,234,0,27,7
18967,234,0,28,7
19736,234,0,29,7
20505,234,0,30,7
21276,234,2,31,7
22048,234,0,32,5
22826,234,0,33,5
23605,234,2,34,5
24385,234,3,35,3
25166,234,0,36,0
25947,234,0,37,0
26728,234,0,38,0
233,235,1,1,158
849,235,1,2,157
1477,235,2,3,156
2125,235,2,4,154
2784,235,2,5,152
3445,235,2,6,150
4109,235,15,7,148
4775,235,6,8,133
5442,235,2,9,127
6112,235,2,10,125
6786,235,11,11,123
7464,235,6,12,112
8148,235,0,13,106
8838,235,6,14,106
9531,235,0,15,100
10224,235,8,16,100
10925,235,7,17,92
11626,235,9,18,85
12331,235,1,19,76
13040,235,4,20,75
13751,235,1,21,71
14475,235,2,22,70
15204,235,5,23,68
15940,235,10,24,63
16682,235,3,25,53
17441,235,1,26,50
18204,235,2,27,49
18968,235,2,28,47
19737,235,3,29,45
20506,235,3,30,42
21277,235,3,31,39
22049,235,9,32,36
22827,235,1,33,27
23606,235,4,34,26
24386,235,2,35,22
25167,235,3,36,20
25948,235,6,37,17
26729,235,11,38,11
234,236,0,1,105
850,236,0,2,105
1478,236,1,3,105
2126,236,1,4,104
2785,236,2,5,103
3446,236,2,6,101
4110,236,8,7,99
4776,236,6,8,91
5443,236,1,9,85
6113,236,1,10,84
6787,236,8,11,83
7465,236,7,12,75
8149,236,0,13,68
8839,236,6,14,68
9532,236,0,15,62
10225,236,6,16,62
10926,236,6,17,56
11627,236,2,18,50
12332,236,0,19,48
13041,236,2,20,48
13752,236,2,21,46
14476,236,1,22,44
15205,236,7,23,43
15941,236,17,24,36
16683,236,2,25,19
17442,236,1,26,17
18205,236,2,27,16
18969,236,2,28,14
19738,236,2,29,12
20507,236,1,30,10
21278,236,1,31,9
22050,236,7,32,8
22828,236,1,33,1
23607,236,0,34,0
24387,236,0,35,0
25168,236,0,36,0
25949,236,0,37,0
26730,236,0,38,0
235,237,0,1,3
851,237,0,2,3
1479,237,0,3,3
2127,237,0,4,3
2786,237,0,5,3
3447,237,0,6,3
4111,237,0,7,3
4777,237,0,8,3
5444,237,0,9,3
6114,237,0,10,3
6788,237,0,11,3
7466,237,0,12,3
8150,237,0,13,3
8840,237,0,14,3
9533,237,0,15,3
10226,237,0,16,3
10927,237,0,17,3
11628,237,0,18,3
12333,237,0,19,3
13042,237,0,20,3
13753,237,0,21,3
14477,237,0,22,3
15206,237,0,23,3
15942,237,0,24,3
16684,237,0,25,3
17443,237,0,26,3
18206,237,0,27,3
18970,237,0,28,3
19739,237,0,29,3
20508,237,1,30,3
21279,237,0,31,2
22051,237,0,32,2
22829,237,0,33,2
23608,237,1,34,2
24388,237,1,35,1
25169,237,0,36,0
25950,237,0,37,0
26731,237,0,38,0
236,238,-2,1,98
852,238,0,2,100
1480,238,0,3,100
2128,238,0,4,100
2787,238,6,5,100
3448,238,5,6,94
4112,238,6,7,89
4778,238,6,8,83
5445,238,6,9,77
6115,238,2,10,71
6789,238,5,11,69
7467,238,9,12,64
8151,238,-1,13,55
8841,238,15,14,56
9534,238,0,15,41
10227,238,5,16,41
10928,238,5,17,36
11629,238,0,18,31
12334,238,1,19,31
13043,238,2,20,30
13754,238,2,21,28
14478,238,0,22,26
15207,238,1,23,26
15943,238,2,24,25
16685,238,4,25,23
17444,238,-1,26,19
18207,238,1,27,20
18971,238,1,28,19
19740,238,0,29,18
20509,238,1,30,18
21280,238,1,31,17
22052,238,0,32,16
22830,238,0,33,16
23609,238,1,34,16
24389,238,1,35,15
25170,238,2,36,14
25951,238,7,37,12
26732,238,5,38,5
237,239,3,1,95
853,239,5,2,92
1481,239,9,3,87
2129,239,2,4,78
2788,239,4,5,76
3449,239,3,6,72
4113,239,2,7,69
4779,239,2,8,67
5446,239,3,9,65
6116,239,4,10,62
6790,239,1,11,58
7468,239,1,12,57
8152,239,0,13,56
8842,239,1,14,56
9535,239,1,15,55
10228,239,1,16,54
10929,239,1,17,53
11630,239,2,18,52
12335,239,1,19,50
13044,239,1,20,49
13755,239,1,21,48
14479,239,6,22,47
15208,239,1,23,41
15944,239,2,24,40
16686,239,6,25,38
17445,239,2,26,32
18208,239,7,27,30
18972,239,0,28,23
19741,239,1,29,23
20510,239,2,30,22
21281,239,1,31,20
22053,239,1,32,19
22831,239,1,33,18
23610,239,5,34,17
24390,239,0,35,12
25171,239,1,36,12
25952,239,9,37,11
26733,239,2,38,2
238,240,1,1,81
854,240,2,2,80
1482,240,2,3,78
2130,240,3,4,76
2789,240,1,5,73
3450,240,6,6,72
4114,240,8,7,66
4780,240,0,8,58
5447,240,3,9,58
6117,240,2,10,55
6791,240,3,11,53
7469,240,0,12,50
8153,240,0,13,50
8843,240,3,14,50
9536,240,1,15,47
10229,240,6,16,46
10930,240,0,17,40
11631,240,2,18,40
12336,240,5,19,38
13045,240,0,20,33
13756,240,2,21,33
14480,240,0,22,31
15209,240,1,23,31
15945,240,3,24,30
16687,240,1,25,27
17446,240,1,26,26
18209,240,6,27,25
18973,240,2,28,19
19742,240,6,29,17
20511,240,0,30,11
21282,240,2,31,11
22054,240,2,32,9
22832,240,2,33,7
23611,240,1,34,5
24391,240,0,35,4
25172,240,2,36,4
25953,240,0,37,2
26734,240,2,38,2
239,241,1,1,75
855,241,2,2,74
1483,241,2,3,72
2131,241,2,4,70
2790,241,2,5,68
3451,241,6,6,66
4115,241,0,7,60
4781,241,0,8,60
5448,241,2,9,60
6118,241,2,10,58
6792,241,6,11,56
7470,241,-1,12,50
8154,241,2,13,51
8844,241,2,14,49
9537,241,1,15,47
10230,241,0,16,46
10931,241,6,17,46
11632,241,2,18,40
12337,241,1,19,38
13046,241,1,20,37
13757,241,1,21,36
14481,241,6,22,35
15210,241,2,23,29
15946,241,2,24,27
16688,241,8,25,25
17447,241,1,26,17
18210,241,1,27,16
18974,241,1,28,15
19743,241,6,29,14
20512,241,0,30,8
21283,241,1,31,8
22055,241,2,32,7
22833,241,0,33,5
23612,241,2,34,5
24392,241,1,35,3
25173,241,1,36,2
25954,241,1,37,1
26735,241,0,38,0
240,242,0,1,0
856,242,0,2,0
1484,242,0,3,0
2132,242,0,4,0
2791,242,0,5,0
3452,242,0,6,0
4116,242,0,7,0
4782,242,0,8,0
5449,242,0,9,0
6119,242,0,10,0
6793,242,0,11,0
7471,242,0,12,0
8155,242,0,13,0
8845,242,0,14,0
9538,242,0,15,0
10231,242,0,16,0
10932,242,0,17,0
11633,242,0,18,0
12338,242,0,19,0
13047,242,0,20,0
13758,242,0,21,0
14482,242,0,22,0
15211,242,0,23,0
15947,242,0,24,0
16689,242,0,25,0
17448,242,0,26,0
18211,242,0,27,0
18975,242,0,28,0
19744,242,0,29,0
20513,242,0,30,0
21284,242,0,31,0
22056,242,0,32,0
22834,242,0,33,0
23613,242,0,34,0
24393,242,0,35,0
25174,242,0,36,0
25955,242,0,37,0
26736,242,0,38,0
241,243,0,1,33
857,243,0,2,33
1485,243,1,3,33
2133,243,1,4,32
2792,243,0,5,31
3453,243,0,6,31
4117,243,1,7,31
4783,243,1,8,30
5450,243,0,9,29
6120,243,1,10,29
6794,243,1,11,28
7472,243,1,12,27
8156,243,3,13,26
8846,243,0,14,23
9539,243,0,15,23
10232,243,0,16,23
10933,243,3,17,23
11634,243,1,18,20
12339,243,1,19,19
13048,243,2,20,18
13759,243,1,21,16
14483,243,1,22,15
15212,243,1,23,14
15948,243,0,24,13
16690,243,0,25,13
17449,243,1,26,13
18212,243,0,27,12
18976,243,0,28,12
19745,243,1,29,12
20514,243,0,30,11
21285,243,0,31,11
22057,243,0,32,11
22835,243,1,33,11
23614,243,1,34,10
24394,243,0,35,9
25175,243,1,36,9
25956,243,6,37,8
26737,243,2,38,2
242,244,0,1,46
858,244,0,2,46
1486,244,0,3,46
2134,244,0,4,46
2793,244,0,5,46
3454,244,0,6,46
4118,244,1,7,46
4784,244,0,8,45
5451,244,0,9,45
6121,244,1,10,45
6795,244,0,11,44
7473,244,0,12,44
8157,244,1,13,44
8847,244,2,14,43
9540,244,0,15,41
10233,244,1,16,41
10934,244,6,17,40
11635,244,5,18,34
12340,244,1,19,29
13049,244,1,20,28
13760,244,0,21,27
14484,244,6,22,27
15213,244,2,23,21
15949,244,2,24,19
16691,244,2,25,17
17450,244,1,26,15
18213,244,2,27,14
18977,244,1,28,12
19746,244,6,29,11
20515,244,1,30,5
21286,244,1,31,4
22058,244,2,32,3
22836,244,0,33,1
23615,244,0,34,1
24395,244,1,35,1
25176,244,0,36,0
25957,244,0,37,0
26738,244,0,38,0
243,245,2,1,31
859,245,2,2,29
1487,245,2,3,27
2135,245,0,4,25
2794,245,1,5,25
3455,245,1,6,24
4119,245,0,7,23
4785,245,-2,8,23
5452,245,2,9,25
6122,245,0,10,23
6796,245,0,11,23
7474,245,0,12,23
8158,245,2,13,23
8848,245,2,14,21
9541,245,2,15,19
10234,245,0,16,17
10935,245,6,17,17
11636,245,2,18,11
12341,245,1,19,9
13050,245,1,20,8
13761,245,0,21,7
14485,245,1,22,7
15214,245,0,23,6
15950,245,1,24,6
16692,245,0,25,5
17451,245,1,26,5
18214,245,2,27,4
18978,245,1,28,2
19747,245,0,29,1
20516,245,1,30,1
21287,245,0,31,0
22059,245,0,32,0
22837,245,0,33,0
23616,245,0,34,0
24396,245,0,35,0
25177,245,0,36,0
25958,245,0,37,0
26739,245,0,38,0
244,246,0,1,0
860,246,0,2,0
1488,246,0,3,0
2136,246,0,4,0
2795,246,0,5,0
3456,246,0,6,0
4120,246,0,7,0
4786,246,0,8,0
5453,246,0,9,0
6123,246,0,10,0
6797,246,0,11,0
7475,246,0,12,0
8159,246,0,13,0
8849,246,0,14,0
9542,246,0,15,0
10235,246,0,16,0
10936,246,0,17,0
11637,246,0,18,0
12342,246,0,19,0
13051,246,0,20,0
13762,246,0,21,0
14486,246,0,22,0
15215,246,0,23,0
15951,246,0,24,0
16693,246,0,25,0
17452,246,0,26,0
18215,246,0,27,0
18979,246,0,28,0
19748,246,0,29,0
20517,246,0,30,0
21288,246,0,31,0
22060,246,0,32,0
22838,246,0,33,0
23617,246,0,34,0
24397,246,0,35,0
25178,246,0,36,0
25959,246,0,37,0
26740,246,0,38,0
245,247,2,1,156
861,247,8,2,154
1489,247,2,3,146
2137,247,3,4,144
2796,247,7,5,141
3457,247,3,6,134
4121,247,2,7,131
4787,247,2,8,129
5454,247,11,9,127
6124,247,2,10,116
6798,247,5,11,114
7476,247,7,12,109
8160,247,5,13,102
8850,247,15,14,97
9543,247,2,15,82
10236,247,2,16,80
10937,247,3,17,78
11638,247,2,18,75
12343,247,2,19,73
13052,247,2,20,71
13763,247,15,21,69
14487,247,1,22,54
15216,247,2,23,53
15952,247,2,24,51
16694,247,2,25,49
17453,247,2,26,47
18216,247,1,27,45
18980,247,5,28,44
19749,247,3,29,39
20518,247,1,30,36
21289,247,13,31,35
22061,247,2,32,22
22839,247,8,33,20
23618,247,5,34,12
24398,247,2,35,7
25179,247,2,36,5
25960,247,2,37,3
26741,247,1,38,1
246,248,3,1,115
862,248,3,2,112
1490,248,3,3,109
2138,248,2,4,106
2797,248,2,5,104
3458,248,5,6,102
4122,248,2,7,97
4788,248,5,8,95
5455,248,3,9,90
6125,248,2,10,87
6799,248,9,11,85
7477,248,0,12,76
8161,248,2,13,76
8851,248,2,14,74
9544,248,3,15,72
10237,248,1,16,69
10938,248,6,17,68
11639,248,4,18,62
12344,248,3,19,58
13053,248,1,20,55
13764,248,1,21,54
14488,248,7,22,53
15217,248,2,23,46
15953,248,2,24,44
16695,248,2,25,42
17454,248,2,26,40
18217,248,3,27,38
18981,248,1,28,35
19750,248,13,29,34
20519,248,2,30,21
21290,248,1,31,19
22062,248,2,32,18
22840,248,2,33,16
23619,248,2,34,14
24399,248,2,35,12
25180,248,2,36,10
25961,248,6,37,8
26742,248,2,38,2
247,249,2,1,56
863,249,2,2,54
1491,249,1,3,52
2139,249,2,4,51
2798,249,0,5,49
3459,249,2,6,49
4123,249,2,7,47
4789,249,0,8,45
5456,249,0,9,45
6126,249,0,10,45
6800,249,0,11,45
7478,249,2,12,45
8162,249,1,13,43
8852,249,0,14,42
9545,249,1,15,42
10238,249,2,16,41
10939,249,1,17,39
11640,249,5,18,38
12345,249,2,19,33
13054,249,2,20,31
13765,249,1,21,29
14489,249,5,22,28
15218,249,2,23,23
15954,249,2,24,21
16696,249,2,25,19
17455,249,2,26,17
18218,249,1,27,15
18982,249,0,28,14
19751,249,0,29,14
20520,249,1,30,14
21291,249,1,31,13
22063,249,2,32,12
22841,249,3,33,10
23620,249,1,34,7
24400,249,2,35,6
25181,249,0,36,4
25962,249,2,37,4
26743,249,2,38,2
248,250,0,1,0
864,250,0,2,0
1492,250,0,3,0
2140,250,0,4,0
2799,250,0,5,0
3460,250,0,6,0
4124,250,0,7,0
4790,250,0,8,0
5457,250,0,9,0
6127,250,0,10,0
6801,250,0,11,0
7479,250,0,12,0
8163,250,0,13,0
8853,250,0,14,0
9546,250,0,15,0
10239,250,0,16,0
10940,250,0,17,0
11641,250,0,18,0
12346,250,0,19,0
13055,250,0,20,0
13766,250,0,21,0
14490,250,0,22,0
15219,250,0,23,0
15955,250,0,24,0
16697,250,0,25,0
17456,250,0,26,0
18219,250,0,27,0
18983,250,0,28,0
19752,250,0,29,0
20521,250,0,30,0
21292,250,0,31,0
22064,250,0,32,0
22842,250,0,33,0
23621,250,0,34,0
24401,250,0,35,0
25182,250,0,36,0
25963,250,0,37,0
26744,250,0,38,0
249,251,2,1,86
865,251,2,2,84
1493,251,2,3,82
2141,251,1,4,80
2800,251,4,5,79
3461,251,1,6,75
4125,251,6,7,74
4791,251,0,8,68
5458,251,1,9,68
6128,251,0,10,67
6802,251,1,11,67
7480,251,1,12,66
8164,251,1,13,65
8854,251,2,14,64
9547,251,1,15,62
10240,251,7,16,61
10941,251,2,17,54
11642,251,7,18,52
12347,251,1,19,45
13056,251,1,20,44
13767,251,1,21,43
14491,251,1,22,42
15220,251,1,23,41
15956,251,8,24,40
16698,251,1,25,32
17457,251,1,26,31
18220,251,9,27,30
18984,251,1,28,21
19753,251,7,29,20
20522,251,5,30,13
21293,251,7,31,8
22065,251,1,32,1
22843,251,0,33,0
23622,251,0,34,0
24402,251,0,35,0
25183,251,0,36,0
25964,251,0,37,0
26745,251,0,38,0
250,252,1,1,147
866,252,1,2,146
1494,252,1,3,145
2142,252,9,4,144
2801,252,6,5,135
3462,252,9,6,129
4126,252,5,7,120
4792,252,7,8,115
5459,252,2,9,108
6129,252,2,10,106
6803,252,5,11,104
7481,252,2,12,99
8165,252,2,13,97
8855,252,1,14,95
9548,252,8,15,94
10241,252,2,16,86
10942,252,0,17,84
11643,252,2,18,84
12348,252,9,19,82
13057,252,13,20,73
13768,252,1,21,60
14492,252,2,22,59
15221,252,2,23,57
15957,252,8,24,55
16699,252,5,25,47
17458,252,2,26,42
18221,252,1,27,40
18985,252,8,28,39
19754,252,2,29,31
20523,252,2,30,29
21294,252,1,31,27
22066,252,1,32,26
22844,252,2,33,25
23623,252,1,34,23
24403,252,2,35,22
25184,252,9,36,20
25965,252,9,37,11
26746,252,2,38,2
251,253,0,1,0
867,253,0,2,0
1495,253,0,3,0
2143,253,0,4,0
2802,253,0,5,0
3463,253,0,6,0
4127,253,0,7,0
4793,253,0,8,0
5460,253,0,9,0
6130,253,0,10,0
6804,253,0,11,0
7482,253,0,12,0
8166,253,0,13,0
8856,253,0,14,0
9549,253,0,15,0
10242,253,0,16,0
10943,253,0,17,0
11644,253,0,18,0
12349,253,0,19,0
13058,253,0,20,0
13769,253,0,21,0
14493,253,0,22,0
15222,253,0,23,0
15958,253,0,24,0
16700,253,0,25,0
17459,253,0,26,0
18222,253,0,27,0
18986,253,0,28,0
19755,253,0,29,0
20524,253,0,30,0
21295,253,0,31,0
22067,253,0,32,0
22845,253,0,33,0
23624,253,0,34,0
24404,253,0,35,0
25185,253,0,36,0
25966,253,0,37,0
26747,253,0,38,0
252,254,1,1,10
868,254,1,2,9
1496,254,1,3,8
2144,254,1,4,7
2803,254,0,5,6
3464,254,0,6,6
4128,254,0,7,6
4794,254,0,8,6
5461,254,1,9,6
6131,254,0,10,5
6805,254,1,11,5
7483,254,0,12,4
8167,254,0,13,4
8857,254,0,14,4
9550,254,0,15,4
10243,254,0,16,4
10944,254,0,17,4
11645,254,0,18,4
12350,254,0,19,4
13059,254,0,20,4
13770,254,0,21,4
14494,254,0,22,4
15223,254,0,23,4
15959,254,0,24,4
16701,254,1,25,4
17460,254,0,26,3
18223,254,0,27,3
18987,254,1,28,3
19756,254,0,29,2
20525,254,0,30,2
21296,254,1,31,2
22068,254,0,32,1
22846,254,0,33,1
23625,254,0,34,1
24405,254,1,35,1
25186,254,0,36,0
25967,254,0,37,0
26748,254,0,38,0
253,255,2,1,106
869,255,7,2,104
1497,255,4,3,97
2145,255,2,4,93
2804,255,2,5,91
3465,255,7,6,89
4129,255,1,7,82
4795,255,1,8,81
5462,255,2,9,80
6132,255,6,10,78
6806,255,6,11,72
7484,255,0,12,66
8168,255,2,13,66
8858,255,6,14,64
9551,255,1,15,58
10244,255,6,16,57
10945,255,6,17,51
11646,255,1,18,45
12351,255,4,19,44
13060,255,1,20,40
13771,255,7,21,39
14495,255,8,22,32
15224,255,2,23,24
15960,255,4,24,22
16702,255,2,25,18
17461,255,1,26,16
18224,255,0,27,15
18988,255,0,28,15
19757,255,7,29,15
20526,255,1,30,8
21297,255,1,31,7
22069,255,1,32,6
22847,255,1,33,5
23626,255,0,34,4
24406,255,2,35,4
25187,255,0,36,2
25968,255,1,37,2
26749,255,1,38,1
254,256,1,1,1
870,256,0,2,0
1498,256,0,3,0
2146,256,0,4,0
2805,256,0,5,0
3466,256,0,6,0
4130,256,0,7,0
4796,256,0,8,0
5463,256,0,9,0
6133,256,0,10,0
6807,256,0,11,0
7485,256,0,12,0
8169,256,0,13,0
8859,256,0,14,0
9552,256,0,15,0
10245,256,0,16,0
10946,256,0,17,0
11647,256,0,18,0
12352,256,0,19,0
13061,256,0,20,0
13772,256,0,21,0
14496,256,0,22,0
15225,256,0,23,0
15961,256,0,24,0
16703,256,0,25,0
17462,256,0,26,0
18225,256,0,27,0
18989,256,0,28,0
19758,256,0,29,0
20527,256,0,30,0
21298,256,0,31,0
22070,256,0,32,0
22848,256,0,33,0
23627,256,0,34,0
24407,256,0,35,0
25188,256,0,36,0
25969,256,0,37,0
26750,256,0,38,0
255,257,2,1,49
871,257,2,2,47
1499,257,2,3,45
2147,257,2,4,43
2806,257,1,5,41
3467,257,5,6,40
4131,257,1,7,35
4797,257,1,8,34
5464,257,2,9,33
6134,257,2,10,31
6808,257,6,11,29
7486,257,3,12,23
8170,257,2,13,20
8860,257,0,14,18
9553,257,5,15,18
10246,257,1,16,13
10947,257,0,17,12
11648,257,0,18,12
12353,257,0,19,12
13062,257,0,20,12
13773,257,0,21,12
14497,257,0,22,12
15226,257,0,23,12
15962,257,0,24,12
16704,257,0,25,12
17463,257,0,26,12
18226,257,0,27,12
18990,257,0,28,12
19759,257,0,29,12
20528,257,0,30,12
21299,257,1,31,12
22071,257,0,32,11
22849,257,6,33,11
23628,257,2,34,5
24408,257,1,35,3
25189,257,1,36,2
25970,257,0,37,1
26751,257,1,38,1
256,258,0,1,3
872,258,0,2,3
1500,258,0,3,3
2148,258,0,4,3
2807,258,0,5,3
3468,258,0,6,3
4132,258,0,7,3
4798,258,0,8,3
5465,258,0,9,3
6135,258,0,10,3
6809,258,0,11,3
7487,258,0,12,3
8171,258,0,13,3
8861,258,0,14,3
9554,258,0,15,3
10247,258,0,16,3
10948,258,1,17,3
11649,258,0,18,2
12354,258,0,19,2
13063,258,0,20,2
13774,258,0,21,2
14498,258,0,22,2
15227,258,0,23,2
15963,258,0,24,2
16705,258,0,25,2
17464,258,0,26,2
18227,258,0,27,2
18991,258,0,28,2
19760,258,0,29,2
20529,258,0,30,2
21300,258,0,31,2
22072,258,0,32,2
22850,258,1,33,2
23629,258,1,34,1
24409,258,0,35,0
25190,258,0,36,0
25971,258,0,37,0
26752,258,0,38,0
257,259,1,1,78
873,259,0,2,77
1501,259,1,3,77
2149,259,0,4,76
2808,259,0,5,76
3469,259,0,6,76
4133,259,0,7,76
4799,259,1,8,76
5466,259,1,9,75
6136,259,13,10,74
6810,259,6,11,61
7488,259,1,12,55
8172,259,1,13,54
8862,259,2,14,53
9555,259,1,15,51
10248,259,2,16,50
10949,259,3,17,48
11650,259,6,18,45
12355,259,8,19,39
13064,259,6,20,31
13775,259,2,21,25
14499,259,7,22,23
15228,259,1,23,16
15964,259,0,24,15
16706,259,0,25,15
17465,259,0,26,15
18228,259,0,27,15
18992,259,0,28,15
19761,259,0,29,15
20530,259,0,30,15
21301,259,0,31,15
22073,259,0,32,15
22851,259,1,33,15
23630,259,2,34,14
24410,259,2,35,12
25191,259,2,36,10
25972,259,6,37,8
26753,259,2,38,2
258,260,1,1,8
874,260,0,2,7
1502,260,0,3,7
2150,260,0,4,7
2809,260,0,5,7
3470,260,0,6,7
4134,260,0,7,7
4800,260,0,8,7
5467,260,0,9,7
6137,260,0,10,7
6811,260,0,11,7
7489,260,1,12,7
8173,260,0,13,6
8863,260,1,14,6
9556,260,1,15,5
10249,260,1,16,4
10950,260,0,17,3
11651,260,1,18,3
12356,260,1,19,2
13065,260,1,20,1
13776,260,0,21,0
14500,260,0,22,0
15229,260,0,23,0
15965,260,0,24,0
16707,260,0,25,0
17466,260,0,26,0
18229,260,0,27,0
18993,260,0,28,0
19762,260,0,29,0
20531,260,0,30,0
21302,260,0,31,0
22074,260,0,32,0
22852,260,0,33,0
23631,260,0,34,0
24411,260,0,35,0
25192,260,0,36,0
25973,260,0,37,0
26754,260,0,38,0
259,261,0,1,0
875,261,0,2,0
1503,261,0,3,0
2151,261,0,4,0
2810,261,0,5,0
3471,261,0,6,0
4135,261,0,7,0
4801,261,0,8,0
5468,261,0,9,0
6138,261,0,10,0
6812,261,0,11,0
7490,261,0,12,0
8174,261,0,13,0
8864,261,0,14,0
9557,261,0,15,0
10250,261,0,16,0
10951,261,0,17,0
11652,261,0,18,0
12357,261,0,19,0
13066,261,0,20,0
13777,261,0,21,0
14501,261,0,22,0
15230,261,0,23,0
15966,261,0,24,0
16708,261,0,25,0
17467,261,0,26,0
18230,261,0,27,0
18994,261,0,28,0
19763,261,0,29,0
20532,261,0,30,0
21303,261,0,31,0
22075,261,0,32,0
22853,261,0,33,0
23632,261,0,34,0
24412,261,0,35,0
25193,261,0,36,0
25974,261,0,37,0
26755,261,0,38,0
260,262,0,1,37
876,262,0,2,37
1504,262,0,3,37
2152,262,0,4,37
2811,262,0,5,37
3472,262,0,6,37
4136,262,0,7,37
4802,262,0,8,37
5469,262,0,9,37
6139,262,0,10,37
6813,262,0,11,37
7491,262,0,12,37
8175,262,1,13,37
8865,262,1,14,36
9558,262,0,15,35
10251,262,0,16,35
10952,262,1,17,35
11653,262,1,18,34
12358,262,3,19,33
13067,262,1,20,30
13778,262,2,21,29
14502,262,0,22,27
15231,262,1,23,27
15967,262,2,24,26
16709,262,0,25,24
17468,262,1,26,24
18231,262,1,27,23
18995,262,1,28,22
19764,262,1,29,21
20533,262,7,30,20
21304,262,3,31,13
22076,262,1,32,10
22854,262,0,33,9
23633,262,0,34,9
24413,262,0,35,9
25194,262,0,36,9
25975,262,1,37,9
26756,262,8,38,8
261,263,0,1,26
877,263,0,2,26
1505,263,0,3,26
2153,263,0,4,26
2812,263,0,5,26
3473,263,0,6,26
4137,263,0,7,26
4803,263,1,8,26
5470,263,0,9,25
6140,263,2,10,25
6814,263,2,11,23
7492,263,2,12,21
8176,263,2,13,19
8866,263,0,14,17
9559,263,4,15,17
10252,263,2,16,13
10953,263,0,17,11
11654,263,0,18,11
12359,263,0,19,11
13068,263,0,20,11
13779,263,0,21,11
14503,263,-1,22,11
15232,263,0,23,12
15968,263,0,24,12
16710,263,0,25,12
17469,263,0,26,12
18232,263,0,27,12
18996,263,0,28,12
19765,263,1,29,12
20534,263,2,30,11
21305,263,1,31,9
22077,263,1,32,8
22855,263,0,33,7
23634,263,1,34,7
24414,263,4,35,6
25195,263,2,36,2
25976,263,0,37,0
26757,263,0,38,0
262,264,0,1,30
878,264,0,2,30
1506,264,0,3,30
2154,264,1,4,30
2813,264,2,5,29
3474,264,1,6,27
4138,264,2,7,26
4804,264,2,8,24
5471,264,1,9,22
6141,264,1,10,21
6815,264,0,11,20
7493,264,5,12,20
8177,264,1,13,15
8867,264,2,14,14
9560,264,1,15,12
10253,264,2,16,11
10954,264,2,17,9
11655,264,0,18,7
12360,264,3,19,7
13069,264,1,20,4
13780,264,2,21,3
14504,264,0,22,1
15233,264,1,23,1
15969,264,0,24,0
16711,264,0,25,0
17470,264,0,26,0
18233,264,0,27,0
18997,264,0,28,0
19766,264,0,29,0
20535,264,0,30,0
21306,264,0,31,0
22078,264,0,32,0
22856,264,0,33,0
23635,264,0,34,0
24415,264,0,35,0
25196,264,0,36,0
25977,264,0,37,0
26758,264,0,38,0
263,265,2,1,41
879,265,1,2,39
1507,265,1,3,38
2155,265,1,4,37
2814,265,1,5,36
3475,265,0,6,35
4139,265,1,7,35
4805,265,1,8,34
5472,265,5,9,33
6142,265,2,10,28
6816,265,0,11,26
7494,265,1,12,26
8178,265,2,13,25
8868,265,1,14,23
9561,265,7,15,22
10254,265,5,16,15
10955,265,2,17,10
11656,265,0,18,8
12361,265,0,19,8
13070,265,0,20,8
13781,265,0,21,8
14505,265,0,22,8
15234,265,0,23,8
15970,265,0,24,8
16712,265,0,25,8
17471,265,0,26,8
18234,265,0,27,8
18998,265,0,28,8
19767,265,0,29,8
20536,265,0,30,8
21307,265,1,31,8
22079,265,0,32,7
22857,265,1,33,7
23636,265,1,34,6
24416,265,1,35,5
25197,265,1,36,4
25978,265,1,37,3
26759,265,2,38,2
264,266,0,1,1
880,266,0,2,1
1508,266,0,3,1
2156,266,0,4,1
2815,266,0,5,1
3476,266,0,6,1
4140,266,0,7,1
4806,266,1,8,1
5473,266,-5,9,0
6143,266,0,10,5
6817,266,0,11,5
7495,266,0,12,5
8179,266,1,13,5
8869,266,2,14,4
9562,266,0,15,2
10255,266,1,16,2
10956,266,0,17,1
11657,266,1,18,1
12362,266,0,19,0
13071,266,0,20,0
13782,266,0,21,0
14506,266,0,22,0
15235,266,0,23,0
15971,266,0,24,0
16713,266,0,25,0
17472,266,0,26,0
18235,266,0,27,0
18999,266,0,28,0
19768,266,0,29,0
20537,266,0,30,0
21308,266,0,31,0
22080,266,0,32,0
22858,266,0,33,0
23637,266,0,34,0
24417,266,0,35,0
25198,266,0,36,0
25979,266,0,37,0
26760,266,0,38,0
265,267,1,1,52
881,267,0,2,51
1509,267,7,3,51
2157,267,6,4,44
2816,267,2,5,38
3477,267,2,6,36
4141,267,0,7,34
4807,267,1,8,34
5474,267,2,9,33
6144,267,10,10,31
6818,267,1,11,21
7496,267,2,12,20
8180,267,2,13,18
8870,267,2,14,16
9563,267,1,15,14
10256,267,2,16,13
10957,267,0,17,11
11658,267,1,18,11
12363,267,5,19,10
13072,267,0,20,5
13783,267,1,21,5
14507,267,-1,22,4
15236,267,0,23,5
15972,267,1,24,5
16714,267,0,25,4
17473,267,0,26,4
18236,267,1,27,4
19000,267,2,28,3
19769,267,0,29,1
20538,267,0,30,1
21309,267,1,31,1
22081,267,2,32,0
22859,267,-4,33,-2
23638,267,0,34,2
24418,267,0,35,2
25199,267,0,36,2
25980,267,1,37,2
26761,267,1,38,1
266,268,2,1,132
882,268,2,2,130
1510,268,7,3,128
2158,268,1,4,121
2817,268,1,5,120
3478,268,12,6,119
4142,268,6,7,107
4808,268,2,8,101
5475,268,5,9,99
6145,268,2,10,94
6819,268,11,11,92
7497,268,2,12,81
8181,268,2,13,79
8871,268,2,14,77
9564,268,1,15,75
10257,268,1,16,74
10958,268,0,17,73
11659,268,2,18,73
12364,268,11,19,71
13073,268,8,20,60
13784,268,1,21,52
14508,268,2,22,51
15237,268,1,23,49
15973,268,9,24,48
16715,268,8,25,39
17474,268,2,26,31
18237,268,1,27,29
19001,268,2,28,28
19770,268,2,29,26
20539,268,9,30,24
21310,268,8,31,15
22082,268,1,32,7
22860,268,1,33,6
23639,268,1,34,5
24419,268,1,35,4
25200,268,2,36,3
25981,268,1,37,1
26762,268,0,38,0
267,269,0,1,1
883,269,1,2,1
1511,269,0,3,0
2159,269,0,4,0
2818,269,0,5,0
3479,269,0,6,0
4143,269,0,7,0
4809,269,0,8,0
5476,269,0,9,0
6146,269,0,10,0
6820,269,0,11,0
7498,269,0,12,0
8182,269,0,13,0
8872,269,0,14,0
9565,269,0,15,0
10258,269,0,16,0
10959,269,0,17,0
11660,269,0,18,0
12365,269,0,19,0
13074,269,0,20,0
13785,269,0,21,0
14509,269,0,22,0
15238,269,0,23,0
15974,269,0,24,0
16716,269,0,25,0
17475,269,0,26,0
18238,269,0,27,0
19002,269,0,28,0
19771,269,0,29,0
20540,269,0,30,0
21311,269,0,31,0
22083,269,0,32,0
22861,269,0,33,0
23640,269,0,34,0
24420,269,0,35,0
25201,269,0,36,0
25982,269,0,37,0
26763,269,0,38,0
268,270,1,1,37
884,270,0,2,36
1512,270,2,3,36
2160,270,6,4,34
2819,270,2,5,28
3480,270,0,6,26
4144,270,0,7,26
4810,270,0,8,26
5477,270,0,9,26
6147,270,0,10,26
6821,270,0,11,26
7499,270,0,12,26
8183,270,0,13,26
8873,270,1,14,26
9566,270,0,15,25
10259,270,0,16,25
10960,270,0,17,25
11661,270,2,18,25
12366,270,6,19,23
13075,270,1,20,17
13786,270,1,21,16
14510,270,0,22,15
15239,270,6,23,15
15975,270,1,24,9
16717,270,1,25,8
17476,270,0,26,7
18239,270,1,27,7
19003,270,1,28,6
19772,270,0,29,5
20541,270,0,30,5
21312,270,0,31,5
22084,270,0,32,5
22862,270,0,33,5
23641,270,0,34,5
24421,270,1,35,5
25202,270,2,36,4
25983,270,1,37,2
26764,270,1,38,1
269,271,1,1,2
885,271,1,2,1
1513,271,0,3,0
2161,271,0,4,0
2820,271,0,5,0
3481,271,0,6,0
4145,271,0,7,0
4811,271,0,8,0
5478,271,0,9,0
6148,271,0,10,0
6822,271,0,11,0
7500,271,0,12,0
8184,271,0,13,0
8874,271,0,14,0
9567,271,0,15,0
10260,271,0,16,0
10961,271,0,17,0
11662,271,0,18,0
12367,271,0,19,0
13076,271,0,20,0
13787,271,0,21,0
14511,271,0,22,0
15240,271,0,23,0
15976,271,0,24,0
16718,271,0,25,0
17477,271,0,26,0
18240,271,0,27,0
19004,271,0,28,0
19773,271,0,29,0
20542,271,0,30,0
21313,271,0,31,0
22085,271,0,32,0
22863,271,0,33,0
23642,271,0,34,0
24422,271,0,35,0
25203,271,0,36,0
25984,271,0,37,0
26765,271,0,38,0
270,272,0,1,46
886,272,0,2,46
1514,272,0,3,46
2162,272,1,4,46
2821,272,1,5,45
3482,272,1,6,44
4146,272,1,7,43
4812,272,1,8,42
5479,272,11,9,41
6149,272,0,10,30
6823,272,1,11,30
7501,272,0,12,29
8185,272,0,13,29
8875,272,0,14,29
9568,272,0,15,29
10261,272,0,16,29
10962,272,0,17,29
11663,272,0,18,29
12368,272,0,19,29
13077,272,0,20,29
13788,272,1,21,29
14512,272,1,22,28
15241,272,1,23,27
15977,272,1,24,26
16719,272,1,25,25
17478,272,1,26,24
18241,272,1,27,23
19005,272,1,28,22
19774,272,5,29,21
20543,272,1,30,16
21314,272,1,31,15
22086,272,2,32,14
22864,272,2,33,12
23643,272,1,34,10
24423,272,5,35,9
25204,272,0,36,4
25985,272,2,37,4
26766,272,2,38,2
271,273,0,1,0
887,273,0,2,0
1515,273,0,3,0
2163,273,0,4,0
2822,273,0,5,0
3483,273,0,6,0
4147,273,0,7,0
4813,273,0,8,0
5480,273,0,9,0
6150,273,0,10,0
6824,273,0,11,0
7502,273,0,12,0
8186,273,0,13,0
8876,273,0,14,0
9569,273,0,15,0
10262,273,0,16,0
10963,273,0,17,0
11664,273,0,18,0
12369,273,0,19,0
13078,273,0,20,0
13789,273,0,21,0
14513,273,0,22,0
15242,273,0,23,0
15978,273,0,24,0
16720,273,0,25,0
17479,273,0,26,0
18242,273,0,27,0
19006,273,0,28,0
19775,273,0,29,0
20544,273,0,30,0
21315,273,0,31,0
22087,273,0,32,0
22865,273,0,33,0
23644,273,0,34,0
24424,273,0,35,0
25205,273,0,36,0
25986,273,0,37,0
26767,273,0,38,0
272,274,1,1,88
888,274,2,2,87
1516,274,2,3,85
2164,274,2,4,83
2823,274,1,5,81
3484,274,6,6,80
4148,274,2,7,74
4814,274,2,8,72
5481,274,0,9,70
6151,274,3,10,70
6825,274,1,11,67
7503,274,9,12,66
8187,274,2,13,57
8877,274,2,14,55
9570,274,2,15,53
10263,274,2,16,51
10964,274,1,17,49
11665,274,2,18,48
12370,274,9,19,46
13079,274,0,20,37
13790,274,2,21,37
14514,274,2,22,35
15243,274,2,23,33
15979,274,2,24,31
16721,274,4,25,29
17480,274,9,26,25
18243,274,2,27,16
19007,274,1,28,14
19776,274,2,29,13
20545,274,0,30,11
21316,274,0,31,11
22088,274,0,32,11
22866,274,0,33,11
23645,274,0,34,11
24425,274,5,35,11
25206,274,2,36,6
25987,274,2,37,4
26768,274,2,38,2
273,275,0,1,30
889,275,3,2,30
1517,275,0,3,27
2165,275,0,4,27
2824,275,1,5,27
3485,275,0,6,26
4149,275,0,7,26
4815,275,0,8,26
5482,275,0,9,26
6152,275,2,10,26
6826,275,1,11,24
7504,275,0,12,23
8188,275,0,13,23
8878,275,0,14,23
9571,275,1,15,23
10264,275,1,16,22
10965,275,1,17,21
11666,275,2,18,20
12371,275,1,19,18
13080,275,1,20,17
13791,275,0,21,16
14515,275,-1,22,16
15244,275,1,23,17
15980,275,0,24,16
16722,275,2,25,16
17481,275,0,26,14
18244,275,0,27,14
19008,275,1,28,14
19777,275,0,29,13
20546,275,2,30,13
21317,275,1,31,11
22089,275,12,32,10
22867,275,0,33,-2
23646,275,-3,34,-2
24426,275,0,35,1
25207,275,1,36,1
25988,275,0,37,0
26769,275,0,38,0
274,276,0,1,0
890,276,0,2,0
1518,276,0,3,0
2166,276,0,4,0
2825,276,0,5,0
3486,276,0,6,0
4150,276,0,7,0
4816,276,0,8,0
5483,276,0,9,0
6153,276,0,10,0
6827,276,0,11,0
7505,276,0,12,0
8189,276,0,13,0
8879,276,0,14,0
9572,276,0,15,0
10265,276,0,16,0
10966,276,0,17,0
11667,276,0,18,0
12372,276,0,19,0
13081,276,0,20,0
13792,276,0,21,0
14516,276,0,22,0
15245,276,0,23,0
15981,276,0,24,0
16723,276,0,25,0
17482,276,0,26,0
18245,276,0,27,0
19009,276,0,28,0
19778,276,0,29,0
20547,276,0,30,0
21318,276,0,31,0
22090,276,0,32,0
22868,276,0,33,0
23647,276,0,34,0
24427,276,0,35,0
25208,276,0,36,0
25989,276,0,37,0
26770,276,0,38,0
275,277,2,1,13
891,277,2,2,11
1519,277,0,3,9
2167,277,1,4,9
2826,277,0,5,8
3487,277,1,6,8
4151,277,0,7,7
4817,277,0,8,7
5484,277,0,9,7
6154,277,0,10,7
6828,277,1,11,7
7506,277,0,12,6
8190,277,0,13,6
8880,277,0,14,6
9573,277,0,15,6
10266,277,0,16,6
10967,277,0,17,6
11668,277,0,18,6
12373,277,0,19,6
13082,277,0,20,6
13793,277,0,21,6
14517,277,1,22,6
15246,277,0,23,5
15982,277,0,24,5
16724,277,1,25,5
17483,277,0,26,4
18246,277,0,27,4
19010,277,0,28,4
19779,277,0,29,4
20548,277,0,30,4
21319,277,0,31,4
22091,277,0,32,4
22869,277,1,33,4
23648,277,1,34,3
24428,277,0,35,2
25209,277,0,36,2
25990,277,1,37,2
26771,277,1,38,1
276,278,2,1,67
892,278,1,2,65
1520,278,1,3,64
2168,278,2,4,63
2827,278,9,5,61
3488,278,1,6,52
4152,278,2,7,51
4818,278,2,8,49
5485,278,0,9,47
6155,278,8,10,47
6829,278,2,11,39
7507,278,2,12,37
8191,278,2,13,35
8881,278,2,14,33
9574,278,2,15,31
10267,278,2,16,29
10968,278,1,17,27
11669,278,0,18,26
12374,278,2,19,26
13083,278,1,20,24
13794,278,1,21,23
14518,278,2,22,22
15247,278,2,23,20
15983,278,2,24,18
16725,278,0,25,16
17484,278,1,26,16
18247,278,-1,27,15
19011,278,0,28,16
19780,278,0,29,16
20549,278,2,30,16
21320,278,2,31,14
22092,278,1,32,12
22870,278,2,33,11
23649,278,2,34,9
24429,278,1,35,7
25210,278,2,36,6
25991,278,2,37,4
26772,278,2,38,2
277,279,0,1,0
893,279,0,2,0
1521,279,0,3,0
2169,279,0,4,0
2828,279,0,5,0
3489,279,0,6,0
4153,279,0,7,0
4819,279,0,8,0
5486,279,0,9,0
6156,279,0,10,0
6830,279,0,11,0
7508,279,0,12,0
8192,279,0,13,0
8882,279,0,14,0
9575,279,0,15,0
10268,279,0,16,0
10969,279,0,17,0
11670,279,0,18,0
12375,279,0,19,0
13084,279,0,20,0
13795,279,0,21,0
14519,279,0,22,0
15248,279,0,23,0
15984,279,0,24,0
16726,279,0,25,0
17485,279,0,26,0
18248,279,0,27,0
19012,279,0,28,0
19781,279,0,29,0
20550,279,0,30,0
21321,279,0,31,0
22093,279,0,32,0
22871,279,0,33,0
23650,279,0,34,0
24430,279,0,35,0
25211,279,0,36,0
25992,279,0,37,0
26773,279,0,38,0
278,280,0,1,0
894,280,0,2,0
1522,280,0,3,0
2170,280,0,4,0
2829,280,0,5,0
3490,280,0,6,0
4154,280,0,7,0
4820,280,0,8,0
5487,280,0,9,0
6157,280,0,10,0
6831,280,0,11,0
7509,280,0,12,0
8193,280,0,13,0
8883,280,0,14,0
9576,280,0,15,0
10269,280,0,16,0
10970,280,0,17,0
11671,280,0,18,0
12376,280,0,19,0
13085,280,0,20,0
13796,280,0,21,0
14520,280,0,22,0
15249,280,0,23,0
15985,280,0,24,0
16727,280,0,25,0
17486,280,0,26,0
18249,280,0,27,0
19013,280,0,28,0
19782,280,0,29,0
20551,280,0,30,0
21322,280,0,31,0
22094,280,0,32,0
22872,280,0,33,0
23651,280,0,34,0
24431,280,0,35,0
25212,280,0,36,0
25993,280,0,37,0
26774,280,0,38,0
279,281,1,1,38
895,281,1,2,37
1523,281,0,3,36
2171,281,0,4,36
2830,281,0,5,36
3491,281,1,6,36
4155,281,1,7,35
4821,281,0,8,34
5488,281,0,9,34
6158,281,0,10,34
6832,281,0,11,34
7510,281,1,12,34
8194,281,1,13,33
8884,281,1,14,32
9577,281,2,15,31
10270,281,6,16,29
10971,281,1,17,23
11672,281,1,18,22
12377,281,1,19,21
13086,281,1,20,20
13797,281,1,21,19
14521,281,1,22,18
15250,281,0,23,17
15986,281,1,24,17
16728,281,1,25,16
17487,281,1,26,15
18250,281,1,27,14
19014,281,1,28,13
19783,281,1,29,12
20552,281,1,30,11
21323,281,1,31,10
22095,281,1,32,9
22873,281,1,33,8
23652,281,2,34,7
24432,281,2,35,5
25213,281,1,36,3
25994,281,1,37,2
26775,281,1,38,1
280,282,1,1,27
896,282,0,2,26
1524,282,2,3,26
2172,282,6,4,24
2831,282,2,5,18
3492,282,0,6,16
4156,282,0,7,16
4822,282,0,8,16
5489,282,0,9,16
6159,282,0,10,16
6833,282,1,11,16
7511,282,2,12,15
8195,282,1,13,13
8885,282,0,14,12
9578,282,0,15,12
10271,282,0,16,12
10972,282,0,17,12
11673,282,0,18,12
12378,282,0,19,12
13087,282,0,20,12
13798,282,0,21,12
14522,282,1,22,12
15251,282,0,23,11
15987,282,1,24,11
16729,282,-2,25,10
17488,282,0,26,12
18251,282,4,27,12
19015,282,0,28,8
19784,282,0,29,8
20553,282,2,30,8
21324,282,2,31,6
22096,282,-1,32,4
22874,282,0,33,5
23653,282,0,34,5
24433,282,1,35,5
25214,282,2,36,4
25995,282,1,37,2
26776,282,1,38,1
281,283,2,1,16
897,283,0,2,14
1525,283,0,3,14
2173,283,0,4,14
2832,283,0,5,14
3493,283,0,6,14
4157,283,0,7,14
4823,283,0,8,14
5490,283,0,9,14
6160,283,0,10,14
6834,283,0,11,14
7512,283,0,12,14
8196,283,0,13,14
8886,283,0,14,14
9579,283,0,15,14
10272,283,0,16,14
10973,283,0,17,14
11674,283,0,18,14
12379,283,9,19,14
13088,283,1,20,5
13799,283,2,21,4
14523,283,0,22,2
15252,283,0,23,2
15988,283,0,24,2
16730,283,0,25,2
17489,283,0,26,2
18252,283,0,27,2
19016,283,0,28,2
19785,283,0,29,2
20554,283,0,30,2
21325,283,0,31,2
22097,283,0,32,2
22875,283,0,33,2
23654,283,0,34,2
24434,283,0,35,2
25215,283,0,36,2
25996,283,0,37,2
26777,283,2,38,2
282,284,0,1,18
898,284,0,2,18
1526,284,2,3,18
2174,284,0,4,16
2833,284,0,5,16
3494,284,0,6,16
4158,284,0,7,16
4824,284,1,8,16
5491,284,1,9,15
6161,284,0,10,14
6835,284,0,11,14
7513,284,0,12,14
8197,284,0,13,14
8887,284,0,14,14
9580,284,0,15,14
10273,284,0,16,14
10974,284,0,17,14
11675,284,2,18,14
12380,284,6,19,12
13089,284,1,20,6
13800,284,0,21,5
14524,284,0,22,5
15253,284,0,23,5
15989,284,0,24,5
16731,284,1,25,5
17490,284,0,26,4
18253,284,0,27,4
19017,284,2,28,4
19786,284,0,29,2
20555,284,0,30,2
21326,284,0,31,2
22098,284,0,32,2
22876,284,0,33,2
23655,284,1,34,2
24435,284,1,35,1
25216,284,0,36,0
25997,284,0,37,0
26778,284,0,38,0
283,285,1,1,48
899,285,0,2,47
1527,285,0,3,47
2175,285,0,4,47
2834,285,0,5,47
3495,285,0,6,47
4159,285,0,7,47
4825,285,0,8,47
5492,285,0,9,47
6162,285,1,10,47
6836,285,2,11,46
7514,285,1,12,44
8198,285,2,13,43
8888,285,1,14,41
9581,285,1,15,40
10274,285,0,16,39
10975,285,1,17,39
11676,285,2,18,38
12381,285,1,19,36
13090,285,1,20,35
13801,285,2,21,34
14525,285,2,22,32
15254,285,2,23,30
15990,285,2,24,28
16732,285,2,25,26
17491,285,2,26,24
18254,285,2,27,22
19018,285,2,28,20
19787,285,2,29,18
20556,285,2,30,16
21327,285,2,31,14
22099,285,2,32,12
22877,285,2,33,10
23656,285,1,34,8
24436,285,1,35,7
25217,285,1,36,6
25998,285,3,37,5
26779,285,2,38,2
284,286,0,1,0
900,286,0,2,0
1528,286,0,3,0
2176,286,0,4,0
2835,286,0,5,0
3496,286,0,6,0
4160,286,0,7,0
4826,286,0,8,0
5493,286,0,9,0
6163,286,0,10,0
6837,286,0,11,0
7515,286,0,12,0
8199,286,0,13,0
8889,286,0,14,0
9582,286,0,15,0
10275,286,0,16,0
10976,286,0,17,0
11677,286,0,18,0
12382,286,0,19,0
13091,286,0,20,0
13802,286,0,21,0
14526,286,0,22,0
15255,286,0,23,0
15991,286,0,24,0
16733,286,0,25,0
17492,286,0,26,0
18255,286,0,27,0
19019,286,0,28,0
19788,286,0,29,0
20557,286,0,30,0
21328,286,0,31,0
22100,286,0,32,0
22878,286,0,33,0
23657,286,0,34,0
24437,286,0,35,0
25218,286,0,36,0
25999,286,0,37,0
26780,286,0,38,0
285,287,0,1,4
901,287,0,2,4
1529,287,0,3,4
2177,287,1,4,4
2836,287,0,5,3
3497,287,0,6,3
4161,287,0,7,3
4827,287,0,8,3
5494,287,0,9,3
6164,287,0,10,3
6838,287,0,11,3
7516,287,0,12,3
8200,287,0,13,3
8890,287,0,14,3
9583,287,0,15,3
10276,287,1,16,3
10977,287,1,17,2
11678,287,0,18,1
12383,287,1,19,1
13092,287,0,20,0
13803,287,0,21,0
14527,287,0,22,0
15256,287,0,23,0
15992,287,0,24,0
16734,287,0,25,0
17493,287,0,26,0
18256,287,0,27,0
19020,287,0,28,0
19789,287,0,29,0
20558,287,0,30,0
21329,287,0,31,0
22101,287,0,32,0
22879,287,0,33,0
23658,287,0,34,0
24438,287,0,35,0
25219,287,0,36,0
26000,287,0,37,0
26781,287,0,38,0
286,288,0,1,39
902,288,0,2,39
1530,288,0,3,39
2178,288,0,4,39
2837,288,0,5,39
3498,288,0,6,39
4162,288,0,7,39
4828,288,0,8,39
5495,288,0,9,39
6165,288,0,10,39
6839,288,0,11,39
7517,288,0,12,39
8201,288,0,13,39
8891,288,2,14,39
9584,288,1,15,37
10277,288,0,16,36
10978,288,1,17,36
11679,288,1,18,35
12384,288,1,19,34
13093,288,1,20,33
13804,288,0,21,32
14528,288,0,22,32
15257,288,1,23,32
15993,288,0,24,31
16735,288,0,25,31
17494,288,1,26,31
18257,288,0,27,30
19021,288,2,28,30
19790,288,1,29,28
20559,288,1,30,27
21330,288,1,31,26
22102,288,0,32,25
22880,288,2,33,25
23659,288,1,34,23
24439,288,8,35,22
25220,288,7,36,14
26001,288,7,37,7
26782,288,0,38,0
287,289,0,1,34
903,289,0,2,34
1531,289,0,3,34
2179,289,0,4,34
2838,289,0,5,34
3499,289,0,6,34
4163,289,0,7,34
4829,289,0,8,34
5496,289,0,9,34
6166,289,0,10,34
6840,289,0,11,34
7518,289,1,12,34
8202,289,1,13,33
8892,289,7,14,32
9585,289,1,15,25
10278,289,1,16,24
10979,289,0,17,23
11680,289,2,18,23
12385,289,1,19,21
13094,289,1,20,20
13805,289,1,21,19
14529,289,1,22,18
15258,289,1,23,17
15994,289,1,24,16
16736,289,1,25,15
17495,289,0,26,14
18258,289,1,27,14
19022,289,2,28,13
19791,289,2,29,11
20560,289,2,30,9
21331,289,1,31,7
22103,289,1,32,6
22881,289,1,33,5
23660,289,0,34,4
24440,289,1,35,4
25221,289,0,36,3
26002,289,1,37,3
26783,289,2,38,2
288,290,2,1,48
904,290,2,2,46
1532,290,1,3,44
2180,290,0,4,43
2839,290,0,5,43
3500,290,1,6,43
4164,290,1,7,42
4830,290,1,8,41
5497,290,0,9,40
6167,290,0,10,40
6841,290,0,11,40
7519,290,4,12,40
8203,290,1,13,36
8893,290,1,14,35
9586,290,11,15,34
10279,290,1,16,23
10980,290,1,17,22
11681,290,1,18,21
12386,290,0,19,20
13095,290,1,20,20
13806,290,0,21,19
14530,290,0,22,19
15259,290,7,23,19
15995,290,2,24,12
16737,290,2,25,10
17496,290,0,26,8
18259,290,2,27,8
19023,290,1,28,6
19792,290,0,29,5
20561,290,0,30,5
21332,290,0,31,5
22104,290,1,32,5
22882,290,3,33,4
23661,290,1,34,1
24441,290,0,35,0
25222,290,0,36,0
26003,290,0,37,0
26784,290,0,38,0
289,291,1,1,55
905,291,7,2,54
1533,291,1,3,47
2181,291,1,4,46
2840,291,2,5,45
3501,291,0,6,43
4165,291,6,7,43
4831,291,1,8,37
5498,291,1,9,36
6168,291,2,10,35
6842,291,1,11,33
7520,291,0,12,32
8204,291,0,13,32
8894,291,1,14,32
9587,291,1,15,31
10280,291,0,16,30
10981,291,1,17,30
11682,291,0,18,29
12387,291,0,19,29
13096,291,1,20,29
13807,291,1,21,28
14531,291,0,22,27
15260,291,2,23,27
15996,291,0,24,25
16738,291,1,25,25
17497,291,0,26,24
18260,291,1,27,24
19024,291,2,28,23
19793,291,1,29,21
20562,291,1,30,20
21333,291,1,31,19
22105,291,0,32,18
22883,291,2,33,18
23662,291,0,34,16
24442,291,7,35,16
25223,291,1,36,9
26004,291,7,37,8
26785,291,1,38,1
290,292,0,1,1
906,292,0,2,1
1534,292,0,3,1
2182,292,0,4,1
2841,292,0,5,1
3502,292,0,6,1
4166,292,0,7,1
4832,292,0,8,1
5499,292,0,9,1
6169,292,0,10,1
6843,292,0,11,1
7521,292,0,12,1
8205,292,0,13,1
8895,292,0,14,1
9588,292,0,15,1
10281,292,0,16,1
10982,292,0,17,1
11683,292,0,18,1
12388,292,0,19,1
13097,292,0,20,1
13808,292,0,21,1
14532,292,0,22,1
15261,292,0,23,1
15997,292,0,24,1
16739,292,0,25,1
17498,292,0,26,1
18261,292,0,27,1
19025,292,0,28,1
19794,292,0,29,1
20563,292,0,30,1
21334,292,0,31,1
22106,292,0,32,1
22884,292,0,33,1
23663,292,0,34,1
24443,292,1,35,1
25224,292,0,36,0
26005,292,0,37,0
26786,292,0,38,0
291,293,3,1,63
907,293,2,2,60
1535,293,2,3,58
2183,293,1,4,56
2842,293,3,5,55
3503,293,4,6,52
4167,293,6,7,48
4833,293,3,8,42
5500,293,1,9,39
6170,293,2,10,38
6844,293,1,11,36
7522,293,2,12,35
8206,293,0,13,33
8896,293,4,14,33
9589,293,2,15,29
10282,293,2,16,27
10983,293,0,17,25
11684,293,0,18,25
12389,293,0,19,25
13098,293,0,20,25
13809,293,0,21,25
14533,293,0,22,25
15262,293,0,23,25
15998,293,1,24,25
16740,293,2,25,24
17499,293,1,26,22
18262,293,1,27,21
19026,293,10,28,20
19795,293,1,29,10
20564,293,2,30,9
21335,293,1,31,7
22107,293,1,32,6
22885,293,4,33,5
23664,293,1,34,1
24444,293,0,35,0
25225,293,0,36,0
26006,293,0,37,0
26787,293,0,38,0
292,294,0,1,0
908,294,0,2,0
1536,294,0,3,0
2184,294,0,4,0
2843,294,0,5,0
3504,294,0,6,0
4168,294,0,7,0
4834,294,0,8,0
5501,294,0,9,0
6171,294,0,10,0
6845,294,0,11,0
7523,294,0,12,0
8207,294,0,13,0
8897,294,0,14,0
9590,294,0,15,0
10283,294,0,16,0
10984,294,0,17,0
11685,294,0,18,0
12390,294,0,19,0
13099,294,0,20,0
13810,294,0,21,0
14534,294,0,22,0
15263,294,0,23,0
15999,294,0,24,0
16741,294,0,25,0
17500,294,0,26,0
18263,294,0,27,0
19027,294,0,28,0
19796,294,0,29,0
20565,294,0,30,0
21336,294,0,31,0
22108,294,0,32,0
22886,294,0,33,0
23665,294,0,34,0
24445,294,0,35,0
25226,294,0,36,0
26007,294,0,37,0
26788,294,0,38,0
293,295,2,1,70
909,295,1,2,68
1537,295,1,3,67
2185,295,1,4,66
2844,295,2,5,65
3505,295,12,6,63
4169,295,10,7,51
4835,295,1,8,41
5502,295,1,9,40
6172,295,0,10,39
6846,295,1,11,39
7524,295,1,12,38
8208,295,-1,13,37
8898,295,2,14,38
9591,295,1,15,36
10284,295,0,16,35
10985,295,0,17,35
11686,295,1,18,35
12391,295,2,19,34
13100,295,1,20,32
13811,295,1,21,31
14535,295,1,22,30
15264,295,1,23,29
16000,295,1,24,28
16742,295,1,25,27
17501,295,0,26,26
18264,295,1,27,26
19028,295,2,28,25
19797,295,1,29,23
20566,295,0,30,22
21337,295,0,31,22
22109,295,1,32,22
22887,295,1,33,21
23666,295,0,34,20
24446,295,7,35,20
25227,295,0,36,13
26008,295,12,37,13
26789,295,1,38,1
294,296,2,1,34
910,296,0,2,32
1538,296,1,3,32
2186,296,1,4,31
2845,296,2,5,30
3506,296,0,6,28
4170,296,6,7,28
4836,296,0,8,22
5503,296,0,9,22
6173,296,2,10,22
6847,296,-1,11,20
7525,296,1,12,21
8209,296,0,13,20
8899,296,5,14,20
9592,296,1,15,15
10285,296,0,16,14
10986,296,1,17,14
11687,296,1,18,13
12392,296,1,19,12
13101,296,0,20,11
13812,296,1,21,11
14536,296,1,22,10
15265,296,2,23,9
16001,296,0,24,7
16743,296,1,25,7
17502,296,0,26,6
18265,296,1,27,6
19029,296,2,28,5
19798,296,1,29,3
20567,296,0,30,2
21338,296,0,31,2
22110,296,0,32,2
22888,296,0,33,2
23667,296,0,34,2
24447,296,0,35,2
25228,296,1,36,2
26009,296,0,37,1
26790,296,1,38,1
295,297,0,1,0
911,297,0,2,0
1539,297,0,3,0
2187,297,0,4,0
2846,297,0,5,0
3507,297,0,6,0
4171,297,0,7,0
4837,297,0,8,0
5504,297,0,9,0
6174,297,0,10,0
6848,297,0,11,0
7526,297,0,12,0
8210,297,0,13,0
8900,297,0,14,0
9593,297,0,15,0
10286,297,0,16,0
10987,297,0,17,0
11688,297,0,18,0
12393,297,0,19,0
13102,297,0,20,0
13813,297,0,21,0
14537,297,0,22,0
15266,297,0,23,0
16002,297,0,24,0
16744,297,0,25,0
17503,297,0,26,0
18266,297,0,27,0
19030,297,0,28,0
19799,297,0,29,0
20568,297,0,30,0
21339,297,0,31,0
22111,297,0,32,0
22889,297,0,33,0
23668,297,0,34,0
24448,297,0,35,0
25229,297,0,36,0
26010,297,0,37,0
26791,297,0,38,0
296,298,1,1,72
912,298,1,2,71
1540,298,1,3,70
2188,298,7,4,69
2847,298,10,5,62
3508,298,2,6,52
4172,298,3,7,50
4838,298,2,8,47
5505,298,1,9,45
6175,298,1,10,44
6849,298,0,11,43
7527,298,1,12,43
8211,298,1,13,42
8901,298,1,14,41
9594,298,1,15,40
10287,298,1,16,39
10988,298,2,17,38
11689,298,5,18,36
12394,298,2,19,31
13103,298,7,20,29
13814,298,2,21,22
14538,298,2,22,20
15267,298,0,23,18
16003,298,1,24,18
16745,298,1,25,17
17504,298,1,26,16
18267,298,1,27,15
19031,298,1,28,14
19800,298,1,29,13
20569,298,0,30,12
21340,298,1,31,12
22112,298,9,32,11
22890,298,2,33,2
23669,298,0,34,0
24449,298,0,35,0
25230,298,0,36,0
26011,298,0,37,0
26792,298,0,38,0
297,299,1,1,35
913,299,1,2,34
1541,299,1,3,33
2189,299,0,4,32
2848,299,0,5,32
3509,299,0,6,32
4173,299,0,7,32
4839,299,0,8,32
5506,299,0,9,32
6176,299,1,10,32
6850,299,1,11,31
7528,299,2,12,30
8212,299,0,13,28
8902,299,6,14,28
9595,299,2,15,22
10288,299,2,16,20
10989,299,0,17,18
11690,299,0,18,18
12395,299,0,19,18
13104,299,0,20,18
13815,299,1,21,18
14539,299,0,22,17
15268,299,0,23,17
16004,299,0,24,17
16746,299,0,25,17
17505,299,0,26,17
18268,299,0,27,17
19032,299,0,28,17
19801,299,1,29,17
20570,299,0,30,16
21341,299,0,31,16
22113,299,2,32,16
22891,299,0,33,14
23670,299,0,34,14
24450,299,3,35,14
25231,299,2,36,11
26012,299,7,37,9
26793,299,2,38,2
298,300,2,1,64
914,300,2,2,62
1542,300,5,3,60
2190,300,8,4,55
2849,300,2,5,47
3510,300,2,6,45
4174,300,2,7,43
4840,300,2,8,41
5507,300,2,9,39
6177,300,2,10,37
6851,300,2,11,35
7529,300,1,12,33
8213,300,2,13,32
8903,300,2,14,30
9596,300,1,15,28
10289,300,0,16,27
10990,300,0,17,27
11691,300,0,18,27
12396,300,0,19,27
13105,300,0,20,27
13816,300,0,21,27
14540,300,0,22,27
15269,300,0,23,27
16005,300,0,24,27
16747,300,2,25,27
17506,300,2,26,25
18269,300,2,27,23
19033,300,2,28,21
19802,300,1,29,19
20571,300,2,30,18
21342,300,1,31,16
22114,300,2,32,15
22892,300,1,33,13
23671,300,1,34,12
24451,300,3,35,11
25232,300,2,36,8
26013,300,6,37,6
26794,300,0,38,0
299,301,0,1,27
915,301,0,2,27
1543,301,0,3,27
2191,301,1,4,27
2850,301,2,5,26
3511,301,1,6,24
4175,301,7,7,23
4841,301,1,8,16
5508,301,1,9,15
6178,301,0,10,14
6852,301,0,11,14
7530,301,1,12,14
8214,301,0,13,13
8904,301,0,14,13
9597,301,0,15,13
10290,301,0,16,13
10991,301,0,17,13
11692,301,1,18,13
12397,301,1,19,12
13106,301,1,20,11
13817,301,0,21,10
14541,301,0,22,10
15270,301,0,23,10
16006,301,1,24,10
16748,301,1,25,9
17507,301,0,26,8
18270,301,0,27,8
19034,301,0,28,8
19803,301,0,29,8
20572,301,1,30,8
21343,301,0,31,7
22115,301,6,32,7
22893,301,0,33,1
23672,301,0,34,1
24452,301,0,35,1
25233,301,1,36,1
26014,301,0,37,0
26795,301,0,38,0
300,302,0,1,10
916,302,0,2,10
1544,302,0,3,10
2192,302,0,4,10
2851,302,0,5,10
3512,302,0,6,10
4176,302,0,7,10
4842,302,0,8,10
5509,302,0,9,10
6179,302,2,10,10
6853,302,0,11,8
7531,302,0,12,8
8215,302,0,13,8
8905,302,0,14,8
9598,302,0,15,8
10291,302,0,16,8
10992,302,0,17,8
11693,302,0,18,8
12398,302,0,19,8
13107,302,0,20,8
13818,302,0,21,8
14542,302,0,22,8
15271,302,0,23,8
16007,302,0,24,8
16749,302,0,25,8
17508,302,0,26,8
18271,302,0,27,8
19035,302,1,28,8
19804,302,0,29,7
20573,302,1,30,7
21344,302,1,31,6
22116,302,1,32,5
22894,302,2,33,4
23673,302,1,34,2
24453,302,0,35,1
25234,302,0,36,1
26015,302,1,37,1
26796,302,0,38,0
301,303,0,1,0
917,303,0,2,0
1545,303,0,3,0
2193,303,0,4,0
2852,303,0,5,0
3513,303,0,6,0
4177,303,0,7,0
4843,303,0,8,0
5510,303,0,9,0
6180,303,0,10,0
6854,303,0,11,0
7532,303,0,12,0
8216,303,0,13,0
8906,303,0,14,0
9599,303,0,15,0
10292,303,0,16,0
10993,303,0,17,0
11694,303,0,18,0
12399,303,0,19,0
13108,303,0,20,0
13819,303,0,21,0
14543,303,0,22,0
15272,303,0,23,0
16008,303,0,24,0
16750,303,0,25,0
17509,303,0,26,0
18272,303,0,27,0
19036,303,0,28,0
19805,303,0,29,0
20574,303,0,30,0
21345,303,0,31,0
22117,303,0,32,0
22895,303,0,33,0
23674,303,0,34,0
24454,303,0,35,0
25235,303,0,36,0
26016,303,0,37,0
26797,303,0,38,0
302,304,0,1,25
918,304,0,2,25
1546,304,0,3,25
2194,304,0,4,25
2853,304,0,5,25
3514,304,0,6,25
4178,304,0,7,25
4844,304,0,8,25
5511,304,0,9,25
6181,304,0,10,25
6855,304,0,11,25
7533,304,0,12,25
8217,304,0,13,25
8907,304,0,14,25
9600,304,0,15,25
10293,304,0,16,25
10994,304,0,17,25
11695,304,2,18,25
12400,304,2,19,23
13109,304,2,20,21
13820,304,1,21,19
14544,304,1,22,18
15273,304,2,23,17
16009,304,0,24,15
16751,304,0,25,15
17510,304,0,26,15
18273,304,0,27,15
19037,304,0,28,15
19806,304,0,29,15
20575,304,0,30,15
21346,304,0,31,15
22118,304,0,32,15
22896,304,0,33,15
23675,304,0,34,15
24455,304,6,35,15
25236,304,1,36,9
26017,304,6,37,8
26798,304,2,38,2
303,305,0,1,27
919,305,0,2,27
1547,305,0,3,27
2195,305,0,4,27
2854,305,0,5,27
3515,305,0,6,27
4179,305,0,7,27
4845,305,0,8,27
5512,305,0,9,27
6182,305,0,10,27
6856,305,0,11,27
7534,305,0,12,27
8218,305,0,13,27
8908,305,0,14,27
9601,305,0,15,27
10294,305,0,16,27
10995,305,0,17,27
11696,305,0,18,27
12401,305,0,19,27
13110,305,1,20,27
13821,305,0,21,26
14545,305,0,22,26
15274,305,0,23,26
16010,305,0,24,26
16752,305,0,25,26
17511,305,0,26,26
18274,305,1,27,26
19038,305,2,28,25
19807,305,1,29,23
20576,305,0,30,22
21347,305,1,31,22
22119,305,1,32,21
22897,305,2,33,20
23676,305,1,34,18
24456,305,6,35,17
25237,305,0,36,11
26018,305,6,37,11
26799,305,5,38,5
304,306,8,1,128
920,306,2,2,120
1548,306,1,3,118
2196,306,8,4,117
2855,306,2,5,109
3516,306,1,6,107
4180,306,2,7,106
4846,306,6,8,104
5513,306,8,9,98
6183,306,5,10,90
6857,306,0,11,85
7535,306,2,12,85
8219,306,5,13,83
8909,306,4,14,78
9602,306,12,15,74
10295,306,1,16,62
10996,306,2,17,61
11697,306,0,18,59
12402,306,2,19,59
13111,306,5,20,57
13822,306,2,21,52
14546,306,2,22,50
15275,306,9,23,48
16011,306,1,24,39
16753,306,2,25,38
17512,306,2,26,36
18275,306,2,27,34
19039,306,2,28,32
19808,306,2,29,30
20577,306,0,30,28
21348,306,2,31,28
22120,306,2,32,26
22898,306,2,33,24
23677,306,0,34,22
24457,306,9,35,22
25238,306,5,36,13
26019,306,8,37,8
26800,306,0,38,0
305,307,2,1,11
921,307,0,2,9
1549,307,0,3,9
2197,307,0,4,9
2856,307,0,5,9
3517,307,0,6,9
4181,307,0,7,9
4847,307,0,8,9
5514,307,0,9,9
6184,307,2,10,9
6858,307,1,11,7
7536,307,0,12,6
8220,307,0,13,6
8910,307,1,14,6
9603,307,1,15,5
10296,307,-1,16,4
10997,307,-1,17,5
11698,307,0,18,6
12403,307,1,19,6
13112,307,2,20,5
13823,307,1,21,3
14547,307,0,22,2
15276,307,2,23,2
16012,307,0,24,0
16754,307,0,25,0
17513,307,1,26,0
18276,307,-1,27,-1
19040,307,0,28,0
19809,307,0,29,0
20578,307,0,30,0
21349,307,0,31,0
22121,307,0,32,0
22899,307,0,33,0
23678,307,0,34,0
24458,307,0,35,0
25239,307,0,36,0
26020,307,0,37,0
26801,307,0,38,0
306,308,0,1,2
922,308,0,2,2
1550,308,0,3,2
2198,308,0,4,2
2857,308,0,5,2
3518,308,0,6,2
4182,308,0,7,2
4848,308,0,8,2
5515,308,0,9,2
6185,308,0,10,2
6859,308,0,11,2
7537,308,0,12,2
8221,308,0,13,2
8911,308,0,14,2
9604,308,0,15,2
10297,308,1,16,2
10998,308,1,17,1
11699,308,0,18,0
12404,308,0,19,0
13113,308,0,20,0
13824,308,0,21,0
14548,308,0,22,0
15277,308,0,23,0
16013,308,0,24,0
16755,308,0,25,0
17514,308,0,26,0
18277,308,0,27,0
19041,308,0,28,0
19810,308,0,29,0
20579,308,0,30,0
21350,308,0,31,0
22122,308,0,32,0
22900,308,0,33,0
23679,308,0,34,0
24459,308,0,35,0
25240,308,0,36,0
26021,308,0,37,0
26802,308,0,38,0
307,309,2,1,40
923,309,2,2,38
1551,309,1,3,36
2199,309,2,4,35
2858,309,2,5,33
3519,309,2,6,31
4183,309,0,7,29
4849,309,3,8,29
5516,309,4,9,26
6186,309,2,10,22
6860,309,2,11,20
7538,309,1,12,18
8222,309,0,13,17
8912,309,0,14,17
9605,309,0,15,17
10298,309,0,16,17
10999,309,1,17,17
11700,309,2,18,16
12405,309,2,19,14
13114,309,2,20,12
13825,309,2,21,10
14549,309,2,22,8
15278,309,1,23,6
16014,309,2,24,5
16756,309,0,25,3
17515,309,0,26,3
18278,309,1,27,3
19042,309,1,28,2
19811,309,1,29,1
20580,309,0,30,0
21351,309,0,31,0
22123,309,0,32,0
22901,309,0,33,0
23680,309,0,34,0
24460,309,0,35,0
25241,309,0,36,0
26022,309,0,37,0
26803,309,0,38,0
308,310,7,1,112
924,310,6,2,105
1552,310,8,3,99
2200,310,2,4,91
2859,310,0,5,89
3520,310,2,6,89
4184,310,10,7,87
4850,310,0,8,77
5517,310,0,9,77
6187,310,0,10,77
6861,310,0,11,77
7539,310,0,12,77
8223,310,0,13,77
8913,310,0,14,77
9606,310,0,15,77
10299,310,1,16,77
11000,310,1,17,76
11701,310,2,18,75
12406,310,6,19,73
13115,310,1,20,67
13826,310,2,21,66
14550,310,9,22,64
15279,310,2,23,55
16015,310,10,24,53
16757,310,4,25,43
17516,310,8,26,39
18279,310,6,27,31
19043,310,3,28,25
19812,310,0,29,22
20581,310,0,30,22
21352,310,0,31,22
22124,310,3,32,22
22902,310,6,33,19
23681,310,2,34,13
24461,310,2,35,11
25242,310,2,36,9
26023,310,4,37,7
26804,310,3,38,3
309,311,8,1,148
925,311,6,2,140
1553,311,6,3,134
2201,311,1,4,128
2860,311,11,5,127
3521,311,1,6,116
4185,311,8,7,115
4851,311,2,8,107
5518,311,1,9,105
6188,311,2,10,104
6862,311,1,11,102
7540,311,0,12,101
8224,311,8,13,101
8914,311,6,14,93
9607,311,0,15,87
10300,311,1,16,87
11001,311,4,17,86
11702,311,2,18,82
12407,311,15,19,80
13116,311,0,20,65
13827,311,2,21,65
14551,311,11,22,63
15280,311,5,23,52
16016,311,7,24,47
16758,311,13,25,40
17517,311,6,26,27
18280,311,6,27,21
19044,311,2,28,15
19813,311,0,29,13
20582,311,0,30,13
21353,311,0,31,13
22125,311,0,32,13
22903,311,6,33,13
23682,311,5,34,7
24462,311,0,35,2
25243,311,1,36,2
26024,311,0,37,1
26805,311,1,38,1
310,312,0,1,0
926,312,0,2,0
1554,312,0,3,0
2202,312,0,4,0
2861,312,0,5,0
3522,312,0,6,0
4186,312,0,7,0
4852,312,0,8,0
5519,312,0,9,0
6189,312,0,10,0
6863,312,0,11,0
7541,312,0,12,0
8225,312,0,13,0
8915,312,0,14,0
9608,312,0,15,0
10301,312,0,16,0
11002,312,0,17,0
11703,312,0,18,0
12408,312,0,19,0
13117,312,0,20,0
13828,312,0,21,0
14552,312,0,22,0
15281,312,0,23,0
16017,312,0,24,0
16759,312,0,25,0
17518,312,0,26,0
18281,312,0,27,0
19045,312,0,28,0
19814,312,0,29,0
20583,312,0,30,0
21354,312,0,31,0
22126,312,0,32,0
22904,312,0,33,0
23683,312,0,34,0
24463,312,0,35,0
25244,312,0,36,0
26025,312,0,37,0
26806,312,0,38,0
311,313,1,1,41
927,313,1,2,40
1555,313,1,3,39
2203,313,1,4,38
2862,313,0,5,37
3523,313,0,6,37
4187,313,0,7,37
4853,313,0,8,37
5520,313,0,9,37
6190,313,1,10,37
6864,313,6,11,36
7542,313,0,12,30
8226,313,0,13,30
8916,313,0,14,30
9609,313,0,15,30
10302,313,0,16,30
11003,313,0,17,30
11704,313,0,18,30
12409,313,0,19,30
13118,313,1,20,30
13829,313,0,21,29
14553,313,0,22,29
15282,313,0,23,29
16018,313,2,24,29
16760,313,2,25,27
17519,313,0,26,25
18282,313,0,27,25
19046,313,0,28,25
19815,313,0,29,25
20584,313,0,30,25
21355,313,4,31,25
22127,313,9,32,21
22905,313,5,33,12
23684,313,0,34,7
24464,313,1,35,7
25245,313,1,36,6
26026,313,4,37,5
26807,313,1,38,1
312,314,1,1,35
928,314,1,2,34
1556,314,1,3,33
2204,314,1,4,32
2863,314,2,5,31
3524,314,6,6,29
4188,314,6,7,23
4854,314,1,8,17
5521,314,1,9,16
6191,314,1,10,15
6865,314,0,11,14
7543,314,0,12,14
8227,314,1,13,14
8917,314,1,14,13
9610,314,2,15,12
10303,314,1,16,10
11004,314,1,17,9
11705,314,0,18,8
12410,314,0,19,8
13119,314,0,20,8
13830,314,0,21,8
14554,314,0,22,8
15283,314,0,23,8
16019,314,1,24,8
16761,314,1,25,7
17520,314,6,26,6
18283,314,0,27,0
19047,314,0,28,0
19816,314,0,29,0
20585,314,0,30,0
21356,314,0,31,0
22128,314,0,32,0
22906,314,0,33,0
23685,314,0,34,0
24465,314,0,35,0
25246,314,0,36,0
26027,314,0,37,0
26808,314,0,38,0
313,315,0,1,0
929,315,0,2,0
1557,315,0,3,0
2205,315,0,4,0
2864,315,0,5,0
3525,315,0,6,0
4189,315,0,7,0
4855,315,0,8,0
5522,315,0,9,0
6192,315,0,10,0
6866,315,0,11,0
7544,315,0,12,0
8228,315,0,13,0
8918,315,0,14,0
9611,315,0,15,0
10304,315,0,16,0
11005,315,0,17,0
11706,315,0,18,0
12411,315,0,19,0
13120,315,0,20,0
13831,315,0,21,0
14555,315,0,22,0
15284,315,0,23,0
16020,315,0,24,0
16762,315,0,25,0
17521,315,0,26,0
18284,315,0,27,0
19048,315,0,28,0
19817,315,0,29,0
20586,315,0,30,0
21357,315,0,31,0
22129,315,0,32,0
22907,315,0,33,0
23686,315,0,34,0
24466,315,0,35,0
25247,315,0,36,0
26028,315,0,37,0
26809,315,0,38,0
314,316,0,1,66
930,316,1,2,66
1558,316,1,3,65
2206,316,1,4,64
2865,316,6,5,63
3526,316,0,6,57
4190,316,0,7,57
4856,316,1,8,57
5523,316,4,9,56
6193,316,2,10,52
6867,316,7,11,50
7545,316,2,12,43
8229,316,1,13,41
8919,316,1,14,40
9612,316,0,15,39
10305,316,3,16,39
11006,316,1,17,36
11707,316,2,18,35
12412,316,0,19,33
13121,316,0,20,33
13832,316,0,21,33
14556,316,11,22,33
15285,316,1,23,22
16021,316,2,24,21
16763,316,2,25,19
17522,316,0,26,17
18285,316,1,27,17
19049,316,10,28,16
19818,316,0,29,6
20587,316,0,30,6
21358,316,1,31,6
22130,316,0,32,5
22908,316,0,33,5
23687,316,1,34,5
24467,316,1,35,4
25248,316,1,36,3
26029,316,1,37,2
26810,316,1,38,1
315,317,8,1,87
931,317,6,2,79
1559,317,3,3,73
2207,317,1,4,70
2866,317,0,5,69
3527,317,8,6,69
4191,317,8,7,61
4857,317,1,8,53
5524,317,0,9,52
6194,317,0,10,52
6868,317,0,11,52
7546,317,0,12,52
8230,317,0,13,52
8920,317,0,14,52
9613,317,0,15,52
10306,317,8,16,52
11007,317,1,17,44
11708,317,1,18,43
12413,317,6,19,42
13122,317,1,20,36
13833,317,7,21,35
14557,317,0,22,28
15286,317,0,23,28
16022,317,1,24,28
16764,317,8,25,27
17523,317,0,26,19
18286,317,3,27,19
19050,317,1,28,16
19819,317,0,29,15
20588,317,7,30,15
21359,317,2,31,8
22131,317,1,32,6
22909,317,1,33,5
23688,317,1,34,4
24468,317,1,35,3
25249,317,1,36,2
26030,317,0,37,1
26811,317,1,38,1
316,318,0,1,0
932,318,0,2,0
1560,318,0,3,0
2208,318,0,4,0
2867,318,0,5,0
3528,318,0,6,0
4192,318,0,7,0
4858,318,0,8,0
5525,318,0,9,0
6195,318,0,10,0
6869,318,0,11,0
7547,318,0,12,0
8231,318,0,13,0
8921,318,0,14,0
9614,318,0,15,0
10307,318,0,16,0
11008,318,0,17,0
11709,318,0,18,0
12414,318,0,19,0
13123,318,0,20,0
13834,318,0,21,0
14558,318,0,22,0
15287,318,0,23,0
16023,318,0,24,0
16765,318,0,25,0
17524,318,0,26,0
18287,318,0,27,0
19051,318,0,28,0
19820,318,0,29,0
20589,318,0,30,0
21360,318,0,31,0
22132,318,0,32,0
22910,318,0,33,0
23689,318,0,34,0
24469,318,0,35,0
25250,318,0,36,0
26031,318,0,37,0
26812,318,0,38,0
317,319,0,1,33
933,319,1,2,33
1561,319,0,3,32
2209,319,0,4,32
2868,319,0,5,32
3529,319,0,6,32
4193,319,0,7,32
4859,319,0,8,32
5526,319,0,9,32
6196,319,0,10,32
6870,319,0,11,32
7548,319,0,12,32
8232,319,1,13,32
8922,319,0,14,31
9615,319,0,15,31
10308,319,1,16,31
11009,319,1,17,30
11710,319,1,18,29
12415,319,1,19,28
13124,319,1,20,27
13835,319,0,21,26
14559,319,4,22,26
15288,319,1,23,22
16024,319,0,24,21
16766,319,0,25,21
17525,319,1,26,21
18288,319,0,27,20
19052,319,1,28,20
19821,319,0,29,19
20590,319,0,30,19
21361,319,1,31,19
22133,319,0,32,18
22911,319,1,33,18
23690,319,0,34,17
24470,319,2,35,17
25251,319,1,36,15
26032,319,13,37,14
26813,319,1,38,1
318,320,0,1,21
934,320,1,2,21
1562,320,0,3,20
2210,320,0,4,20
2869,320,0,5,20
3530,320,0,6,20
4194,320,1,7,20
4860,320,0,8,19
5527,320,1,9,19
6197,320,1,10,18
6871,320,1,11,17
7549,320,1,12,16
8233,320,0,13,15
8923,320,0,14,15
9616,320,0,15,15
10309,320,0,16,15
11010,320,0,17,15
11711,320,1,18,15
12416,320,1,19,14
13125,320,0,20,13
13836,320,0,21,13
14560,320,0,22,13
15289,320,1,23,13
16025,320,1,24,12
16767,320,1,25,11
17526,320,1,26,10
18289,320,1,27,9
19053,320,1,28,8
19822,320,0,29,7
20591,320,1,30,7
21362,320,0,31,6
22134,320,1,32,6
22912,320,0,33,5
23691,320,1,34,5
24471,320,2,35,4
25252,320,0,36,2
26033,320,1,37,2
26814,320,1,38,1
319,321,0,1,127
935,321,1,2,127
1563,321,1,3,126
2211,321,1,4,125
2870,321,1,5,124
3531,321,1,6,123
4195,321,4,7,122
4861,321,2,8,118
5528,321,1,9,116
6198,321,9,10,115
6872,321,1,11,106
7550,321,1,12,105
8234,321,9,13,104
8924,321,2,14,95
9617,321,0,15,93
10310,321,9,16,93
11011,321,1,17,84
11712,321,12,18,83
12417,321,5,19,71
13126,321,6,20,66
13837,321,2,21,60
14561,321,2,22,58
15290,321,16,23,56
16026,321,7,24,40
16768,321,0,25,33
17527,321,1,26,33
18290,321,1,27,32
19054,321,0,28,31
19823,321,0,29,31
20592,321,1,30,31
21363,321,1,31,30
22135,321,1,32,29
22913,321,1,33,28
23692,321,7,34,27
24472,321,2,35,20
25253,321,9,36,18
26034,321,2,37,9
26815,321,7,38,7
320,322,0,1,14
936,322,0,2,14
1564,322,0,3,14
2212,322,0,4,14
2871,322,0,5,14
3532,322,1,6,14
4196,322,0,7,13
4862,322,1,8,13
5529,322,0,9,12
6199,322,1,10,12
6873,322,0,11,11
7551,322,0,12,11
8235,322,6,13,11
8925,322,1,14,5
9618,322,0,15,4
10311,322,1,16,4
11012,322,1,17,3
11713,322,1,18,2
12418,322,1,19,1
13127,322,0,20,0
13838,322,0,21,0
14562,322,0,22,0
15291,322,0,23,0
16027,322,0,24,0
16769,322,0,25,0
17528,322,0,26,0
18291,322,0,27,0
19055,322,0,28,0
19824,322,0,29,0
20593,322,0,30,0
21364,322,0,31,0
22136,322,0,32,0
22914,322,0,33,0
23693,322,0,34,0
24473,322,0,35,0
25254,322,0,36,0
26035,322,0,37,0
26816,322,0,38,0
321,323,3,1,92
937,323,2,2,89
1565,323,3,3,87
2213,323,1,4,84
2872,323,3,5,83
3533,323,3,6,80
4197,323,3,7,77
4863,323,2,8,74
5530,323,2,9,72
6200,323,2,10,70
6874,323,3,11,68
7552,323,5,12,65
8236,323,2,13,60
8926,323,1,14,58
9619,323,0,15,57
10312,323,2,16,57
11013,323,2,17,55
11714,323,2,18,53
12419,323,4,19,51
13128,323,2,20,47
13839,323,2,21,45
14563,323,3,22,43
15292,323,3,23,40
16028,323,4,24,37
16770,323,4,25,33
17529,323,3,26,29
18292,323,3,27,26
19056,323,2,28,23
19825,323,0,29,21
20594,323,3,30,21
21365,323,5,31,18
22137,323,2,32,13
22915,323,3,33,11
23694,323,5,34,8
24474,323,0,35,3
25255,323,2,36,3
26036,323,2,37,1
26817,323,-1,38,-1
322,324,0,1,87
938,324,0,2,87
1566,324,0,3,87
2214,324,1,4,87
2873,324,1,5,86
3534,324,1,6,85
4198,324,3,7,84
4864,324,13,8,81
5531,324,2,9,68
6201,324,4,10,66
6875,324,3,11,62
7553,324,2,12,59
8237,324,1,13,57
8927,324,7,14,56
9620,324,0,15,49
10313,324,1,16,49
11014,324,1,17,48
11715,324,8,18,47
12420,324,6,19,39
13129,324,2,20,33
13840,324,1,21,31
14564,324,1,22,30
15293,324,0,23,29
16029,324,5,24,29
16771,324,2,25,24
17530,324,3,26,22
18293,324,1,27,19
19057,324,1,28,18
19826,324,0,29,17
20595,324,3,30,17
21366,324,2,31,14
22138,324,3,32,12
22916,324,1,33,9
23695,324,1,34,8
24475,324,2,35,7
25256,324,2,36,5
26037,324,1,37,3
26818,324,2,38,2
323,325,0,1,45
939,325,0,2,45
1567,325,0,3,45
2215,325,0,4,45
2874,325,9,5,45
3535,325,0,6,36
4199,325,0,7,36
4865,325,2,8,36
5532,325,1,9,34
6202,325,3,10,33
6876,325,6,11,30
7554,325,7,12,24
8238,325,7,13,17
8928,325,2,14,10
9621,325,0,15,8
10314,325,0,16,8
11015,325,0,17,8
11716,325,0,18,8
12421,325,0,19,8
13130,325,0,20,8
13841,325,0,21,8
14565,325,0,22,8
15294,325,0,23,8
16030,325,0,24,8
16772,325,0,25,8
17531,325,0,26,8
18294,325,0,27,8
19058,325,0,28,8
19827,325,0,29,8
20596,325,6,30,8
21367,325,2,31,2
22139,325,0,32,0
22917,325,0,33,0
23696,325,0,34,0
24476,325,0,35,0
25257,325,0,36,0
26038,325,0,37,0
26819,325,0,38,0
324,326,1,1,106
940,326,7,2,105
1568,326,6,3,98
2216,326,2,4,92
2875,326,8,5,90
3536,326,7,6,82
4200,326,6,7,75
4866,326,1,8,69
5533,326,1,9,68
6203,326,1,10,67
6877,326,6,11,66
7555,326,0,12,60
8239,326,0,13,60
8929,326,0,14,60
9622,326,0,15,60
10315,326,0,16,60
11016,326,0,17,60
11717,326,0,18,60
12422,326,0,19,60
13131,326,1,20,60
13842,326,2,21,59
14566,326,6,22,57
15295,326,5,23,51
16031,326,7,24,46
16773,326,1,25,39
17532,326,6,26,38
18295,326,6,27,32
19059,326,2,28,26
19828,326,0,29,24
20597,326,6,30,24
21368,326,1,31,18
22140,326,2,32,17
22918,326,9,33,15
23697,326,2,34,6
24477,326,0,35,4
25258,326,1,36,4
26039,326,1,37,3
26820,326,2,38,2
325,327,3,1,183
941,327,14,2,180
1569,327,15,3,166
2217,327,3,4,151
2876,327,16,5,148
3537,327,2,6,132
4201,327,1,7,130
4867,327,1,8,129
5534,327,5,9,128
6204,327,1,10,123
6878,327,3,11,122
7556,327,1,12,119
8240,327,6,13,118
8930,327,1,14,112
9623,327,0,15,111
10316,327,1,16,111
11017,327,13,17,110
11718,327,0,18,97
12423,327,9,19,97
13132,327,1,20,88
13843,327,1,21,87
14567,327,3,22,86
15296,327,3,23,83
16032,327,5,24,80
16774,327,13,25,75
17533,327,3,26,62
18296,327,8,27,59
19060,327,6,28,51
19829,327,0,29,45
20598,327,9,30,45
21369,327,6,31,36
22141,327,9,32,30
22919,327,3,33,21
23698,327,7,34,18
24478,327,0,35,11
25259,327,8,36,11
26040,327,1,37,3
26821,327,2,38,2
326,328,14,1,344
942,328,10,2,330
1570,328,17,3,320
2218,328,2,4,303
2877,328,6,5,301
3538,328,10,6,295
4202,328,3,7,285
4868,328,12,8,282
5535,328,10,9,270
6205,328,9,10,260
6879,328,14,11,251
7557,328,13,12,237
8241,328,13,13,224
8931,328,18,14,211
9624,328,0,15,193
10317,328,5,16,193
11018,328,21,17,188
11719,328,9,18,167
12424,328,16,19,158
13133,328,7,20,142
13844,328,2,21,135
14568,328,3,22,133
15297,328,8,23,130
16033,328,29,24,122
16775,328,20,25,93
17534,328,14,26,73
18297,328,6,27,59
19061,328,15,28,53
19830,328,0,29,38
20599,328,3,30,38
21370,328,2,31,35
22142,328,6,32,33
22920,328,3,33,27
23699,328,8,34,24
24479,328,2,35,16
25260,328,2,36,14
26041,328,2,37,12
26822,328,10,38,10
327,329,3,1,122
943,329,3,2,119
1571,329,3,3,116
2219,329,1,4,113
2878,329,3,5,112
3539,329,2,6,109
4203,329,0,7,107
4869,329,0,8,107
5536,329,1,9,107
6206,329,1,10,106
6880,329,3,11,105
7558,329,1,12,102
8242,329,3,13,101
8932,329,1,14,98
9625,329,0,15,97
10318,329,0,16,97
11019,329,7,17,97
11720,329,8,18,90
12425,329,3,19,82
13134,329,10,20,79
13845,329,2,21,69
14569,329,3,22,67
15298,329,3,23,64
16034,329,10,24,61
16776,329,4,25,51
17535,329,3,26,47
18298,329,8,27,44
19062,329,1,28,36
19831,329,0,29,35
20600,329,3,30,35
21371,329,9,31,32
22143,329,5,32,23
22921,329,3,33,18
23700,329,10,34,15
24480,329,4,35,5
25261,329,1,36,1
26042,329,0,37,0
26823,329,0,38,0
328,330,0,1,0
944,330,0,2,0
1572,330,0,3,0
2220,330,0,4,0
2879,330,0,5,0
3540,330,0,6,0
4204,330,0,7,0
4870,330,0,8,0
5537,330,0,9,0
6207,330,0,10,0
6881,330,0,11,0
7559,330,0,12,0
8243,330,0,13,0
8933,330,0,14,0
9626,330,0,15,0
10319,330,0,16,0
11020,330,0,17,0
11721,330,0,18,0
12426,330,0,19,0
13135,330,0,20,0
13846,330,0,21,0
14570,330,0,22,0
15299,330,0,23,0
16035,330,0,24,0
16777,330,0,25,0
17536,330,0,26,0
18299,330,0,27,0
19063,330,0,28,0
19832,330,0,29,0
20601,330,0,30,0
21372,330,0,31,0
22144,330,0,32,0
22922,330,0,33,0
23701,330,0,34,0
24481,330,0,35,0
25262,330,0,36,0
26043,330,0,37,0
26824,330,0,38,0
329,331,0,1,0
945,331,0,2,0
1573,331,0,3,0
2221,331,0,4,0
2880,331,0,5,0
3541,331,0,6,0
4205,331,0,7,0
4871,331,0,8,0
5538,331,0,9,0
6208,331,0,10,0
6882,331,0,11,0
7560,331,0,12,0
8244,331,0,13,0
8934,331,0,14,0
9627,331,0,15,0
10320,331,0,16,0
11021,331,0,17,0
11722,331,0,18,0
12427,331,0,19,0
13136,331,0,20,0
13847,331,0,21,0
14571,331,0,22,0
15300,331,0,23,0
16036,331,0,24,0
16778,331,0,25,0
17537,331,0,26,0
18300,331,0,27,0
19064,331,0,28,0
19833,331,0,29,0
20602,331,0,30,0
21373,331,0,31,0
22145,331,0,32,0
22923,331,0,33,0
23702,331,0,34,0
24482,331,0,35,0
25263,331,0,36,0
26044,331,0,37,0
26825,331,0,38,0
330,332,0,1,0
946,332,0,2,0
1574,332,0,3,0
2222,332,0,4,0
2881,332,0,5,0
3542,332,0,6,0
4206,332,0,7,0
4872,332,0,8,0
5539,332,0,9,0
6209,332,0,10,0
6883,332,0,11,0
7561,332,0,12,0
8245,332,0,13,0
8935,332,0,14,0
9628,332,0,15,0
10321,332,0,16,0
11022,332,0,17,0
11723,332,0,18,0
12428,332,0,19,0
13137,332,0,20,0
13848,332,0,21,0
14572,332,0,22,0
15301,332,0,23,0
16037,332,0,24,0
16779,332,0,25,0
17538,332,0,26,0
18301,332,0,27,0
19065,332,0,28,0
19834,332,0,29,0
20603,332,0,30,0
21374,332,0,31,0
22146,332,0,32,0
22924,332,0,33,0
23703,332,0,34,0
24483,332,0,35,0
25264,332,0,36,0
26045,332,0,37,0
26826,332,0,38,0
331,333,1,1,9
947,333,0,2,8
1575,333,0,3,8
2223,333,0,4,8
2882,333,0,5,8
3543,333,0,6,8
4207,333,0,7,8
4873,333,0,8,8
5540,333,0,9,8
6210,333,0,10,8
6884,333,0,11,8
7562,333,0,12,8
8246,333,1,13,8
8936,333,0,14,7
9629,333,0,15,7
10322,333,1,16,7
11023,333,0,17,6
11724,333,0,18,6
12429,333,1,19,6
13138,333,0,20,5
13849,333,0,21,5
14573,333,0,22,5
15302,333,0,23,5
16038,333,0,24,5
16780,333,2,25,5
17539,333,1,26,3
18302,333,1,27,2
19066,333,1,28,1
19835,333,0,29,0
20604,333,0,30,0
21375,333,0,31,0
22147,333,1,32,0
22925,333,0,33,-1
23704,333,0,34,-1
24484,333,-2,35,-1
25265,333,0,36,1
26046,333,1,37,1
26827,333,0,38,0
332,334,0,1,0
948,334,0,2,0
1576,334,0,3,0
2224,334,0,4,0
2883,334,0,5,0
3544,334,0,6,0
4208,334,0,7,0
4874,334,0,8,0
5541,334,0,9,0
6211,334,0,10,0
6885,334,0,11,0
7563,334,0,12,0
8247,334,0,13,0
8937,334,0,14,0
9630,334,0,15,0
10323,334,0,16,0
11024,334,0,17,0
11725,334,0,18,0
12430,334,0,19,0
13139,334,0,20,0
13850,334,0,21,0
14574,334,0,22,0
15303,334,0,23,0
16039,334,0,24,0
16781,334,0,25,0
17540,334,0,26,0
18303,334,0,27,0
19067,334,0,28,0
19836,334,0,29,0
20605,334,0,30,0
21376,334,0,31,0
22148,334,0,32,0
22926,334,0,33,0
23705,334,0,34,0
24485,334,0,35,0
25266,334,0,36,0
26047,334,0,37,0
26828,334,0,38,0
333,335,6,1,91
949,335,6,2,85
1577,335,6,3,79
2225,335,1,4,73
2884,335,6,5,72
3545,335,2,6,66
4209,335,1,7,64
4875,335,2,8,63
5542,335,1,9,61
6212,335,0,10,60
6886,335,8,11,60
7564,335,1,12,52
8248,335,6,13,51
8938,335,1,14,45
9631,335,0,15,44
10324,335,-3,16,44
11025,335,1,17,47
11726,335,1,18,46
12431,335,6,19,45
13140,335,1,20,39
13851,335,2,21,38
14575,335,1,22,36
15304,335,2,23,35
16040,335,8,24,33
16782,335,3,25,25
17541,335,6,26,22
18304,335,0,27,16
19068,335,1,28,16
19837,335,0,29,15
20606,335,7,30,15
21377,335,1,31,8
22149,335,-1,32,7
22927,335,0,33,8
23706,335,2,34,8
24486,335,0,35,6
25267,335,4,36,6
26048,335,0,37,2
26829,335,2,38,2
334,336,7,1,143
950,336,2,2,136
1578,336,6,3,134
2226,336,1,4,128
2885,336,3,5,127
3546,336,2,6,124
4210,336,1,7,122
4876,336,1,8,121
5543,336,1,9,120
6213,336,2,10,119
6887,336,1,11,117
7565,336,10,12,116
8249,336,3,13,106
8939,336,1,14,103
9632,336,0,15,102
10325,336,2,16,102
11026,336,17,17,100
11727,336,0,18,83
12432,336,0,19,83
13141,336,0,20,83
13852,336,2,21,83
14576,336,2,22,81
15305,336,13,23,79
16041,336,5,24,66
16783,336,4,25,61
17542,336,13,26,57
18305,336,11,27,44
19069,336,1,28,33
19838,336,0,29,32
20607,336,3,30,32
21378,336,1,31,29
22150,336,1,32,28
22928,336,3,33,27
23707,336,9,34,24
24487,336,1,35,15
25268,336,5,36,14
26049,336,7,37,9
26830,336,2,38,2
335,337,1,1,43
951,337,0,2,42
1579,337,1,3,42
2227,337,1,4,41
2886,337,0,5,40
3547,337,0,6,40
4211,337,6,7,40
4877,337,0,8,34
5544,337,1,9,34
6214,337,3,10,33
6888,337,0,11,30
7566,337,0,12,30
8250,337,0,13,30
8940,337,0,14,30
9633,337,0,15,30
10326,337,0,16,30
11027,337,0,17,30
11728,337,1,18,30
12433,337,1,19,29
13142,337,0,20,28
13853,337,4,21,28
14577,337,5,22,24
15306,337,0,23,19
16042,337,1,24,19
16784,337,0,25,18
17543,337,1,26,18
18306,337,6,27,17
19070,337,0,28,11
19839,337,0,29,11
20608,337,0,30,11
21379,337,0,31,11
22151,337,1,32,11
22929,337,8,33,10
23708,337,0,34,2
24488,337,1,35,2
25269,337,0,36,1
26050,337,1,37,1
26831,337,0,38,0
336,338,0,1,62
952,338,0,2,62
1580,338,1,3,62
2228,338,1,4,61
2887,338,1,5,60
3548,338,2,6,59
4212,338,1,7,57
4878,338,1,8,56
5545,338,1,9,55
6215,338,1,10,54
6889,338,1,11,53
7567,338,6,12,52
8251,338,2,13,46
8941,338,1,14,44
9634,338,0,15,43
10327,338,1,16,43
11028,338,0,17,42
11729,338,0,18,42
12434,338,1,19,42
13143,338,10,20,41
13854,338,1,21,31
14578,338,1,22,30
15307,338,2,23,29
16043,338,1,24,27
16785,338,1,25,26
17544,338,0,26,25
18307,338,0,27,25
19071,338,0,28,25
19840,338,1,29,25
20609,338,1,30,24
21380,338,5,31,23
22152,338,2,32,18
22930,338,1,33,16
23709,338,6,34,15
24489,338,1,35,9
25270,338,6,36,8
26051,338,0,37,2
26832,338,2,38,2
337,339,6,1,143
953,339,7,2,137
1581,339,5,3,130
2229,339,2,4,125
2888,339,6,5,123
3549,339,2,6,117
4213,339,8,7,115
4879,339,2,8,107
5546,339,7,9,105
6216,339,5,10,98
6890,339,6,11,93
7568,339,1,12,87
8252,339,6,13,86
8942,339,1,14,80
9635,339,0,15,79
10328,339,1,16,79
11029,339,1,17,78
11730,339,2,18,77
12435,339,6,19,75
13144,339,1,20,69
13855,339,2,21,68
14579,339,6,22,66
15308,339,2,23,60
16044,339,6,24,58
16786,339,2,25,52
17545,339,6,26,50
18308,339,7,27,44
19072,339,2,28,37
19841,339,0,29,35
20610,339,8,30,35
21381,339,1,31,27
22153,339,9,32,26
22931,339,7,33,17
23710,339,2,34,10
24490,339,6,35,8
25271,339,1,36,2
26052,339,0,37,1
26833,339,1,38,1
338,340,6,1,61
954,340,2,2,55
1582,340,1,3,53
2230,340,2,4,52
2889,340,1,5,50
3550,340,2,6,49
4214,340,2,7,47
4880,340,0,8,45
5547,340,6,9,45
6217,340,1,10,39
6891,340,0,11,38
7569,340,-1,12,38
8253,340,0,13,39
8943,340,1,14,39
9636,340,0,15,38
10329,340,0,16,38
11030,340,1,17,38
11731,340,2,18,37
12436,340,7,19,35
13145,340,2,20,28
13856,340,1,21,26
14580,340,6,22,25
15309,340,2,23,19
16045,340,0,24,17
16787,340,0,25,17
17546,340,0,26,17
18309,340,0,27,17
19073,340,0,28,17
19842,340,0,29,17
20611,340,0,30,17
21382,340,0,31,17
22154,340,0,32,17
22932,340,2,33,17
23711,340,0,34,15
24491,340,1,35,15
25272,340,6,36,14
26053,340,2,37,8
26834,340,6,38,6
339,341,0,1,25
955,341,0,2,25
1583,341,1,3,25
2231,341,0,4,24
2890,341,0,5,24
3551,341,0,6,24
4215,341,0,7,24
4881,341,0,8,24
5548,341,0,9,24
6218,341,1,10,24
6892,341,0,11,23
7570,341,0,12,23
8254,341,1,13,23
8944,341,6,14,22
9637,341,0,15,16
10330,341,0,16,16
11031,341,0,17,16
11732,341,2,18,16
12437,341,6,19,14
13146,341,6,20,8
13857,341,1,21,2
14581,341,0,22,1
15310,341,0,23,1
16046,341,0,24,1
16788,341,0,25,1
17547,341,1,26,1
18310,341,0,27,0
19074,341,0,28,0
19843,341,0,29,0
20612,341,0,30,0
21383,341,0,31,0
22155,341,0,32,0
22933,341,0,33,0
23712,341,0,34,0
24492,341,0,35,0
25273,341,0,36,0
26054,341,0,37,0
26835,341,0,38,0
340,342,6,1,110
956,342,2,2,104
1584,342,7,3,102
2232,342,1,4,95
2891,342,1,5,94
3552,342,2,6,93
4216,342,6,7,91
4882,342,2,8,85
5549,342,3,9,83
6219,342,2,10,80
6893,342,1,11,78
7571,342,1,12,77
8255,342,2,13,76
8945,342,8,14,74
9638,342,5,15,66
10331,342,2,16,61
11032,342,2,17,59
11733,342,9,18,57
12438,342,3,19,48
13147,342,2,20,45
13858,342,2,21,43
14582,342,0,22,41
15311,342,1,23,41
16047,342,2,24,40
16789,342,0,25,38
17548,342,0,26,38
18311,342,1,27,38
19075,342,2,28,37
19844,342,1,29,35
20613,342,0,30,34
21384,342,2,31,34
22156,342,0,32,32
22934,342,12,33,32
23713,342,0,34,20
24493,342,3,35,20
25274,342,3,36,17
26055,342,11,37,14
26836,342,3,38,3
341,343,0,1,3
957,343,0,2,3
1585,343,0,3,3
2233,343,0,4,3
2892,343,0,5,3
3553,343,0,6,3
4217,343,0,7,3
4883,343,0,8,3
5550,343,0,9,3
6220,343,0,10,3
6894,343,0,11,3
7572,343,0,12,3
8256,343,0,13,3
8946,343,0,14,3
9639,343,0,15,3
10332,343,0,16,3
11033,343,0,17,3
11734,343,0,18,3
12439,343,0,19,3
13148,343,0,20,3
13859,343,0,21,3
14583,343,0,22,3
15312,343,0,23,3
16048,343,0,24,3
16790,343,0,25,3
17549,343,0,26,3
18312,343,0,27,3
19076,343,0,28,3
19845,343,0,29,3
20614,343,1,30,3
21385,343,0,31,2
22157,343,1,32,2
22935,343,0,33,1
23714,343,0,34,1
24494,343,0,35,1
25275,343,0,36,1
26056,343,1,37,1
26837,343,0,38,0
342,344,0,1,0
958,344,0,2,0
1586,344,0,3,0
2234,344,0,4,0
2893,344,0,5,0
3554,344,0,6,0
4218,344,0,7,0
4884,344,0,8,0
5551,344,0,9,0
6221,344,0,10,0
6895,344,0,11,0
7573,344,0,12,0
8257,344,0,13,0
8947,344,0,14,0
9640,344,0,15,0
10333,344,0,16,0
11034,344,0,17,0
11735,344,0,18,0
12440,344,0,19,0
13149,344,0,20,0
13860,344,0,21,0
14584,344,0,22,0
15313,344,0,23,0
16049,344,0,24,0
16791,344,0,25,0
17550,344,0,26,0
18313,344,0,27,0
19077,344,0,28,0
19846,344,0,29,0
20615,344,0,30,0
21386,344,0,31,0
22158,344,0,32,0
22936,344,0,33,0
23715,344,0,34,0
24495,344,0,35,0
25276,344,0,36,0
26057,344,0,37,0
26838,344,0,38,0
343,345,3,1,114
959,345,12,2,111
1587,345,1,3,99
2235,345,2,4,98
2894,345,0,5,96
3555,345,0,6,96
4219,345,0,7,96
4885,345,0,8,96
5552,345,0,9,96
6222,345,0,10,96
6896,345,1,11,96
7574,345,0,12,95
8258,345,1,13,95
8948,345,14,14,94
9641,345,2,15,80
10334,345,6,16,78
11035,345,0,17,72
11736,345,1,18,72
12441,345,3,19,71
13150,345,5,20,68
13861,345,7,21,63
14585,345,12,22,56
15314,345,1,23,44
16050,345,1,24,43
16792,345,0,25,42
17551,345,2,26,42
18314,345,0,27,40
19078,345,1,28,40
19847,345,1,29,39
20616,345,0,30,38
21387,345,3,31,38
22159,345,12,32,35
22937,345,5,33,23
23716,345,0,34,18
24496,345,11,35,18
25277,345,3,36,7
26058,345,3,37,4
26839,345,1,38,1
344,346,3,1,88
960,346,2,2,85
1588,346,2,3,83
2236,346,0,4,81
2895,346,2,5,81
3556,346,1,6,79
4220,346,6,7,78
4886,346,5,8,72
5553,346,0,9,67
6223,346,1,10,67
6897,346,0,11,66
7575,346,0,12,66
8259,346,1,13,66
8949,346,13,14,65
9642,346,1,15,52
10335,346,3,16,51
11036,346,1,17,48
11737,346,5,18,47
12442,346,0,19,42
13151,346,0,20,42
13862,346,0,21,42
14586,346,12,22,42
15315,346,0,23,30
16051,346,0,24,30
16793,346,1,25,30
17552,346,2,26,29
18315,346,3,27,27
19079,346,2,28,24
19848,346,1,29,22
20617,346,3,30,21
21388,346,1,31,18
22160,346,1,32,17
22938,346,5,33,16
23717,346,0,34,11
24497,346,6,35,11
25278,346,1,36,5
26059,346,1,37,4
26840,346,3,38,3
345,347,8,1,111
961,347,2,2,103
1589,347,2,3,101
2237,347,7,4,99
2896,347,0,5,92
3557,347,2,6,92
4221,347,0,7,90
4887,347,2,8,90
5554,347,6,9,88
6224,347,2,10,82
6898,347,1,11,80
7576,347,1,12,79
8260,347,0,13,78
8950,347,0,14,78
9643,347,0,15,78
10336,347,1,16,78
11037,347,0,17,77
11738,347,0,18,77
12443,347,0,19,77
13152,347,0,20,77
13863,347,0,21,77
14587,347,7,22,77
15316,347,8,23,70
16052,347,0,24,62
16794,347,11,25,62
17553,347,1,26,51
18316,347,11,27,50
19080,347,3,28,39
19849,347,0,29,36
20618,347,6,30,36
21389,347,6,31,30
22161,347,4,32,24
22939,347,0,33,20
23718,347,0,34,20
24498,347,6,35,20
25279,347,6,36,14
26060,347,1,37,8
26841,347,7,38,7
346,348,1,1,105
962,348,0,2,104
1590,348,0,3,104
2238,348,0,4,104
2897,348,1,5,104
3558,348,1,6,103
4222,348,2,7,102
4888,348,4,8,100
5555,348,3,9,96
6225,348,2,10,93
6899,348,2,11,91
7577,348,2,12,89
8261,348,1,13,87
8951,348,0,14,86
9644,348,0,15,86
10337,348,2,16,86
11038,348,9,17,84
11739,348,2,18,75
12444,348,6,19,73
13153,348,8,20,67
13864,348,15,21,59
14588,348,19,22,44
15317,348,7,23,25
16053,348,2,24,18
16795,348,3,25,16
17554,348,2,26,13
18317,348,1,27,11
19081,348,3,28,10
19850,348,1,29,7
20619,348,0,30,6
21390,348,1,31,6
22162,348,0,32,5
22940,348,0,33,5
23719,348,0,34,5
24499,348,1,35,5
25280,348,3,36,4
26061,348,0,37,1
26842,348,1,38,1
347,349,0,1,38
963,349,0,2,38
1591,349,2,3,38
2239,349,2,4,36
2898,349,1,5,34
3559,349,7,6,33
4223,349,2,7,26
4889,349,1,8,24
5556,349,0,9,23
6226,349,0,10,23
6900,349,0,11,23
7578,349,1,12,23
8262,349,1,13,22
8952,349,3,14,21
9645,349,1,15,18
10338,349,1,16,17
11039,349,1,17,16
11740,349,0,18,15
12445,349,0,19,15
13154,349,1,20,15
13865,349,0,21,14
14589,349,1,22,14
15318,349,0,23,13
16054,349,0,24,13
16796,349,0,25,13
17555,349,0,26,13
18318,349,1,27,13
19082,349,0,28,12
19851,349,0,29,12
20620,349,9,30,12
21391,349,1,31,3
22163,349,1,32,2
22941,349,0,33,1
23720,349,0,34,1
24500,349,0,35,1
25281,349,0,36,1
26062,349,1,37,1
26843,349,0,38,0
348,350,7,1,153
964,350,2,2,146
1592,350,2,3,144
2240,350,1,4,142
2899,350,1,5,141
3560,350,9,6,140
4224,350,1,7,131
4890,350,10,8,130
5557,350,9,9,120
6227,350,7,10,111
6901,350,1,11,104
7579,350,0,12,103
8263,350,0,13,103
8953,350,6,14,103
9646,350,1,15,97
10339,350,7,16,96
11040,350,0,17,89
11741,350,2,18,89
12446,350,6,19,87
13155,350,2,20,81
13866,350,1,21,79
14590,350,6,22,78
15319,350,8,23,72
16055,350,0,24,64
16797,350,6,25,64
17556,350,1,26,58
18319,350,7,27,57
19083,350,2,28,50
19852,350,1,29,48
20621,350,6,30,47
21392,350,9,31,41
22164,350,1,32,32
22942,350,7,33,31
23721,350,0,34,24
24501,350,8,35,24
25282,350,6,36,16
26063,350,2,37,10
26844,350,8,38,8
349,351,7,1,181
965,351,17,2,174
1593,351,17,3,157
2241,351,13,4,140
2900,351,9,5,127
3561,351,2,6,118
4225,351,2,7,116
4891,351,2,8,114
5558,351,6,9,112
6228,351,2,10,106
6902,351,5,11,104
7580,351,2,12,99
8264,351,2,13,97
8954,351,5,14,95
9647,351,7,15,90
10340,351,2,16,83
11041,351,2,17,81
11742,351,0,18,79
12447,351,8,19,79
13156,351,13,20,71
13867,351,2,21,58
14591,351,6,22,56
15320,351,12,23,50
16056,351,6,24,38
16798,351,5,25,32
17557,351,0,26,27
18320,351,8,27,27
19084,351,2,28,19
19853,351,7,29,17
20622,351,0,30,10
21393,351,0,31,10
22165,351,0,32,10
22943,351,0,33,10
23722,351,0,34,10
24502,351,0,35,10
25283,351,2,36,10
26064,351,2,37,8
26845,351,6,38,6
350,352,0,1,0
966,352,0,2,0
1594,352,0,3,0
2242,352,0,4,0
2901,352,0,5,0
3562,352,0,6,0
4226,352,0,7,0
4892,352,0,8,0
5559,352,0,9,0
6229,352,0,10,0
6903,352,0,11,0
7581,352,0,12,0
8265,352,0,13,0
8955,352,0,14,0
9648,352,0,15,0
10341,352,0,16,0
11042,352,0,17,0
11743,352,0,18,0
12448,352,0,19,0
13157,352,0,20,0
13868,352,0,21,0
14592,352,0,22,0
15321,352,0,23,0
16057,352,0,24,0
16799,352,0,25,0
17558,352,0,26,0
18321,352,0,27,0
19085,352,0,28,0
19854,352,0,29,0
20623,352,0,30,0
21394,352,0,31,0
22166,352,0,32,0
22944,352,0,33,0
23723,352,0,34,0
24503,352,0,35,0
25284,352,0,36,0
26065,352,0,37,0
26846,352,0,38,0
351,353,0,1,0
967,353,0,2,0
1595,353,0,3,0
2243,353,0,4,0
2902,353,0,5,0
3563,353,0,6,0
4227,353,0,7,0
4893,353,0,8,0
5560,353,0,9,0
6230,353,0,10,0
6904,353,0,11,0
7582,353,0,12,0
8266,353,0,13,0
8956,353,0,14,0
9649,353,0,15,0
10342,353,0,16,0
11043,353,0,17,0
11744,353,0,18,0
12449,353,0,19,0
13158,353,0,20,0
13869,353,0,21,0
14593,353,0,22,0
15322,353,0,23,0
16058,353,0,24,0
16800,353,0,25,0
17559,353,0,26,0
18322,353,0,27,0
19086,353,0,28,0
19855,353,0,29,0
20624,353,0,30,0
21395,353,0,31,0
22167,353,0,32,0
22945,353,0,33,0
23724,353,0,34,0
24504,353,0,35,0
25285,353,0,36,0
26066,353,0,37,0
26847,353,0,38,0
352,354,11,1,109
968,354,1,2,98
1596,354,2,3,97
2244,354,0,4,95
2903,354,6,5,95
3564,354,1,6,89
4228,354,15,7,88
4894,354,2,8,73
5561,354,2,9,71
6231,354,2,10,69
6905,354,3,11,67
7583,354,0,12,64
8267,354,0,13,64
8957,354,0,14,64
9650,354,0,15,64
10343,354,1,16,64
11044,354,2,17,63
11745,354,2,18,61
12450,354,3,19,59
13159,354,2,20,56
13870,354,3,21,54
14594,354,13,22,51
15323,354,1,23,38
16059,354,2,24,37
16801,354,1,25,35
17560,354,1,26,34
18323,354,3,27,33
19087,354,1,28,30
19856,354,0,29,29
20625,354,0,30,29
21396,354,3,31,29
22168,354,10,32,26
22946,354,8,33,16
23725,354,0,34,8
24505,354,3,35,8
25286,354,3,36,5
26067,354,2,37,2
26848,354,0,38,0
353,355,6,1,66
969,355,2,2,60
1597,355,6,3,58
2245,355,1,4,52
2904,355,0,5,51
3565,355,2,6,51
4229,355,4,7,49
4895,355,2,8,45
5562,355,6,9,43
6232,355,1,10,37
6906,355,0,11,36
7584,355,0,12,36
8268,355,1,13,36
8958,355,1,14,35
9651,355,4,15,34
10344,355,0,16,30
11045,355,0,17,30
11746,355,2,18,30
12451,355,6,19,28
13160,355,2,20,22
13871,355,0,21,20
14595,355,1,22,20
15324,355,0,23,19
16060,355,0,24,19
16802,355,6,25,19
17561,355,1,26,13
18324,355,0,27,12
19088,355,1,28,12
19857,355,1,29,11
20626,355,1,30,10
21397,355,1,31,9
22169,355,1,32,8
22947,355,0,33,7
23726,355,0,34,7
24506,355,1,35,7
25287,355,6,36,6
26068,355,0,37,0
26849,355,0,38,0
354,356,0,1,81
970,356,1,2,81
1598,356,4,3,80
2246,356,1,4,76
2905,356,0,5,75
3566,356,0,6,75
4230,356,1,7,75
4896,356,1,8,74
5563,356,6,9,73
6233,356,2,10,67
6907,356,2,11,65
7585,356,0,12,63
8269,356,0,13,63
8959,356,1,14,63
9652,356,7,15,62
10345,356,2,16,55
11046,356,0,17,53
11747,356,0,18,53
12452,356,0,19,53
13161,356,0,20,53
13872,356,2,21,53
14596,356,2,22,51
15325,356,5,23,49
16061,356,2,24,44
16803,356,1,25,42
17562,356,0,26,41
18325,356,3,27,41
19089,356,2,28,38
19858,356,0,29,36
20627,356,3,30,36
21398,356,3,31,33
22170,356,0,32,30
22948,356,16,33,30
23727,356,0,34,14
24507,356,3,35,14
25288,356,0,36,11
26069,356,5,37,11
26850,356,6,38,6
355,357,0,1,31
971,357,1,2,31
1599,357,0,3,30
2247,357,0,4,30
2906,357,0,5,30
3567,357,0,6,30
4231,357,0,7,30
4897,357,0,8,30
5564,357,0,9,30
6234,357,0,10,30
6908,357,0,11,30
7586,357,0,12,30
8270,357,0,13,30
8960,357,1,14,30
9653,357,0,15,29
10346,357,0,16,29
11047,357,0,17,29
11748,357,0,18,29
12453,357,1,19,29
13162,357,1,20,28
13873,357,1,21,27
14597,357,6,22,26
15326,357,0,23,20
16062,357,1,24,20
16804,357,6,25,19
17563,357,1,26,13
18326,357,1,27,12
19090,357,0,28,11
19859,357,0,29,11
20628,357,1,30,11
21399,357,0,31,10
22171,357,6,32,10
22949,357,2,33,4
23728,357,0,34,2
24508,357,1,35,2
25289,357,1,36,1
26070,357,0,37,0
26851,357,0,38,0
356,358,0,1,35
972,358,0,2,35
1600,358,0,3,35
2248,358,0,4,35
2907,358,0,5,35
3568,358,0,6,35
4232,358,0,7,35
4898,358,0,8,35
5565,358,0,9,35
6235,358,0,10,35
6909,358,0,11,35
7587,358,0,12,35
8271,358,2,13,35
8961,358,7,14,33
9654,358,1,15,26
10347,358,0,16,25
11048,358,2,17,25
11749,358,2,18,23
12454,358,6,19,21
13163,358,3,20,15
13874,358,2,21,12
14598,358,0,22,10
15327,358,0,23,10
16063,358,0,24,10
16805,358,0,25,10
17564,358,0,26,10
18327,358,0,27,10
19091,358,0,28,10
19860,358,1,29,10
20629,358,0,30,9
21400,358,0,31,9
22172,358,1,32,9
22950,358,8,33,8
23729,358,0,34,0
24509,358,0,35,0
25290,358,0,36,0
26071,358,0,37,0
26852,358,0,38,0
357,359,0,1,27
973,359,0,2,27
1601,359,2,3,27
2249,359,2,4,25
2908,359,0,5,23
3569,359,2,6,23
4233,359,2,7,21
4899,359,2,8,19
5566,359,2,9,17
6236,359,-1,10,15
6910,359,0,11,16
7588,359,0,12,16
8272,359,0,13,16
8962,359,0,14,16
9655,359,0,15,16
10348,359,0,16,16
11049,359,1,17,16
11750,359,2,18,15
12455,359,1,19,13
13164,359,1,20,12
13875,359,2,21,11
14599,359,0,22,9
15328,359,2,23,9
16064,359,0,24,7
16806,359,1,25,7
17565,359,2,26,6
18328,359,0,27,4
19092,359,1,28,4
19861,359,1,29,3
20630,359,1,30,2
21401,359,0,31,1
22173,359,0,32,1
22951,359,0,33,1
23730,359,0,34,1
24510,359,1,35,1
25291,359,0,36,0
26072,359,0,37,0
26853,359,0,38,0
358,360,0,1,3
974,360,0,2,3
1602,360,0,3,3
2250,360,1,4,3
2909,360,1,5,2
3570,360,0,6,1
4234,360,0,7,1
4900,360,0,8,1
5567,360,0,9,1
6237,360,0,10,1
6911,360,0,11,1
7589,360,0,12,1
8273,360,0,13,1
8963,360,0,14,1
9656,360,0,15,1
10349,360,0,16,1
11050,360,0,17,1
11751,360,0,18,1
12456,360,0,19,1
13165,360,0,20,1
13876,360,0,21,1
14600,360,0,22,1
15329,360,0,23,1
16065,360,0,24,1
16807,360,0,25,1
17566,360,0,26,1
18329,360,0,27,1
19093,360,0,28,1
19862,360,0,29,1
20631,360,0,30,1
21402,360,0,31,1
22174,360,0,32,1
22952,360,0,33,1
23731,360,0,34,1
24511,360,0,35,1
25292,360,0,36,1
26073,360,1,37,1
26854,360,0,38,0
359,361,6,1,90
975,361,1,2,84
1603,361,0,3,83
2251,361,1,4,83
2910,361,0,5,82
3571,361,1,6,82
4235,361,1,7,81
4901,361,2,8,80
5568,361,7,9,78
6238,361,0,10,71
6912,361,0,11,71
7590,361,0,12,71
8274,361,1,13,71
8964,361,6,14,70
9657,361,1,15,64
10350,361,1,16,63
11051,361,0,17,62
11752,361,0,18,62
12457,361,0,19,62
13166,361,0,20,62
13877,361,0,21,62
14601,361,6,22,62
15330,361,0,23,56
16066,361,0,24,56
16808,361,0,25,56
17567,361,1,26,56
18330,361,6,27,55
19094,361,2,28,49
19863,361,1,29,47
20632,361,6,30,46
21403,361,5,31,40
22175,361,1,32,35
22953,361,9,33,34
23732,361,0,34,25
24512,361,7,35,25
25293,361,9,36,18
26074,361,2,37,9
26855,361,7,38,7
360,362,0,1,29
976,362,1,2,29
1604,362,0,3,28
2252,362,1,4,28
2911,362,7,5,27
3572,362,0,6,20
4236,362,1,7,20
4902,362,9,8,19
5569,362,1,9,10
6239,362,0,10,9
6913,362,0,11,9
7591,362,0,12,9
8275,362,0,13,9
8965,362,0,14,9
9658,362,0,15,9
10351,362,0,16,9
11052,362,1,17,9
11753,362,0,18,8
12458,362,0,19,8
13167,362,0,20,8
13878,362,0,21,8
14602,362,0,22,8
15331,362,1,23,8
16067,362,0,24,7
16809,362,7,25,7
17568,362,0,26,0
18331,362,0,27,0
19095,362,0,28,0
19864,362,0,29,0
20633,362,0,30,0
21404,362,0,31,0
22176,362,0,32,0
22954,362,0,33,0
23733,362,0,34,0
24513,362,0,35,0
25294,362,0,36,0
26075,362,0,37,0
26856,362,0,38,0
361,363,0,1,13
977,363,0,2,13
1605,363,1,3,13
2253,363,2,4,12
2912,363,1,5,10
3573,363,2,6,9
4237,363,1,7,7
4903,363,0,8,6
5570,363,0,9,6
6240,363,0,10,6
6914,363,1,11,6
7592,363,0,12,5
8276,363,1,13,5
8966,363,1,14,4
9659,363,1,15,3
10352,363,0,16,2
11053,363,1,17,2
11754,363,0,18,1
12459,363,1,19,1
13168,363,0,20,0
13879,363,0,21,0
14603,363,0,22,0
15332,363,0,23,0
16068,363,0,24,0
16810,363,0,25,0
17569,363,0,26,0
18332,363,0,27,0
19096,363,0,28,0
19865,363,0,29,0
20634,363,0,30,0
21405,363,0,31,0
22177,363,0,32,0
22955,363,0,33,0
23734,363,0,34,0
24514,363,0,35,0
25295,363,0,36,0
26076,363,0,37,0
26857,363,0,38,0
362,364,3,1,129
978,364,6,2,126
1606,364,1,3,120
2254,364,6,4,119
2913,364,3,5,113
3574,364,1,6,110
4238,364,0,7,109
4904,364,0,8,109
5571,364,1,9,109
6241,364,0,10,108
6915,364,6,11,108
7593,364,8,12,102
8277,364,11,13,94
8967,364,1,14,83
9660,364,5,15,82
10353,364,13,16,77
11054,364,2,17,64
11755,364,2,18,62
12460,364,2,19,60
13169,364,9,20,58
13880,364,20,21,49
14604,364,2,22,29
15333,364,3,23,27
16069,364,2,24,24
16811,364,0,25,22
17570,364,0,26,22
18333,364,0,27,22
19097,364,0,28,22
19866,364,0,29,22
20635,364,0,30,22
21406,364,0,31,22
22178,364,0,32,22
22956,364,0,33,22
23735,364,0,34,22
24515,364,6,35,22
25296,364,2,36,16
26077,364,1,37,14
26858,364,13,38,13
363,365,0,1,8
979,365,1,2,8
1607,365,0,3,7
2255,365,0,4,7
2914,365,0,5,7
3575,365,0,6,7
4239,365,1,7,7
4905,365,0,8,6
5572,365,0,9,6
6242,365,0,10,6
6916,365,0,11,6
7594,365,0,12,6
8278,365,0,13,6
8968,365,1,14,6
9661,365,0,15,5
10354,365,1,16,5
11055,365,0,17,4
11756,365,1,18,4
12461,365,1,19,3
13170,365,0,20,2
13881,365,1,21,2
14605,365,1,22,1
15334,365,0,23,0
16070,365,0,24,0
16812,365,0,25,0
17571,365,0,26,0
18334,365,0,27,0
19098,365,0,28,0
19867,365,0,29,0
20636,365,0,30,0
21407,365,0,31,0
22179,365,0,32,0
22957,365,0,33,0
23736,365,0,34,0
24516,365,0,35,0
25297,365,0,36,0
26078,365,0,37,0
26859,365,0,38,0
364,366,3,1,174
980,366,2,2,171
1608,366,2,3,169
2256,366,5,4,167
2915,366,3,5,162
3576,366,-2,6,159
4240,366,3,7,161
4906,366,5,8,158
5573,366,2,9,153
6243,366,10,10,151
6917,366,17,11,141
7595,366,2,12,124
8279,366,9,13,122
8969,366,2,14,113
9662,366,9,15,111
10355,366,9,16,102
11056,366,2,17,93
11757,366,-2,18,91
12462,366,0,19,93
13171,366,7,20,93
13882,366,4,21,86
14606,366,8,22,82
15335,366,3,23,74
16071,366,1,24,71
16813,366,2,25,70
17572,366,10,26,68
18335,366,10,27,58
19099,366,9,28,48
19868,366,17,29,39
20637,366,2,30,22
21408,366,3,31,20
22180,366,2,32,17
22958,366,1,33,15
23737,366,4,34,14
24517,366,0,35,10
25298,366,2,36,10
26079,366,1,37,8
26860,366,7,38,7
365,367,0,1,8
981,367,0,2,8
1609,367,0,3,8
2257,367,0,4,8
2916,367,0,5,8
3577,367,0,6,8
4241,367,0,7,8
4907,367,0,8,8
5574,367,0,9,8
6244,367,0,10,8
6918,367,0,11,8
7596,367,0,12,8
8280,367,0,13,8
8970,367,0,14,8
9663,367,0,15,8
10356,367,0,16,8
11057,367,0,17,8
11758,367,0,18,8
12463,367,0,19,8
13172,367,0,20,8
13883,367,0,21,8
14607,367,0,22,8
15336,367,0,23,8
16072,367,0,24,8
16814,367,0,25,8
17573,367,0,26,8
18336,367,0,27,8
19100,367,0,28,8
19869,367,0,29,8
20638,367,0,30,8
21409,367,0,31,8
22181,367,0,32,8
22959,367,0,33,8
23738,367,0,34,8
24518,367,1,35,8
25299,367,1,36,7
26080,367,0,37,6
26861,367,6,38,6
366,368,3,1,48
982,368,2,2,45
1610,368,1,3,43
2258,368,1,4,42
2917,368,0,5,41
3578,368,1,6,41
4242,368,1,7,40
4908,368,2,8,39
5575,368,10,9,37
6245,368,1,10,27
6919,368,3,11,26
7597,368,1,12,23
8281,368,3,13,22
8971,368,0,14,19
9664,368,0,15,19
10357,368,0,16,19
11058,368,0,17,19
11759,368,1,18,19
12464,368,2,19,18
13173,368,0,20,16
13884,368,0,21,16
14608,368,0,22,16
15337,368,0,23,16
16073,368,0,24,16
16815,368,1,25,16
17574,368,2,26,15
18337,368,1,27,13
19101,368,2,28,12
19870,368,1,29,10
20639,368,0,30,9
21410,368,3,31,9
22182,368,0,32,6
22960,368,0,33,6
23739,368,2,34,6
24519,368,0,35,4
25300,368,0,36,4
26081,368,2,37,4
26862,368,2,38,2
367,369,7,1,95
983,369,1,2,88
1611,369,1,3,87
2259,369,11,4,86
2918,369,9,5,75
3579,369,0,6,66
4243,369,6,7,66
4909,369,1,8,60
5576,369,1,9,59
6246,369,1,10,58
6920,369,1,11,57
7598,369,2,12,56
8282,369,6,13,54
8972,369,1,14,48
9665,369,1,15,47
10358,369,2,16,46
11059,369,1,17,44
11760,369,1,18,43
12465,369,1,19,42
13174,369,0,20,41
13885,369,0,21,41
14609,369,1,22,41
15338,369,7,23,40
16074,369,1,24,33
16816,369,2,25,32
17575,369,1,26,30
18338,369,4,27,29
19102,369,2,28,25
19871,369,11,29,23
20640,369,2,30,12
21411,369,5,31,10
22183,369,3,32,5
22961,369,1,33,2
23740,369,0,34,1
24520,369,0,35,1
25301,369,0,36,1
26082,369,0,37,1
26863,369,1,38,1
368,370,0,1,45
984,370,0,2,45
1612,370,1,3,45
2260,370,2,4,44
2919,370,3,5,42
3580,370,1,6,39
4244,370,2,7,38
4910,370,2,8,36
5577,370,2,9,34
6247,370,0,10,32
6921,370,1,11,32
7599,370,2,12,31
8283,370,0,13,29
8973,370,0,14,29
9666,370,0,15,29
10359,370,0,16,29
11060,370,0,17,29
11761,370,1,18,29
12466,370,2,19,28
13175,370,0,20,26
13886,370,4,21,26
14610,370,0,22,22
15339,370,0,23,22
16075,370,1,24,22
16817,370,0,25,21
17576,370,0,26,21
18339,370,1,27,21
19103,370,2,28,20
19872,370,3,29,18
20641,370,0,30,15
21412,370,0,31,15
22184,370,2,32,15
22962,370,1,33,13
23741,370,1,34,12
24521,370,4,35,11
25302,370,1,36,7
26083,370,0,37,6
26864,370,6,38,6
369,371,1,1,15
985,371,0,2,14
1613,371,0,3,14
2261,371,1,4,14
2920,371,0,5,13
3581,371,0,6,13
4245,371,9,7,13
4911,371,1,8,4
5578,371,0,9,3
6248,371,0,10,3
6922,371,1,11,3
7600,371,1,12,2
8284,371,0,13,1
8974,371,0,14,1
9667,371,0,15,1
10360,371,0,16,1
11061,371,0,17,1
11762,371,0,18,1
12467,371,0,19,1
13176,371,0,20,1
13887,371,0,21,1
14611,371,0,22,1
15340,371,0,23,1
16076,371,0,24,1
16818,371,0,25,1
17577,371,0,26,1
18340,371,0,27,1
19104,371,0,28,1
19873,371,0,29,1
20642,371,0,30,1
21413,371,0,31,1
22185,371,0,32,1
22963,371,0,33,1
23742,371,0,34,1
24522,371,0,35,1
25303,371,0,36,1
26084,371,0,37,1
26865,371,1,38,1
370,372,4,1,106
986,372,1,2,102
1614,372,2,3,101
2262,372,6,4,99
2921,372,2,5,93
3582,372,2,6,91
4246,372,3,7,89
4912,372,10,8,86
5579,372,2,9,76
6249,372,2,10,74
6923,372,6,11,72
7601,372,2,12,66
8285,372,1,13,64
8975,372,1,14,63
9668,372,4,15,62
10361,372,0,16,58
11062,372,1,17,58
11763,372,1,18,57
12468,372,1,19,56
13177,372,1,20,55
13888,372,3,21,54
14612,372,1,22,51
15341,372,3,23,50
16077,372,2,24,47
16819,372,2,25,45
17578,372,1,26,43
18341,372,1,27,42
19105,372,5,28,41
19874,372,8,29,36
20643,372,1,30,28
21414,372,3,31,27
22186,372,6,32,24
22964,372,2,33,18
23743,372,2,34,16
24523,372,12,35,14
25304,372,1,36,2
26085,372,1,37,1
26866,372,0,38,0
371,373,0,1,0
987,373,0,2,0
1615,373,0,3,0
2263,373,0,4,0
2922,373,0,5,0
3583,373,0,6,0
4247,373,0,7,0
4913,373,0,8,0
5580,373,0,9,0
6250,373,0,10,0
6924,373,0,11,0
7602,373,0,12,0
8286,373,0,13,0
8976,373,0,14,0
9669,373,0,15,0
10362,373,0,16,0
11063,373,0,17,0
11764,373,0,18,0
12469,373,0,19,0
13178,373,0,20,0
13889,373,0,21,0
14613,373,0,22,0
15342,373,0,23,0
16078,373,0,24,0
16820,373,0,25,0
17579,373,0,26,0
18342,373,0,27,0
19106,373,0,28,0
19875,373,0,29,0
20644,373,0,30,0
21415,373,0,31,0
22187,373,0,32,0
22965,373,0,33,0
23744,373,0,34,0
24524,373,0,35,0
25305,373,0,36,0
26086,373,0,37,0
26867,373,0,38,0
372,374,0,1,0
988,374,0,2,0
1616,374,0,3,0
2264,374,0,4,0
2923,374,0,5,0
3584,374,0,6,0
4248,374,0,7,0
4914,374,0,8,0
5581,374,0,9,0
6251,374,0,10,0
6925,374,0,11,0
7603,374,0,12,0
8287,374,0,13,0
8977,374,0,14,0
9670,374,0,15,0
10363,374,0,16,0
11064,374,0,17,0
11765,374,0,18,0
12470,374,0,19,0
13179,374,0,20,0
13890,374,0,21,0
14614,374,0,22,0
15343,374,0,23,0
16079,374,0,24,0
16821,374,0,25,0
17580,374,0,26,0
18343,374,0,27,0
19107,374,0,28,0
19876,374,0,29,0
20645,374,0,30,0
21416,374,0,31,0
22188,374,0,32,0
22966,374,0,33,0
23745,374,0,34,0
24525,374,0,35,0
25306,374,0,36,0
26087,374,0,37,0
26868,374,0,38,0
373,375,0,1,78
989,375,0,2,78
1617,375,0,3,78
2265,375,0,4,78
2924,375,1,5,78
3585,375,1,6,77
4249,375,2,7,76
4915,375,8,8,74
5582,375,2,9,66
6252,375,5,10,64
6926,375,2,11,59
7604,375,1,12,57
8288,375,0,13,56
8978,375,2,14,56
9671,375,8,15,54
10364,375,1,16,46
11065,375,1,17,45
11766,375,2,18,44
12471,375,2,19,42
13180,375,2,20,40
13891,375,1,21,38
14615,375,1,22,37
15344,375,1,23,36
16080,375,1,24,35
16822,375,2,25,34
17581,375,2,26,32
18344,375,1,27,30
19108,375,1,28,29
19877,375,7,29,28
20646,375,1,30,21
21417,375,2,31,20
22189,375,1,32,18
22967,375,2,33,17
23746,375,9,34,15
24526,375,0,35,6
25307,375,2,36,6
26088,375,2,37,4
26869,375,2,38,2
374,376,0,1,27
990,376,0,2,27
1618,376,0,3,27
2266,376,0,4,27
2925,376,0,5,27
3586,376,0,6,27
4250,376,0,7,27
4916,376,1,8,27
5583,376,1,9,26
6253,376,1,10,25
6927,376,0,11,24
7605,376,0,12,24
8289,376,0,13,24
8979,376,0,14,24
9672,376,0,15,24
10365,376,1,16,24
11066,376,0,17,23
11767,376,0,18,23
12472,376,0,19,23
13181,376,0,20,23
13892,376,0,21,23
14616,376,0,22,23
15345,376,0,23,23
16081,376,0,24,23
16823,376,0,25,23
17582,376,0,26,23
18345,376,1,27,23
19109,376,2,28,22
19878,376,6,29,20
20647,376,0,30,14
21418,376,1,31,14
22190,376,0,32,13
22968,376,2,33,13
23747,376,1,34,11
24527,376,1,35,10
25308,376,1,36,9
26089,376,2,37,8
26870,376,6,38,6
375,377,5,1,48
991,377,2,2,43
1619,377,1,3,41
2267,377,0,4,40
2926,377,0,5,40
3587,377,0,6,40
4251,377,0,7,40
4917,377,0,8,40
5584,377,0,9,40
6254,377,0,10,40
6928,377,0,11,40
7606,377,0,12,40
8290,377,1,13,40
8980,377,0,14,39
9673,377,1,15,39
10366,377,2,16,38
11067,377,1,17,36
11768,377,1,18,35
12473,377,1,19,34
13182,377,0,20,33
13893,377,1,21,33
14617,377,0,22,32
15346,377,8,23,32
16082,377,0,24,24
16824,377,2,25,24
17583,377,1,26,22
18346,377,8,27,21
19110,377,0,28,13
19879,377,0,29,13
20648,377,1,30,13
21419,377,1,31,12
22191,377,0,32,11
22969,377,0,33,11
23748,377,2,34,11
24528,377,0,35,9
25309,377,1,36,9
26090,377,2,37,8
26871,377,6,38,6
376,378,3,1,42
992,378,1,2,39
1620,378,1,3,38
2268,378,2,4,37
2927,378,3,5,35
3588,378,1,6,32
4252,378,2,7,31
4918,378,0,8,29
5585,378,0,9,29
6255,378,0,10,29
6929,378,0,11,29
7607,378,0,12,29
8291,378,2,13,29
8981,378,0,14,27
9674,378,2,15,27
10367,378,2,16,25
11068,378,2,17,23
11769,378,2,18,21
12474,378,1,19,19
13183,378,2,20,18
13894,378,1,21,16
14618,378,2,22,15
15347,378,1,23,13
16083,378,2,24,12
16825,378,0,25,10
17584,378,0,26,10
18347,378,0,27,10
19111,378,0,28,10
19880,378,0,29,10
20649,378,0,30,10
21420,378,0,31,10
22192,378,1,32,10
22970,378,1,33,9
23749,378,2,34,8
24529,378,2,35,6
25310,378,2,36,4
26091,378,1,37,2
26872,378,1,38,1
377,379,0,1,2
993,379,0,2,2
1621,379,0,3,2
2269,379,0,4,2
2928,379,0,5,2
3589,379,0,6,2
4253,379,0,7,2
4919,379,0,8,2
5586,379,0,9,2
6256,379,0,10,2
6930,379,0,11,2
7608,379,0,12,2
8292,379,0,13,2
8982,379,0,14,2
9675,379,0,15,2
10368,379,0,16,2
11069,379,1,17,2
11770,379,0,18,1
12475,379,0,19,1
13184,379,0,20,1
13895,379,0,21,1
14619,379,0,22,1
15348,379,1,23,1
16084,379,0,24,0
16826,379,0,25,0
17585,379,0,26,0
18348,379,0,27,0
19112,379,0,28,0
19881,379,0,29,0
20650,379,0,30,0
21421,379,0,31,0
22193,379,0,32,0
22971,379,0,33,0
23750,379,0,34,0
24530,379,0,35,0
25311,379,0,36,0
26092,379,0,37,0
26873,379,0,38,0
378,380,7,1,68
994,380,1,2,61
1622,380,0,3,60
2270,380,6,4,60
2929,380,5,5,54
3590,380,0,6,49
4254,380,0,7,49
4920,380,2,8,49
5587,380,1,9,47
6257,380,1,10,46
6931,380,6,11,45
7609,380,0,12,39
8293,380,5,13,39
8983,380,0,14,34
9676,380,1,15,34
10369,380,6,16,33
11070,380,1,17,27
11771,380,1,18,26
12476,380,0,19,25
13185,380,7,20,25
13896,380,1,21,18
14620,380,0,22,17
15349,380,15,23,17
16085,380,2,24,2
16827,380,0,25,0
17586,380,0,26,0
18349,380,0,27,0
19113,380,0,28,0
19882,380,0,29,0
20651,380,0,30,0
21422,380,0,31,0
22194,380,0,32,0
22972,380,0,33,0
23751,380,0,34,0
24531,380,0,35,0
25312,380,0,36,0
26093,380,0,37,0
26874,380,0,38,0
379,381,1,1,2
995,381,1,2,1
1623,381,0,3,0
2271,381,0,4,0
2930,381,0,5,0
3591,381,0,6,0
4255,381,0,7,0
4921,381,0,8,0
5588,381,0,9,0
6258,381,0,10,0
6932,381,0,11,0
7610,381,0,12,0
8294,381,0,13,0
8984,381,0,14,0
9677,381,0,15,0
10370,381,0,16,0
11071,381,0,17,0
11772,381,0,18,0
12477,381,0,19,0
13186,381,0,20,0
13897,381,0,21,0
14621,381,0,22,0
15350,381,0,23,0
16086,381,0,24,0
16828,381,0,25,0
17587,381,0,26,0
18350,381,0,27,0
19114,381,0,28,0
19883,381,0,29,0
20652,381,0,30,0
21423,381,0,31,0
22195,381,0,32,0
22973,381,0,33,0
23752,381,0,34,0
24532,381,0,35,0
25313,381,0,36,0
26094,381,0,37,0
26875,381,0,38,0
380,382,2,1,25
996,382,1,2,23
1624,382,0,3,22
2272,382,0,4,22
2931,382,0,5,22
3592,382,0,6,22
4256,382,0,7,22
4922,382,0,8,22
5589,382,0,9,22
6259,382,0,10,22
6933,382,0,11,22
7611,382,1,12,22
8295,382,1,13,21
8985,382,1,14,20
9678,382,1,15,19
10371,382,1,16,18
11072,382,0,17,17
11773,382,0,18,17
12478,382,0,19,17
13187,382,0,20,17
13898,382,0,21,17
14622,382,0,22,17
15351,382,0,23,17
16087,382,0,24,17
16829,382,0,25,17
17588,382,0,26,17
18351,382,0,27,17
19115,382,0,28,17
19884,382,0,29,17
20653,382,1,30,17
21424,382,0,31,16
22196,382,1,32,16
22974,382,1,33,15
23753,382,1,34,14
24533,382,6,35,13
25314,382,1,36,7
26095,382,3,37,6
26876,382,3,38,3
381,383,6,1,120
997,383,1,2,114
1625,383,1,3,113
2273,383,13,4,112
2932,383,9,5,99
3593,383,3,6,90
4257,383,6,7,87
4923,383,2,8,81
5590,383,1,9,79
6260,383,2,10,78
6934,383,9,11,76
7612,383,3,12,67
8296,383,6,13,64
8986,383,2,14,58
9679,383,1,15,56
10372,383,2,16,55
11073,383,1,17,53
11774,383,1,18,52
12479,383,1,19,51
13188,383,2,20,50
13899,383,3,21,48
14623,383,1,22,45
15352,383,6,23,44
16088,383,1,24,38
16830,383,4,25,37
17589,383,3,26,33
18352,383,1,27,30
19116,383,3,28,29
19885,383,7,29,26
20654,383,2,30,19
21425,383,11,31,17
22197,383,0,32,6
22975,383,2,33,6
23754,383,2,34,4
24534,383,0,35,2
25315,383,0,36,2
26096,383,2,37,2
26877,383,0,38,0
382,384,0,1,0
998,384,0,2,0
1626,384,0,3,0
2274,384,0,4,0
2933,384,0,5,0
3594,384,0,6,0
4258,384,0,7,0
4924,384,0,8,0
5591,384,0,9,0
6261,384,0,10,0
6935,384,0,11,0
7613,384,0,12,0
8297,384,0,13,0
8987,384,0,14,0
9680,384,0,15,0
10373,384,0,16,0
11074,384,0,17,0
11775,384,0,18,0
12480,384,0,19,0
13189,384,0,20,0
13900,384,0,21,0
14624,384,0,22,0
15353,384,0,23,0
16089,384,0,24,0
16831,384,0,25,0
17590,384,0,26,0
18353,384,0,27,0
19117,384,0,28,0
19886,384,0,29,0
20655,384,0,30,0
21426,384,0,31,0
22198,384,0,32,0
22976,384,0,33,0
23755,384,0,34,0
24535,384,0,35,0
25316,384,0,36,0
26097,384,0,37,0
26878,384,0,38,0
383,385,3,1,95
999,385,2,2,92
1627,385,2,3,90
2275,385,8,4,88
2934,385,1,5,80
3595,385,2,6,79
4259,385,2,7,77
4925,385,6,8,75
5592,385,1,9,69
6262,385,2,10,68
6936,385,1,11,66
7614,385,8,12,65
8298,385,14,13,57
8988,385,1,14,43
9681,385,1,15,42
10374,385,0,16,41
11075,385,0,17,41
11776,385,0,18,41
12481,385,0,19,41
13190,385,0,20,41
13901,385,0,21,41
14625,385,0,22,41
15354,385,0,23,41
16090,385,0,24,41
16832,385,9,25,41
17591,385,9,26,32
18354,385,1,27,23
19118,385,1,28,22
19887,385,0,29,21
20656,385,8,30,21
21427,385,1,31,13
22199,385,3,32,12
22977,385,9,33,9
23756,385,0,34,0
24536,385,0,35,0
25317,385,0,36,0
26098,385,0,37,0
26879,385,0,38,0
384,386,0,1,86
1000,386,0,2,86
1628,386,0,3,86
2276,386,3,4,86
2935,386,4,5,83
3596,386,9,6,79
4260,386,2,7,70
4926,386,1,8,68
5593,386,0,9,67
6263,386,0,10,67
6937,386,0,11,67
7615,386,1,12,67
8299,386,3,13,66
8989,386,6,14,63
9682,386,8,15,57
10375,386,2,16,49
11076,386,3,17,47
11777,386,2,18,44
12482,386,1,19,42
13191,386,6,20,41
13902,386,2,21,35
14626,386,1,22,33
15355,386,2,23,32
16091,386,1,24,30
16833,386,2,25,29
17592,386,1,26,27
18355,386,3,27,26
19119,386,3,28,23
19888,386,2,29,20
20657,386,3,30,18
21428,386,3,31,15
22200,386,6,32,12
22978,386,1,33,6
23757,386,1,34,5
24537,386,0,35,4
25318,386,1,36,4
26099,386,0,37,3
26880,386,3,38,3
385,387,0,1,5
1001,387,0,2,5
1629,387,0,3,5
2277,387,0,4,5
2936,387,0,5,5
3597,387,0,6,5
4261,387,0,7,5
4927,387,0,8,5
5594,387,0,9,5
6264,387,0,10,5
6938,387,0,11,5
7616,387,1,12,5
8300,387,1,13,4
8990,387,0,14,3
9683,387,0,15,3
10376,387,0,16,3
11077,387,0,17,3
11778,387,0,18,3
12483,387,0,19,3
13192,387,0,20,3
13903,387,0,21,3
14627,387,0,22,3
15356,387,0,23,3
16092,387,0,24,3
16834,387,0,25,3
17593,387,0,26,3
18356,387,0,27,3
19120,387,0,28,3
19889,387,0,29,3
20658,387,0,30,3
21429,387,0,31,3
22201,387,1,32,3
22979,387,0,33,2
23758,387,1,34,2
24538,387,-2,35,1
25319,387,1,36,3
26100,387,2,37,2
26881,387,0,38,0
386,388,0,1,118
1002,388,1,2,118
1630,388,1,3,117
2278,388,2,4,116
2937,388,1,5,114
3598,388,2,6,113
4262,388,2,7,111
4928,388,0,8,109
5595,388,2,9,109
6265,388,1,10,107
6939,388,6,11,106
7617,388,15,12,100
8301,388,6,13,85
8991,388,1,14,79
9684,388,2,15,78
10377,388,5,16,76
11078,388,2,17,71
11779,388,9,18,69
12484,388,0,19,60
13193,388,0,20,60
13904,388,3,21,60
14628,388,1,22,57
15357,388,2,23,56
16093,388,-1,24,54
16835,388,2,25,55
17594,388,12,26,53
18357,388,7,27,41
19121,388,2,28,34
19890,388,2,29,32
20659,388,2,30,30
21430,388,1,31,28
22202,388,1,32,27
22980,388,0,33,26
23759,388,1,34,26
24539,388,7,35,25
25320,388,12,36,18
26101,388,1,37,6
26882,388,5,38,5
387,389,8,1,64
1003,389,1,2,56
1631,389,1,3,55
2279,389,2,4,54
2938,389,2,5,52
3599,389,1,6,50
4263,389,1,7,49
4929,389,1,8,48
5596,389,4,9,47
6266,389,1,10,43
6940,389,1,11,42
7618,389,1,12,41
8302,389,13,13,40
8992,389,1,14,27
9685,389,1,15,26
10378,389,1,16,25
11079,389,1,17,24
11780,389,1,18,23
12485,389,1,19,22
13194,389,1,20,21
13905,389,1,21,20
14629,389,5,22,19
15358,389,1,23,14
16094,389,1,24,13
16836,389,2,25,12
17595,389,2,26,10
18358,389,1,27,8
19122,389,2,28,7
19891,389,1,29,5
20660,389,2,30,4
21431,389,1,31,2
22203,389,1,32,1
22981,389,0,33,0
23760,389,0,34,0
24540,389,0,35,0
25321,389,0,36,0
26102,389,0,37,0
26883,389,0,38,0
388,390,0,1,0
1004,390,0,2,0
1632,390,0,3,0
2280,390,0,4,0
2939,390,0,5,0
3600,390,0,6,0
4264,390,0,7,0
4930,390,0,8,0
5597,390,0,9,0
6267,390,0,10,0
6941,390,0,11,0
7619,390,0,12,0
8303,390,0,13,0
8993,390,0,14,0
9686,390,0,15,0
10379,390,0,16,0
11080,390,0,17,0
11781,390,0,18,0
12486,390,0,19,0
13195,390,0,20,0
13906,390,0,21,0
14630,390,0,22,0
15359,390,0,23,0
16095,390,0,24,0
16837,390,0,25,0
17596,390,0,26,0
18359,390,0,27,0
19123,390,0,28,0
19892,390,0,29,0
20661,390,0,30,0
21432,390,0,31,0
22204,390,0,32,0
22982,390,0,33,0
23761,390,0,34,0
24541,390,0,35,0
25322,390,0,36,0
26103,390,0,37,0
26884,390,0,38,0
389,391,0,1,10
1005,391,1,2,10
1633,391,1,3,9
2281,391,0,4,8
2940,391,0,5,8
3601,391,0,6,8
4265,391,1,7,8
4931,391,1,8,7
5598,391,2,9,6
6268,391,0,10,4
6942,391,0,11,4
7620,391,0,12,4
8304,391,0,13,4
8994,391,0,14,4
9687,391,1,15,4
10380,391,0,16,3
11081,391,1,17,3
11782,391,0,18,2
12487,391,0,19,2
13196,391,0,20,2
13907,391,1,21,2
14631,391,0,22,1
15360,391,1,23,1
16096,391,0,24,0
16838,391,0,25,0
17597,391,0,26,0
18360,391,0,27,0
19124,391,0,28,0
19893,391,0,29,0
20662,391,0,30,0
21433,391,0,31,0
22205,391,0,32,0
22983,391,0,33,0
23762,391,0,34,0
24542,391,0,35,0
25323,391,0,36,0
26104,391,0,37,0
26885,391,0,38,0
390,392,1,1,130
1006,392,5,2,129
1634,392,9,3,124
2282,392,8,4,115
2941,392,10,5,107
3602,392,2,6,97
4266,392,3,7,95
4932,392,1,8,92
5599,392,2,9,91
6269,392,1,10,89
6943,392,7,11,88
7621,392,1,12,81
8305,392,2,13,80
8995,392,1,14,78
9688,392,7,15,77
10381,392,1,16,70
11082,392,1,17,69
11783,392,1,18,68
12488,392,1,19,67
13197,392,1,20,66
13908,392,0,21,65
14632,392,0,22,65
15361,392,0,23,65
16097,392,0,24,65
16839,392,0,25,65
17598,392,1,26,65
18361,392,1,27,64
19125,392,6,28,63
19894,392,0,29,57
20663,392,5,30,57
21434,392,8,31,52
22206,392,27,32,44
22984,392,5,33,17
23763,392,3,34,12
24543,392,2,35,9
25324,392,3,36,7
26105,392,2,37,4
26886,392,2,38,2
391,393,0,1,18
1007,393,0,2,18
1635,393,0,3,18
2283,393,0,4,18
2942,393,0,5,18
3603,393,0,6,18
4267,393,0,7,18
4933,393,0,8,18
5600,393,0,9,18
6270,393,0,10,18
6944,393,0,11,18
7622,393,0,12,18
8306,393,0,13,18
8996,393,0,14,18
9689,393,0,15,18
10382,393,0,16,18
11083,393,0,17,18
11784,393,0,18,18
12489,393,0,19,18
13198,393,1,20,18
13909,393,6,21,17
14633,393,0,22,11
15362,393,0,23,11
16098,393,0,24,11
16840,393,0,25,11
17599,393,0,26,11
18362,393,0,27,11
19126,393,0,28,11
19895,393,0,29,11
20664,393,0,30,11
21435,393,0,31,11
22207,393,0,32,11
22985,393,0,33,11
23764,393,1,34,11
24544,393,1,35,10
25325,393,1,36,9
26106,393,2,37,8
26887,393,6,38,6
392,394,3,1,135
1008,394,2,2,132
1636,394,1,3,130
2284,394,7,4,129
2943,394,2,5,122
3604,394,1,6,120
4268,394,3,7,119
4934,394,2,8,116
5601,394,2,9,114
6271,394,3,10,112
6945,394,2,11,109
7623,394,2,12,107
8307,394,2,13,105
8997,394,8,14,103
9690,394,2,15,95
10383,394,7,16,93
11084,394,7,17,86
11785,394,3,18,79
12490,394,3,19,76
13199,394,6,20,73
13910,394,6,21,67
14634,394,9,22,61
15363,394,2,23,52
16099,394,2,24,50
16841,394,1,25,48
17600,394,2,26,47
18363,394,2,27,45
19127,394,11,28,43
19896,394,0,29,32
20665,394,2,30,32
21436,394,3,31,30
22208,394,10,32,27
22986,394,1,33,17
23765,394,3,34,16
24545,394,2,35,13
25326,394,7,36,11
26107,394,2,37,4
26888,394,2,38,2
393,395,5,1,115
1009,395,1,2,110
1637,395,0,3,109
2285,395,1,4,109
2944,395,1,5,108
3605,395,2,6,107
4269,395,8,7,105
4935,395,1,8,97
5602,395,1,9,96
6272,395,6,10,95
6946,395,1,11,89
7624,395,0,12,88
8308,395,4,13,88
8998,395,1,14,84
9691,395,0,15,83
10384,395,6,16,83
11085,395,6,17,77
11786,395,6,18,71
12491,395,7,19,65
13200,395,1,20,58
13911,395,6,21,57
14635,395,0,22,51
15364,395,2,23,51
16100,395,0,24,49
16842,395,0,25,49
17601,395,1,26,49
18364,395,1,27,48
19128,395,5,28,47
19897,395,0,29,42
20666,395,2,30,42
21437,395,6,31,40
22209,395,7,32,34
22987,395,-2,33,27
23766,395,13,34,29
24546,395,2,35,16
25327,395,11,36,14
26108,395,1,37,3
26889,395,2,38,2
394,396,0,1,44
1010,396,0,2,44
1638,396,0,3,44
2286,396,0,4,44
2945,396,0,5,44
3606,396,0,6,44
4270,396,0,7,44
4936,396,0,8,44
5603,396,0,9,44
6273,396,0,10,44
6947,396,0,11,44
7625,396,0,12,44
8309,396,0,13,44
8999,396,0,14,44
9692,396,0,15,44
10385,396,6,16,44
11086,396,6,17,38
11787,396,6,18,32
12492,396,6,19,26
13201,396,3,20,20
13912,396,10,21,17
14636,396,2,22,7
15365,396,3,23,5
16101,396,1,24,2
16843,396,1,25,1
17602,396,0,26,0
18365,396,0,27,0
19129,396,0,28,0
19898,396,0,29,0
20667,396,0,30,0
21438,396,0,31,0
22210,396,0,32,0
22988,396,0,33,0
23767,396,0,34,0
24547,396,0,35,0
25328,396,0,36,0
26109,396,0,37,0
26890,396,0,38,0
395,397,0,1,7
1011,397,0,2,7
1639,397,0,3,7
2287,397,1,4,7
2946,397,1,5,6
3607,397,1,6,5
4271,397,0,7,4
4937,397,-2,8,4
5604,397,0,9,6
6274,397,0,10,6
6948,397,0,11,6
7626,397,2,12,6
8310,397,1,13,4
9000,397,2,14,3
9693,397,0,15,1
10386,397,0,16,1
11087,397,0,17,1
11788,397,0,18,1
12493,397,0,19,1
13202,397,0,20,1
13913,397,0,21,1
14637,397,0,22,1
15366,397,1,23,1
16102,397,0,24,0
16844,397,0,25,0
17603,397,0,26,0
18366,397,0,27,0
19130,397,0,28,0
19899,397,0,29,0
20668,397,0,30,0
21439,397,0,31,0
22211,397,0,32,0
22989,397,0,33,0
23768,397,0,34,0
24548,397,0,35,0
25329,397,0,36,0
26110,397,0,37,0
26891,397,0,38,0
396,398,3,1,124
1012,398,10,2,121
1640,398,2,3,111
2288,398,2,4,109
2947,398,2,5,107
3608,398,9,6,105
4272,398,1,7,96
4938,398,2,8,95
5605,398,0,9,93
6275,398,6,10,93
6949,398,2,11,87
7627,398,2,12,85
8311,398,5,13,83
9001,398,8,14,78
9694,398,1,15,70
10387,398,6,16,69
11088,398,6,17,63
11789,398,10,18,57
12494,398,6,19,47
13203,398,7,20,41
13914,398,9,21,34
14638,398,2,22,25
15367,398,5,23,23
16103,398,1,24,18
16845,398,2,25,17
17604,398,2,26,15
18367,398,2,27,13
19131,398,0,28,11
19900,398,0,29,11
20669,398,0,30,11
21440,398,0,31,11
22212,398,2,32,11
22990,398,1,33,9
23769,398,1,34,8
24549,398,1,35,7
25330,398,3,36,6
26111,398,2,37,3
26892,398,1,38,1
397,399,5,1,102
1013,399,1,2,97
1641,399,1,3,96
2289,399,2,4,95
2948,399,1,5,93
3609,399,2,6,92
4273,399,5,7,90
4939,399,1,8,85
5606,399,4,9,84
6276,399,8,10,80
6950,399,2,11,72
7628,399,1,12,70
8312,399,2,13,69
9002,399,1,14,67
9695,399,1,15,66
10388,399,15,16,65
11089,399,7,17,50
11790,399,6,18,43
12495,399,12,19,37
13204,399,2,20,25
13915,399,6,21,23
14639,399,4,22,17
15368,399,2,23,13
16104,399,1,24,11
16846,399,0,25,10
17605,399,9,26,10
18368,399,1,27,1
19132,399,0,28,0
19901,399,0,29,0
20670,399,0,30,0
21441,399,0,31,0
22213,399,0,32,0
22991,399,0,33,0
23770,399,0,34,0
24550,399,0,35,0
25331,399,0,36,0
26112,399,0,37,0
26893,399,0,38,0
398,400,0,1,0
1014,400,0,2,0
1642,400,0,3,0
2290,400,0,4,0
2949,400,0,5,0
3610,400,0,6,0
4274,400,0,7,0
4940,400,0,8,0
5607,400,0,9,0
6277,400,0,10,0
6951,400,0,11,0
7629,400,0,12,0
8313,400,0,13,0
9003,400,0,14,0
9696,400,0,15,0
10389,400,0,16,0
11090,400,0,17,0
11791,400,0,18,0
12496,400,0,19,0
13205,400,0,20,0
13916,400,0,21,0
14640,400,0,22,0
15369,400,0,23,0
16105,400,0,24,0
16847,400,0,25,0
17606,400,0,26,0
18369,400,0,27,0
19133,400,0,28,0
19902,400,0,29,0
20671,400,0,30,0
21442,400,0,31,0
22214,400,0,32,0
22992,400,0,33,0
23771,400,0,34,0
24551,400,0,35,0
25332,400,0,36,0
26113,400,0,37,0
26894,400,0,38,0
399,401,5,1,211
1015,401,2,2,206
1643,401,9,3,204
2291,401,1,4,195
2950,401,2,5,194
3611,401,0,6,192
4275,401,0,7,192
4941,401,2,8,192
5608,401,6,9,190
6278,401,9,10,184
6952,401,11,11,175
7630,401,2,12,164
8314,401,1,13,162
9004,401,11,14,161
9697,401,8,15,150
10390,401,11,16,142
11091,401,17,17,131
11792,401,8,18,114
12497,401,7,19,106
13206,401,7,20,99
13917,401,16,21,92
14641,401,2,22,76
15370,401,13,23,74
16106,401,2,24,61
16848,401,2,25,59
17607,401,13,26,57
18370,401,0,27,44
19134,401,2,28,44
19903,401,0,29,42
20672,401,8,30,42
21443,401,2,31,34
22215,401,11,32,32
22993,401,2,33,21
23772,401,6,34,19
24552,401,9,35,13
25333,401,2,36,4
26114,401,0,37,2
26895,401,2,38,2
400,402,1,1,159
1016,402,1,2,158
1644,402,4,3,157
2292,402,1,4,153
2951,402,4,5,152
3612,402,2,6,148
4276,402,3,7,146
4942,402,2,8,143
5609,402,1,9,141
6279,402,0,10,140
6953,402,0,11,140
7631,402,1,12,140
8315,402,0,13,139
9005,402,2,14,139
9698,402,7,15,137
10391,402,13,16,130
11092,402,13,17,117
11793,402,6,18,104
12498,402,3,19,98
13207,402,5,20,95
13918,402,3,21,90
14642,402,2,22,87
15371,402,6,23,85
16107,402,8,24,79
16849,402,2,25,71
17608,402,7,26,69
18371,402,1,27,62
19135,402,3,28,61
19904,402,0,29,58
20673,402,5,30,58
21444,402,16,31,53
22216,402,19,32,37
22994,402,2,33,18
23773,402,6,34,16
24553,402,1,35,10
25334,402,5,36,9
26115,402,2,37,4
26896,402,2,38,2
401,403,11,1,99
1017,403,1,2,88
1645,403,1,3,87
2293,403,0,4,86
2952,403,2,5,86
3613,403,1,6,84
4277,403,3,7,83
4943,403,2,8,80
5610,403,2,9,78
6280,403,3,10,76
6954,403,10,11,73
7632,403,2,12,63
8316,403,2,13,61
9006,403,2,14,59
9699,403,1,15,57
10392,403,2,16,56
11093,403,0,17,54
11794,403,13,18,54
12499,403,10,19,41
13208,403,1,20,31
13919,403,3,21,30
14643,403,1,22,27
15372,403,2,23,26
16108,403,1,24,24
16850,403,0,25,23
17609,403,0,26,23
18372,403,0,27,23
19136,403,3,28,23
19905,403,0,29,20
20674,403,2,30,20
21445,403,6,31,18
22217,403,11,32,12
22995,403,1,33,1
23774,403,0,34,0
24554,403,0,35,0
25335,403,0,36,0
26116,403,0,37,0
26897,403,0,38,0
402,404,1,1,12
1018,404,2,2,11
1646,404,4,3,9
2294,404,1,4,5
2953,404,0,5,4
3614,404,0,6,4
4278,404,0,7,4
4944,404,0,8,4
5611,404,1,9,4
6281,404,1,10,3
6955,404,0,11,2
7633,404,0,12,2
8317,404,0,13,2
9007,404,0,14,2
9700,404,0,15,2
10393,404,0,16,2
11094,404,0,17,2
11795,404,0,18,2
12500,404,0,19,2
13209,404,1,20,2
13920,404,0,21,1
14644,404,0,22,1
15373,404,0,23,1
16109,404,1,24,1
16851,404,0,25,0
17610,404,0,26,0
18373,404,0,27,0
19137,404,0,28,0
19906,404,0,29,0
20675,404,0,30,0
21446,404,0,31,0
22218,404,0,32,0
22996,404,0,33,0
23775,404,0,34,0
24555,404,0,35,0
25336,404,0,36,0
26117,404,0,37,0
26898,404,0,38,0
403,405,6,1,17
1019,405,2,2,11
1647,405,2,3,9
2295,405,0,4,7
2954,405,0,5,7
3615,405,0,6,7
4279,405,0,7,7
4945,405,0,8,7
5612,405,0,9,7
6282,405,0,10,7
6956,405,0,11,7
7634,405,0,12,7
8318,405,0,13,7
9008,405,0,14,7
9701,405,0,15,7
10394,405,0,16,7
11095,405,0,17,7
11796,405,0,18,7
12501,405,0,19,7
13210,405,0,20,7
13921,405,0,21,7
14645,405,0,22,7
15374,405,0,23,7
16110,405,0,24,7
16852,405,1,25,7
17611,405,0,26,6
18374,405,0,27,6
19138,405,0,28,6
19907,405,0,29,6
20676,405,1,30,6
21447,405,1,31,5
22219,405,2,32,4
22997,405,1,33,2
23776,405,0,34,1
24556,405,1,35,1
25337,405,0,36,0
26118,405,0,37,0
26899,405,0,38,0
404,406,0,1,0
1020,406,0,2,0
1648,406,0,3,0
2296,406,0,4,0
2955,406,0,5,0
3616,406,0,6,0
4280,406,0,7,0
4946,406,0,8,0
5613,406,0,9,0
6283,406,0,10,0
6957,406,0,11,0
7635,406,0,12,0
8319,406,0,13,0
9009,406,0,14,0
9702,406,0,15,0
10395,406,0,16,0
11096,406,0,17,0
11797,406,0,18,0
12502,406,0,19,0
13211,406,0,20,0
13922,406,0,21,0
14646,406,0,22,0
15375,406,0,23,0
16111,406,0,24,0
16853,406,0,25,0
17612,406,0,26,0
18375,406,0,27,0
19139,406,0,28,0
19908,406,0,29,0
20677,406,0,30,0
21448,406,0,31,0
22220,406,0,32,0
22998,406,0,33,0
23777,406,0,34,0
24557,406,0,35,0
25338,406,0,36,0
26119,406,0,37,0
26900,406,0,38,0
405,407,0,1,0
1021,407,0,2,0
1649,407,0,3,0
2297,407,0,4,0
2956,407,0,5,0
3617,407,0,6,0
4281,407,0,7,0
4947,407,0,8,0
5614,407,0,9,0
6284,407,0,10,0
6958,407,0,11,0
7636,407,0,12,0
8320,407,0,13,0
9010,407,0,14,0
9703,407,0,15,0
10396,407,0,16,0
11097,407,0,17,0
11798,407,0,18,0
12503,407,0,19,0
13212,407,0,20,0
13923,407,0,21,0
14647,407,0,22,0
15376,407,0,23,0
16112,407,0,24,0
16854,407,0,25,0
17613,407,0,26,0
18376,407,0,27,0
19140,407,0,28,0
19909,407,0,29,0
20678,407,0,30,0
21449,407,0,31,0
22221,407,0,32,0
22999,407,0,33,0
23778,407,0,34,0
24558,407,0,35,0
25339,407,0,36,0
26120,407,0,37,0
26901,407,0,38,0
406,408,0,1,0
1022,408,0,2,0
1650,408,0,3,0
2298,408,0,4,0
2957,408,0,5,0
3618,408,0,6,0
4282,408,0,7,0
4948,408,0,8,0
5615,408,0,9,0
6285,408,0,10,0
6959,408,0,11,0
7637,408,0,12,0
8321,408,0,13,0
9011,408,0,14,0
9704,408,0,15,0
10397,408,0,16,0
11098,408,0,17,0
11799,408,0,18,0
12504,408,0,19,0
13213,408,0,20,0
13924,408,0,21,0
14648,408,0,22,0
15377,408,0,23,0
16113,408,0,24,0
16855,408,0,25,0
17614,408,0,26,0
18377,408,0,27,0
19141,408,0,28,0
19910,408,0,29,0
20679,408,0,30,0
21450,408,0,31,0
22222,408,0,32,0
23000,408,0,33,0
23779,408,0,34,0
24559,408,0,35,0
25340,408,0,36,0
26121,408,0,37,0
26902,408,0,38,0
407,409,7,1,105
1023,409,1,2,98
1651,409,2,3,97
2299,409,2,4,95
2958,409,1,5,93
3619,409,1,6,92
4283,409,1,7,91
4949,409,2,8,90
5616,409,1,9,88
6286,409,7,10,87
6960,409,2,11,80
7638,409,1,12,78
8322,409,2,13,77
9012,409,1,14,75
9705,409,0,15,74
10398,409,6,16,74
11099,409,6,17,68
11800,409,0,18,62
12505,409,1,19,62
13214,409,2,20,61
13925,409,6,21,59
14649,409,0,22,53
15378,409,2,23,53
16114,409,2,24,51
16856,409,1,25,49
17615,409,0,26,48
18378,409,1,27,48
19142,409,7,28,47
19911,409,0,29,40
20680,409,2,30,40
21451,409,11,31,38
22223,409,8,32,27
23001,409,0,33,19
23780,409,6,34,19
24560,409,2,35,13
25341,409,7,36,11
26122,409,2,37,4
26903,409,2,38,2
408,410,3,1,34
1024,410,2,2,31
1652,410,1,3,29
2300,410,1,4,28
2959,410,0,5,27
3620,410,1,6,27
4284,410,1,7,26
4950,410,1,8,25
5617,410,0,9,24
6287,410,3,10,24
6961,410,5,11,21
7639,410,1,12,16
8323,410,1,13,15
9013,410,1,14,14
9706,410,2,15,13
10399,410,1,16,11
11100,410,1,17,10
11801,410,0,18,9
12506,410,0,19,9
13215,410,1,20,9
13926,410,0,21,8
14650,410,0,22,8
15379,410,1,23,8
16115,410,0,24,7
16857,410,1,25,7
17616,410,0,26,6
18379,410,1,27,6
19143,410,1,28,5
19912,410,0,29,4
20681,410,0,30,4
21452,410,1,31,4
22224,410,2,32,3
23002,410,0,33,1
23781,410,0,34,1
24561,410,0,35,1
25342,410,1,36,1
26123,410,0,37,0
26904,410,0,38,0
409,411,0,1,21
1025,411,0,2,21
1653,411,0,3,21
2301,411,0,4,21
2960,411,0,5,21
3621,411,0,6,21
4285,411,0,7,21
4951,411,0,8,21
5618,411,0,9,21
6288,411,0,10,21
6962,411,0,11,21
7640,411,0,12,21
8324,411,0,13,21
9014,411,0,14,21
9707,411,0,15,21
10400,411,0,16,21
11101,411,1,17,21
11802,411,1,18,20
12507,411,0,19,19
13216,411,0,20,19
13927,411,1,21,19
14651,411,0,22,18
15380,411,1,23,18
16116,411,1,24,17
16858,411,1,25,16
17617,411,8,26,15
18380,411,1,27,7
19144,411,0,28,6
19913,411,0,29,6
20682,411,1,30,6
21453,411,1,31,5
22225,411,1,32,4
23003,411,0,33,3
23782,411,1,34,3
24562,411,0,35,2
25343,411,1,36,2
26124,411,1,37,1
26905,411,0,38,0
410,412,0,1,0
1026,412,0,2,0
1654,412,0,3,0
2302,412,0,4,0
2961,412,0,5,0
3622,412,0,6,0
4286,412,0,7,0
4952,412,0,8,0
5619,412,0,9,0
6289,412,0,10,0
6963,412,0,11,0
7641,412,0,12,0
8325,412,0,13,0
9015,412,0,14,0
9708,412,0,15,0
10401,412,0,16,0
11102,412,0,17,0
11803,412,0,18,0
12508,412,0,19,0
13217,412,0,20,0
13928,412,0,21,0
14652,412,0,22,0
15381,412,0,23,0
16117,412,0,24,0
16859,412,0,25,0
17618,412,0,26,0
18381,412,0,27,0
19145,412,0,28,0
19914,412,0,29,0
20683,412,0,30,0
21454,412,0,31,0
22226,412,0,32,0
23004,412,0,33,0
23783,412,0,34,0
24563,412,0,35,0
25344,412,0,36,0
26125,412,0,37,0
26906,412,0,38,0
411,413,9,1,102
1027,413,3,2,93
1655,413,4,3,90
2303,413,3,4,86
2962,413,3,5,83
3623,413,3,6,80
4287,413,6,7,77
4953,413,3,8,71
5620,413,2,9,68
6290,413,5,10,66
6964,413,2,11,61
7642,413,2,12,59
8326,413,2,13,57
9016,413,0,14,55
9709,413,1,15,55
10402,413,0,16,54
11103,413,0,17,54
11804,413,0,18,54
12509,413,0,19,54
13218,413,0,20,54
13929,413,0,21,54
14653,413,0,22,54
15382,413,0,23,54
16118,413,0,24,54
16860,413,0,25,54
17619,413,1,26,54
18382,413,1,27,53
19146,413,6,28,52
19915,413,0,29,46
20684,413,2,30,46
21455,413,6,31,44
22227,413,15,32,38
23005,413,2,33,23
23784,413,6,34,21
24564,413,2,35,15
25345,413,7,36,13
26126,413,3,37,6
26907,413,3,38,3
412,414,0,1,0
1028,414,0,2,0
1656,414,0,3,0
2304,414,0,4,0
2963,414,0,5,0
3624,414,0,6,0
4288,414,0,7,0
4954,414,0,8,0
5621,414,0,9,0
6291,414,0,10,0
6965,414,0,11,0
7643,414,0,12,0
8327,414,0,13,0
9017,414,0,14,0
9710,414,0,15,0
10403,414,0,16,0
11104,414,0,17,0
11805,414,0,18,0
12510,414,0,19,0
13219,414,0,20,0
13930,414,0,21,0
14654,414,0,22,0
15383,414,0,23,0
16119,414,0,24,0
16861,414,0,25,0
17620,414,0,26,0
18383,414,0,27,0
19147,414,0,28,0
19916,414,0,29,0
20685,414,0,30,0
21456,414,0,31,0
22228,414,0,32,0
23006,414,0,33,0
23785,414,0,34,0
24565,414,0,35,0
25346,414,0,36,0
26127,414,0,37,0
26908,414,0,38,0
413,415,-2,1,118
1029,415,0,2,120
1657,415,0,3,120
2305,415,8,4,120
2964,415,1,5,112
3625,415,1,6,111
4289,415,5,7,110
4955,415,2,8,105
5622,415,0,9,103
6292,415,5,10,103
6966,415,2,11,98
7644,415,1,12,96
8328,415,2,13,95
9018,415,7,14,93
9711,415,0,15,86
10404,415,6,16,86
11105,415,6,17,80
11806,415,6,18,74
12511,415,5,19,68
13220,415,0,20,63
13931,415,0,21,63
14655,415,0,22,63
15384,415,2,23,63
16120,415,1,24,61
16862,415,0,25,60
17621,415,1,26,60
18384,415,1,27,59
19148,415,6,28,58
19917,415,0,29,52
20686,415,1,30,52
21457,415,10,31,51
22229,415,16,32,41
23007,415,5,33,25
23786,415,6,34,20
24566,415,6,35,14
25347,415,5,36,8
26128,415,2,37,3
26909,415,1,38,1
414,416,0,1,2
1030,416,0,2,2
1658,416,0,3,2
2306,416,0,4,2
2965,416,0,5,2
3626,416,0,6,2
4290,416,0,7,2
4956,416,0,8,2
5623,416,0,9,2
6293,416,0,10,2
6967,416,0,11,2
7645,416,0,12,2
8329,416,0,13,2
9019,416,0,14,2
9712,416,0,15,2
10405,416,0,16,2
11106,416,0,17,2
11807,416,1,18,2
12512,416,0,19,1
13221,416,0,20,1
13932,416,0,21,1
14656,416,0,22,1
15385,416,0,23,1
16121,416,0,24,1
16863,416,0,25,1
17622,416,0,26,1
18385,416,0,27,1
19149,416,0,28,1
19918,416,0,29,1
20687,416,0,30,1
21458,416,0,31,1
22230,416,0,32,1
23008,416,1,33,1
23787,416,0,34,0
24567,416,0,35,0
25348,416,0,36,0
26129,416,0,37,0
26910,416,0,38,0
415,417,0,1,106
1031,417,0,2,106
1659,417,1,3,106
2307,417,1,4,105
2966,417,1,5,104
3627,417,1,6,103
4291,417,3,7,102
4957,417,2,8,99
5624,417,1,9,97
6294,417,0,10,96
6968,417,4,11,96
7646,417,1,12,92
8330,417,2,13,91
9020,417,1,14,89
9713,417,1,15,88
10406,417,3,16,87
11107,417,3,17,84
11808,417,3,18,81
12513,417,3,19,78
13222,417,2,20,75
13933,417,3,21,73
14657,417,2,22,70
15386,417,9,23,68
16122,417,1,24,59
16864,417,2,25,58
17623,417,1,26,56
18386,417,2,27,55
19150,417,3,28,53
19919,417,0,29,50
20688,417,10,30,50
21459,417,3,31,40
22231,417,15,32,37
23009,417,2,33,22
23788,417,3,34,20
24568,417,2,35,17
25349,417,11,36,15
26130,417,2,37,4
26911,417,2,38,2
416,418,0,1,72
1032,418,1,2,72
1660,418,0,3,71
2308,418,1,4,71
2967,418,1,5,70
3628,418,2,6,69
4292,418,8,7,67
4958,418,0,8,59
5625,418,0,9,59
6295,418,0,10,59
6969,418,0,11,59
7647,418,1,12,59
8331,418,0,13,58
9021,418,0,14,58
9714,418,1,15,58
10407,418,1,16,57
11108,418,1,17,56
11809,418,5,18,55
12514,418,1,19,50
13223,418,0,20,49
13934,418,1,21,49
14658,418,0,22,48
15387,418,0,23,48
16123,418,1,24,48
16865,418,0,25,47
17624,418,0,26,47
18387,418,1,27,47
19151,418,8,28,46
19920,418,0,29,38
20689,418,2,30,38
21460,418,6,31,36
22232,418,12,32,30
23010,418,0,33,18
23789,418,15,34,18
24569,418,2,35,3
25350,418,0,36,1
26131,418,0,37,1
26912,418,1,38,1
417,419,0,1,0
1033,419,0,2,0
1661,419,0,3,0
2309,419,0,4,0
2968,419,0,5,0
3629,419,0,6,0
4293,419,0,7,0
4959,419,0,8,0
5626,419,0,9,0
6296,419,0,10,0
6970,419,0,11,0
7648,419,0,12,0
8332,419,0,13,0
9022,419,0,14,0
9715,419,0,15,0
10408,419,0,16,0
11109,419,0,17,0
11810,419,0,18,0
12515,419,0,19,0
13224,419,0,20,0
13935,419,0,21,0
14659,419,0,22,0
15388,419,0,23,0
16124,419,0,24,0
16866,419,0,25,0
17625,419,0,26,0
18388,419,0,27,0
19152,419,0,28,0
19921,419,0,29,0
20690,419,0,30,0
21461,419,0,31,0
22233,419,0,32,0
23011,419,0,33,0
23790,419,0,34,0
24570,419,0,35,0
25351,419,0,36,0
26132,419,0,37,0
26913,419,0,38,0
418,420,0,1,46
1034,420,1,2,46
1662,420,0,3,45
2310,420,4,4,45
2969,420,1,5,41
3630,420,1,6,40
4294,420,1,7,39
4960,420,1,8,38
5627,420,1,9,37
6297,420,2,10,36
6971,420,2,11,34
7649,420,1,12,32
8333,420,2,13,31
9023,420,1,14,29
9716,420,0,15,28
10409,420,1,16,28
11110,420,3,17,27
11811,420,1,18,24
12516,420,1,19,23
13225,420,1,20,22
13936,420,1,21,21
14660,420,1,22,20
15389,420,1,23,19
16125,420,1,24,18
16867,420,1,25,17
17626,420,5,26,16
18389,420,2,27,11
19153,420,1,28,9
19922,420,0,29,8
20691,420,1,30,8
21462,420,0,31,7
22234,420,1,32,7
23012,420,1,33,6
23791,420,3,34,5
24571,420,1,35,2
25352,420,0,36,1
26133,420,0,37,1
26914,420,1,38,1
419,421,0,1,19
1035,421,0,2,19
1663,421,0,3,19
2311,421,0,4,19
2970,421,0,5,19
3631,421,0,6,19
4295,421,0,7,19
4961,421,0,8,19
5628,421,0,9,19
6298,421,0,10,19
6972,421,0,11,19
7650,421,1,12,19
8334,421,0,13,18
9024,421,1,14,18
9717,421,1,15,17
10410,421,0,16,16
11111,421,0,17,16
11812,421,0,18,16
12517,421,0,19,16
13226,421,0,20,16
13937,421,0,21,16
14661,421,0,22,16
15390,421,0,23,16
16126,421,0,24,16
16868,421,1,25,16
17627,421,1,26,15
18390,421,2,27,14
19154,421,1,28,12
19923,421,0,29,11
20692,421,1,30,11
21463,421,1,31,10
22235,421,2,32,9
23013,421,1,33,7
23792,421,1,34,6
24572,421,1,35,5
25353,421,1,36,4
26134,421,2,37,3
26915,421,1,38,1
420,422,1,1,128
1036,422,9,2,127
1664,422,2,3,118
2312,422,8,4,116
2971,422,0,5,108
3632,422,2,6,108
4296,422,2,7,106
4962,422,6,8,104
5629,422,2,9,98
6299,422,15,10,96
6973,422,1,11,81
7651,422,0,12,80
8335,422,8,13,80
9025,422,1,14,72
9718,422,1,15,71
10411,422,2,16,70
11112,422,15,17,68
11813,422,6,18,53
12518,422,8,19,47
13227,422,6,20,39
13938,422,2,21,33
14662,422,4,22,31
15391,422,1,23,27
16127,422,6,24,26
16869,422,1,25,20
17628,422,0,26,19
18391,422,6,27,19
19155,422,6,28,13
19924,422,1,29,7
20693,422,1,30,6
21464,422,0,31,5
22236,422,0,32,5
23014,422,0,33,5
23793,422,1,34,5
24573,422,1,35,4
25354,422,0,36,3
26135,422,2,37,3
26916,422,1,38,1
421,423,1,1,107
1037,423,3,2,106
1665,423,6,3,103
2313,423,3,4,97
2972,423,1,5,94
3633,423,1,6,93
4297,423,2,7,92
4963,423,2,8,90
5630,423,5,9,88
6300,423,3,10,83
6974,423,1,11,80
7652,423,0,12,79
8336,423,3,13,79
9026,423,1,14,76
9719,423,5,15,75
10412,423,7,16,70
11113,423,3,17,63
11814,423,2,18,60
12519,423,3,19,58
13228,423,2,20,55
13939,423,2,21,53
14663,423,8,22,51
15392,423,2,23,43
16128,423,3,24,41
16870,423,2,25,38
17629,423,1,26,36
18392,423,3,27,35
19156,423,3,28,32
19925,423,5,29,29
20694,423,3,30,24
21465,423,2,31,21
22237,423,2,32,19
23015,423,10,33,17
23794,423,1,34,7
24574,423,2,35,6
25355,423,1,36,4
26136,423,2,37,3
26917,423,1,38,1
422,424,1,1,32
1038,424,1,2,31
1666,424,1,3,30
2314,424,0,4,29
2973,424,0,5,29
3634,424,1,6,29
4298,424,0,7,28
4964,424,1,8,28
5631,424,1,9,27
6301,424,1,10,26
6975,424,1,11,25
7653,424,2,12,24
8337,424,0,13,22
9027,424,1,14,22
9720,424,1,15,21
10413,424,0,16,20
11114,424,1,17,20
11815,424,1,18,19
12520,424,1,19,18
13229,424,5,20,17
13940,424,1,21,12
14664,424,1,22,11
15393,424,1,23,10
16129,424,1,24,9
16871,424,0,25,8
17630,424,0,26,8
18393,424,1,27,8
19157,424,1,28,7
19926,424,1,29,6
20695,424,2,30,5
21466,424,0,31,3
22238,424,0,32,3
23016,424,1,33,3
23795,424,1,34,2
24575,424,0,35,1
25356,424,1,36,1
26137,424,0,37,0
26918,424,0,38,0
423,425,2,1,6
1039,425,1,2,4
1667,425,0,3,3
2315,425,0,4,3
2974,425,0,5,3
3635,425,0,6,3
4299,425,0,7,3
4965,425,0,8,3
5632,425,0,9,3
6302,425,0,10,3
6976,425,0,11,3
7654,425,0,12,3
8338,425,0,13,3
9028,425,0,14,3
9721,425,0,15,3
10414,425,1,16,3
11115,425,0,17,2
11816,425,0,18,2
12521,425,0,19,2
13230,425,0,20,2
13941,425,0,21,2
14665,425,0,22,2
15394,425,0,23,2
16130,425,1,24,2
16872,425,0,25,1
17631,425,0,26,1
18394,425,0,27,1
19158,425,0,28,1
19927,425,0,29,1
20696,425,0,30,1
21467,425,1,31,1
22239,425,0,32,0
23017,425,0,33,0
23796,425,0,34,0
24576,425,0,35,0
25357,425,0,36,0
26138,425,0,37,0
26919,425,0,38,0
424,426,0,1,0
1040,426,0,2,0
1668,426,0,3,0
2316,426,0,4,0
2975,426,0,5,0
3636,426,0,6,0
4300,426,0,7,0
4966,426,0,8,0
5633,426,0,9,0
6303,426,0,10,0
6977,426,0,11,0
7655,426,0,12,0
8339,426,0,13,0
9029,426,0,14,0
9722,426,0,15,0
10415,426,0,16,0
11116,426,0,17,0
11817,426,0,18,0
12522,426,0,19,0
13231,426,0,20,0
13942,426,0,21,0
14666,426,0,22,0
15395,426,0,23,0
16131,426,0,24,0
16873,426,0,25,0
17632,426,0,26,0
18395,426,0,27,0
19159,426,0,28,0
19928,426,0,29,0
20697,426,0,30,0
21468,426,0,31,0
22240,426,0,32,0
23018,426,0,33,0
23797,426,0,34,0
24577,426,0,35,0
25358,426,0,36,0
26139,426,0,37,0
26920,426,0,38,0
425,427,0,1,0
1041,427,0,2,0
1669,427,0,3,0
2317,427,0,4,0
2976,427,0,5,0
3637,427,0,6,0
4301,427,0,7,0
4967,427,0,8,0
5634,427,0,9,0
6304,427,0,10,0
6978,427,0,11,0
7656,427,0,12,0
8340,427,0,13,0
9030,427,0,14,0
9723,427,0,15,0
10416,427,0,16,0
11117,427,0,17,0
11818,427,0,18,0
12523,427,0,19,0
13232,427,0,20,0
13943,427,0,21,0
14667,427,0,22,0
15396,427,0,23,0
16132,427,0,24,0
16874,427,0,25,0
17633,427,0,26,0
18396,427,0,27,0
19160,427,0,28,0
19929,427,0,29,0
20698,427,0,30,0
21469,427,0,31,0
22241,427,0,32,0
23019,427,0,33,0
23798,427,0,34,0
24578,427,0,35,0
25359,427,0,36,0
26140,427,0,37,0
26921,427,0,38,0
426,428,0,1,2
1042,428,0,2,2
1670,428,0,3,2
2318,428,0,4,2
2977,428,0,5,2
3638,428,0,6,2
4302,428,0,7,2
4968,428,0,8,2
5635,428,0,9,2
6305,428,1,10,2
6979,428,0,11,1
7657,428,0,12,1
8341,428,0,13,1
9031,428,1,14,1
9724,428,0,15,0
10417,428,0,16,0
11118,428,0,17,0
11819,428,0,18,0
12524,428,0,19,0
13233,428,0,20,0
13944,428,0,21,0
14668,428,0,22,0
15397,428,0,23,0
16133,428,0,24,0
16875,428,0,25,0
17634,428,0,26,0
18397,428,0,27,0
19161,428,0,28,0
19930,428,0,29,0
20699,428,0,30,0
21470,428,0,31,0
22242,428,0,32,0
23020,428,0,33,0
23799,428,0,34,0
24579,428,0,35,0
25360,428,0,36,0
26141,428,0,37,0
26922,428,0,38,0
427,429,1,1,11
1043,429,0,2,10
1671,429,0,3,10
2319,429,0,4,10
2978,429,0,5,10
3639,429,0,6,10
4303,429,0,7,10
4969,429,0,8,10
5636,429,0,9,10
6306,429,0,10,10
6980,429,0,11,10
7658,429,0,12,10
8342,429,0,13,10
9032,429,0,14,10
9725,429,0,15,10
10418,429,0,16,10
11119,429,0,17,10
11820,429,0,18,10
12525,429,0,19,10
13234,429,0,20,10
13945,429,0,21,10
14669,429,0,22,10
15398,429,0,23,10
16134,429,3,24,10
16876,429,2,25,7
17635,429,0,26,5
18398,429,1,27,5
19162,429,0,28,4
19931,429,1,29,4
20700,429,1,30,3
21471,429,0,31,2
22243,429,0,32,2
23021,429,1,33,2
23800,429,0,34,1
24580,429,0,35,1
25361,429,0,36,1
26142,429,1,37,1
26923,429,0,38,0
428,430,0,1,0
1044,430,0,2,0
1672,430,0,3,0
2320,430,0,4,0
2979,430,0,5,0
3640,430,0,6,0
4304,430,0,7,0
4970,430,0,8,0
5637,430,0,9,0
6307,430,0,10,0
6981,430,0,11,0
7659,430,0,12,0
8343,430,0,13,0
9033,430,0,14,0
9726,430,0,15,0
10419,430,0,16,0
11120,430,0,17,0
11821,430,0,18,0
12526,430,0,19,0
13235,430,0,20,0
13946,430,0,21,0
14670,430,0,22,0
15399,430,0,23,0
16135,430,0,24,0
16877,430,0,25,0
17636,430,0,26,0
18399,430,0,27,0
19163,430,0,28,0
19932,430,0,29,0
20701,430,0,30,0
21472,430,0,31,0
22244,430,0,32,0
23022,430,0,33,0
23801,430,0,34,0
24581,430,0,35,0
25362,430,0,36,0
26143,430,0,37,0
26924,430,0,38,0
429,431,1,1,54
1045,431,0,2,53
1673,431,0,3,53
2321,431,1,4,53
2980,431,0,5,52
3641,431,1,6,52
4305,431,1,7,51
4971,431,2,8,50
5638,431,1,9,48
6308,431,3,10,47
6982,431,2,11,44
7660,431,2,12,42
8344,431,1,13,40
9034,431,1,14,39
9727,431,1,15,38
10420,431,2,16,37
11121,431,0,17,35
11822,431,0,18,35
12527,431,3,19,35
13236,431,0,20,32
13947,431,1,21,32
14671,431,2,22,31
15400,431,1,23,29
16136,431,1,24,28
16878,431,0,25,27
17637,431,1,26,27
18400,431,3,27,26
19164,431,3,28,23
19933,431,2,29,20
20702,431,1,30,18
21473,431,2,31,17
22245,431,3,32,15
23023,431,4,33,12
23802,431,1,34,8
24582,431,1,35,7
25363,431,2,36,6
26144,431,2,37,4
26925,431,2,38,2
430,432,1,1,153
1046,432,3,2,152
1674,432,2,3,149
2322,432,3,4,147
2981,432,1,5,144
3642,432,1,6,143
4306,432,1,7,142
4972,432,3,8,141
5639,432,2,9,138
6309,432,3,10,136
6983,432,5,11,133
7661,432,1,12,128
8345,432,1,13,127
9035,432,2,14,126
9728,432,1,15,124
10421,432,6,16,123
11122,432,9,17,117
11823,432,11,18,108
12528,432,6,19,97
13237,432,6,20,91
13948,432,7,21,85
14672,432,2,22,78
15401,432,2,23,76
16137,432,13,24,74
16879,432,2,25,61
17638,432,2,26,59
18401,432,3,27,57
19165,432,3,28,54
19934,432,16,29,51
20703,432,11,30,35
21474,432,1,31,24
22246,432,1,32,23
23024,432,4,33,22
23803,432,2,34,18
24583,432,2,35,16
25364,432,7,36,14
26145,432,5,37,7
26926,432,2,38,2
431,433,2,1,154
1047,433,10,2,152
1675,433,1,3,142
2323,433,3,4,141
2982,433,-1,5,138
3643,433,0,6,139
4307,433,2,7,139
4973,433,0,8,137
5640,433,0,9,137
6310,433,3,10,137
6984,433,1,11,134
7662,433,0,12,133
8346,433,2,13,133
9036,433,1,14,131
9729,433,13,15,130
10422,433,8,16,117
11123,433,2,17,109
11824,433,6,18,107
12529,433,10,19,101
13238,433,8,20,91
13949,433,1,21,83
14673,433,5,22,82
15402,433,2,23,77
16138,433,16,24,75
16880,433,5,25,59
17639,433,5,26,54
18402,433,3,27,49
19166,433,5,28,46
19935,433,5,29,41
20704,433,3,30,36
21475,433,2,31,33
22247,433,2,32,31
23025,433,1,33,29
23804,433,1,34,28
24584,433,1,35,27
25365,433,13,36,26
26146,433,11,37,13
26927,433,2,38,2
432,434,3,1,103
1048,434,3,2,100
1676,434,2,3,97
2324,434,7,4,95
2983,434,4,5,88
3644,434,1,6,84
4308,434,2,7,83
4974,434,3,8,81
5641,434,2,9,78
6311,434,10,10,76
6985,434,1,11,66
7663,434,2,12,65
8347,434,3,13,63
9037,434,0,14,60
9730,434,5,15,60
10423,434,2,16,55
11124,434,3,17,53
11825,434,3,18,50
12530,434,0,19,47
13239,434,6,20,47
13950,434,2,21,41
14674,434,6,22,39
15403,434,0,23,33
16139,434,0,24,33
16881,434,1,25,33
17640,434,8,26,32
18403,434,3,27,24
19167,434,10,28,21
19936,434,3,29,11
20705,434,0,30,8
21476,434,2,31,8
22248,434,2,32,6
23026,434,1,33,4
23805,434,1,34,3
24585,434,0,35,2
25366,434,0,36,2
26147,434,1,37,2
26928,434,1,38,1
433,435,0,1,0
1049,435,0,2,0
1677,435,0,3,0
2325,435,0,4,0
2984,435,0,5,0
3645,435,0,6,0
4309,435,0,7,0
4975,435,0,8,0
5642,435,0,9,0
6312,435,0,10,0
6986,435,0,11,0
7664,435,0,12,0
8348,435,0,13,0
9038,435,0,14,0
9731,435,0,15,0
10424,435,0,16,0
11125,435,0,17,0
11826,435,0,18,0
12531,435,0,19,0
13240,435,0,20,0
13951,435,0,21,0
14675,435,0,22,0
15404,435,0,23,0
16140,435,0,24,0
16882,435,0,25,0
17641,435,0,26,0
18404,435,0,27,0
19168,435,0,28,0
19937,435,0,29,0
20706,435,0,30,0
21477,435,0,31,0
22249,435,0,32,0
23027,435,0,33,0
23806,435,0,34,0
24586,435,0,35,0
25367,435,0,36,0
26148,435,0,37,0
26929,435,0,38,0
434,436,2,1,130
1050,436,7,2,128
1678,436,2,3,121
2326,436,6,4,119
2985,436,1,5,113
3646,436,1,6,112
4310,436,2,7,111
4976,436,8,8,109
5643,436,2,9,101
6313,436,6,10,99
6987,436,7,11,93
7665,436,1,12,86
8349,436,7,13,85
9039,436,0,14,78
9732,436,1,15,78
10425,436,2,16,77
11126,436,5,17,75
11827,436,8,18,70
12532,436,0,19,62
13241,436,9,20,62
13952,436,3,21,53
14676,436,1,22,50
15405,436,0,23,49
16141,436,5,24,49
16883,436,1,25,44
17642,436,0,26,43
18405,436,6,27,43
19169,436,8,28,37
19938,436,1,29,29
20707,436,9,30,28
21478,436,1,31,19
22250,436,2,32,18
23028,436,2,33,16
23807,436,1,34,14
24587,436,10,35,13
25368,436,0,36,3
26149,436,1,37,3
26930,436,2,38,2
435,437,1,1,109
1051,437,6,2,108
1679,437,2,3,102
2327,437,1,4,100
2986,437,0,5,99
3647,437,1,6,99
4311,437,0,7,98
4977,437,1,8,98
5644,437,1,9,97
6314,437,0,10,96
6988,437,0,11,96
7666,437,1,12,96
8350,437,6,13,95
9040,437,0,14,89
9733,437,0,15,89
10426,437,2,16,89
11127,437,11,17,87
11828,437,6,18,76
12533,437,6,19,70
13242,437,6,20,64
13953,437,2,21,58
14677,437,1,22,56
15406,437,1,23,55
16142,437,12,24,54
16884,437,1,25,42
17643,437,0,26,41
18406,437,9,27,41
19170,437,6,28,32
19939,437,1,29,26
20708,437,5,30,25
21479,437,4,31,20
22251,437,2,32,16
23029,437,2,33,14
23808,437,0,34,12
24588,437,5,35,12
25369,437,1,36,7
26150,437,4,37,6
26931,437,2,38,2
436,438,0,1,0
1052,438,0,2,0
1680,438,0,3,0
2328,438,0,4,0
2987,438,0,5,0
3648,438,0,6,0
4312,438,0,7,0
4978,438,0,8,0
5645,438,0,9,0
6315,438,0,10,0
6989,438,0,11,0
7667,438,0,12,0
8351,438,0,13,0
9041,438,0,14,0
9734,438,0,15,0
10427,438,0,16,0
11128,438,0,17,0
11829,438,0,18,0
12534,438,0,19,0
13243,438,0,20,0
13954,438,0,21,0
14678,438,0,22,0
15407,438,0,23,0
16143,438,0,24,0
16885,438,0,25,0
17644,438,0,26,0
18407,438,0,27,0
19171,438,0,28,0
19940,438,0,29,0
20709,438,0,30,0
21480,438,0,31,0
22252,438,0,32,0
23030,438,0,33,0
23809,438,0,34,0
24589,438,0,35,0
25370,438,0,36,0
26151,438,0,37,0
26932,438,0,38,0
437,439,0,1,0
1053,439,0,2,0
1681,439,0,3,0
2329,439,0,4,0
2988,439,0,5,0
3649,439,0,6,0
4313,439,0,7,0
4979,439,0,8,0
5646,439,0,9,0
6316,439,0,10,0
6990,439,0,11,0
7668,439,0,12,0
8352,439,0,13,0
9042,439,0,14,0
9735,439,0,15,0
10428,439,0,16,0
11129,439,0,17,0
11830,439,0,18,0
12535,439,0,19,0
13244,439,0,20,0
13955,439,0,21,0
14679,439,0,22,0
15408,439,0,23,0
16144,439,0,24,0
16886,439,0,25,0
17645,439,0,26,0
18408,439,0,27,0
19172,439,0,28,0
19941,439,0,29,0
20710,439,0,30,0
21481,439,0,31,0
22253,439,0,32,0
23031,439,0,33,0
23810,439,0,34,0
24590,439,0,35,0
25371,439,0,36,0
26152,439,0,37,0
26933,439,0,38,0
438,440,0,1,0
1054,440,0,2,0
1682,440,0,3,0
2330,440,0,4,0
2989,440,0,5,0
3650,440,0,6,0
4314,440,0,7,0
4980,440,0,8,0
5647,440,0,9,0
6317,440,0,10,0
6991,440,0,11,0
7669,440,0,12,0
8353,440,0,13,0
9043,440,0,14,0
9736,440,0,15,0
10429,440,0,16,0
11130,440,0,17,0
11831,440,0,18,0
12536,440,0,19,0
13245,440,0,20,0
13956,440,0,21,0
14680,440,0,22,0
15409,440,0,23,0
16145,440,0,24,0
16887,440,0,25,0
17646,440,0,26,0
18409,440,0,27,0
19173,440,0,28,0
19942,440,0,29,0
20711,440,0,30,0
21482,440,0,31,0
22254,440,0,32,0
23032,440,0,33,0
23811,440,0,34,0
24591,440,0,35,0
25372,440,0,36,0
26153,440,0,37,0
26934,440,0,38,0
439,441,0,1,0
1055,441,0,2,0
1683,441,0,3,0
2331,441,0,4,0
2990,441,0,5,0
3651,441,0,6,0
4315,441,0,7,0
4981,441,0,8,0
5648,441,0,9,0
6318,441,0,10,0
6992,441,0,11,0
7670,441,0,12,0
8354,441,0,13,0
9044,441,0,14,0
9737,441,0,15,0
10430,441,0,16,0
11131,441,0,17,0
11832,441,0,18,0
12537,441,0,19,0
13246,441,0,20,0
13957,441,0,21,0
14681,441,0,22,0
15410,441,0,23,0
16146,441,0,24,0
16888,441,0,25,0
17647,441,0,26,0
18410,441,0,27,0
19174,441,0,28,0
19943,441,0,29,0
20712,441,0,30,0
21483,441,0,31,0
22255,441,0,32,0
23033,441,0,33,0
23812,441,0,34,0
24592,441,0,35,0
25373,441,0,36,0
26154,441,0,37,0
26935,441,0,38,0
440,442,2,1,20
1056,442,2,2,18
1684,442,0,3,16
2332,442,0,4,16
2991,442,0,5,16
3652,442,0,6,16
4316,442,0,7,16
4982,442,0,8,16
5649,442,0,9,16
6319,442,0,10,16
6993,442,0,11,16
7671,442,0,12,16
8355,442,0,13,16
9045,442,0,14,16
9738,442,0,15,16
10431,442,0,16,16
11132,442,0,17,16
11833,442,0,18,16
12538,442,0,19,16
13247,442,0,20,16
13958,442,0,21,16
14682,442,0,22,16
15411,442,0,23,16
16147,442,4,24,16
16889,442,1,25,12
17648,442,1,26,11
18411,442,0,27,10
19175,442,1,28,10
19944,442,0,29,9
20713,442,1,30,9
21484,442,0,31,8
22256,442,0,32,8
23034,442,0,33,8
23813,442,1,34,8
24593,442,1,35,7
25374,442,2,36,6
26155,442,3,37,4
26936,442,1,38,1
441,443,3,1,150
1057,443,6,2,147
1685,443,2,3,141
2333,443,9,4,139
2992,443,1,5,130
3653,443,2,6,129
4317,443,3,7,127
4983,443,11,8,124
5650,443,5,9,113
6320,443,6,10,108
6994,443,2,11,102
7672,443,2,12,100
8356,443,6,13,98
9046,443,2,14,92
9739,443,2,15,90
10432,443,2,16,88
11133,443,7,17,86
11834,443,8,18,79
12539,443,6,19,71
13248,443,9,20,65
13959,443,3,21,56
14683,443,1,22,53
15412,443,1,23,52
16148,443,8,24,51
16890,443,3,25,43
17649,443,0,26,40
18412,443,6,27,40
19176,443,8,28,34
19945,443,1,29,26
20714,443,8,30,25
21485,443,3,31,17
22257,443,3,32,14
23035,443,2,33,11
23814,443,1,34,9
24594,443,1,35,8
25375,443,2,36,7
26156,443,3,37,5
26937,443,2,38,2
442,444,1,1,4
1058,444,0,2,3
1686,444,0,3,3
2334,444,0,4,3
2993,444,0,5,3
3654,444,0,6,3
4318,444,0,7,3
4984,444,0,8,3
5651,444,0,9,3
6321,444,0,10,3
6995,444,0,11,3
7673,444,0,12,3
8357,444,0,13,3
9047,444,0,14,3
9740,444,0,15,3
10433,444,0,16,3
11134,444,1,17,3
11835,444,0,18,2
12540,444,1,19,2
13249,444,0,20,1
13960,444,0,21,1
14684,444,0,22,1
15413,444,0,23,1
16149,444,0,24,1
16891,444,0,25,1
17650,444,0,26,1
18413,444,0,27,1
19177,444,0,28,1
19946,444,0,29,1
20715,444,0,30,1
21486,444,0,31,1
22258,444,0,32,1
23036,444,1,33,1
23815,444,0,34,0
24595,444,0,35,0
25376,444,0,36,0
26157,444,0,37,0
26938,444,0,38,0
443,445,0,1,0
1059,445,0,2,0
1687,445,0,3,0
2335,445,0,4,0
2994,445,0,5,0
3655,445,0,6,0
4319,445,0,7,0
4985,445,0,8,0
5652,445,0,9,0
6322,445,0,10,0
6996,445,0,11,0
7674,445,0,12,0
8358,445,0,13,0
9048,445,0,14,0
9741,445,0,15,0
10434,445,0,16,0
11135,445,0,17,0
11836,445,0,18,0
12541,445,0,19,0
13250,445,0,20,0
13961,445,0,21,0
14685,445,0,22,0
15414,445,0,23,0
16150,445,0,24,0
16892,445,0,25,0
17651,445,0,26,0
18414,445,0,27,0
19178,445,0,28,0
19947,445,0,29,0
20716,445,0,30,0
21487,445,0,31,0
22259,445,0,32,0
23037,445,0,33,0
23816,445,0,34,0
24596,445,0,35,0
25377,445,0,36,0
26158,445,0,37,0
26939,445,0,38,0
444,446,0,1,0
1060,446,0,2,0
1688,446,0,3,0
2336,446,0,4,0
2995,446,0,5,0
3656,446,0,6,0
4320,446,0,7,0
4986,446,0,8,0
5653,446,0,9,0
6323,446,0,10,0
6997,446,0,11,0
7675,446,0,12,0
8359,446,0,13,0
9049,446,0,14,0
9742,446,0,15,0
10435,446,0,16,0
11136,446,0,17,0
11837,446,0,18,0
12542,446,0,19,0
13251,446,0,20,0
13962,446,0,21,0
14686,446,0,22,0
15415,446,0,23,0
16151,446,0,24,0
16893,446,0,25,0
17652,446,0,26,0
18415,446,0,27,0
19179,446,0,28,0
19948,446,0,29,0
20717,446,0,30,0
21488,446,0,31,0
22260,446,0,32,0
23038,446,0,33,0
23817,446,0,34,0
24597,446,0,35,0
25378,446,0,36,0
26159,446,0,37,0
26940,446,0,38,0
445,447,9,1,200
1061,447,1,2,191
1689,447,9,3,190
2337,447,2,4,181
2996,447,8,5,179
3657,447,2,6,171
4321,447,8,7,169
4987,447,7,8,161
5654,447,13,9,154
6324,447,7,10,141
6998,447,2,11,134
7676,447,1,12,132
8360,447,9,13,131
9050,447,2,14,122
9743,447,8,15,120
10436,447,2,16,112
11137,447,2,17,110
11838,447,2,18,108
12543,447,12,19,106
13252,447,8,20,94
13963,447,9,21,86
14687,447,12,22,77
15416,447,2,23,65
16152,447,17,24,63
16894,447,9,25,46
17653,447,5,26,37
18416,447,2,27,32
19180,447,2,28,30
19949,447,2,29,28
20718,447,0,30,26
21489,447,0,31,26
22261,447,2,32,26
23039,447,8,33,24
23818,447,2,34,16
24598,447,2,35,14
25379,447,8,36,12
26160,447,2,37,4
26941,447,2,38,2
446,448,0,1,0
1062,448,0,2,0
1690,448,0,3,0
2338,448,0,4,0
2997,448,0,5,0
3658,448,0,6,0
4322,448,0,7,0
4988,448,0,8,0
5655,448,0,9,0
6325,448,0,10,0
6999,448,0,11,0
7677,448,0,12,0
8361,448,0,13,0
9051,448,0,14,0
9744,448,0,15,0
10437,448,0,16,0
11138,448,0,17,0
11839,448,0,18,0
12544,448,0,19,0
13253,448,0,20,0
13964,448,0,21,0
14688,448,0,22,0
15417,448,0,23,0
16153,448,0,24,0
16895,448,0,25,0
17654,448,0,26,0
18417,448,0,27,0
19181,448,0,28,0
19950,448,0,29,0
20719,448,0,30,0
21490,448,0,31,0
22262,448,0,32,0
23040,448,0,33,0
23819,448,0,34,0
24599,448,0,35,0
25380,448,0,36,0
26161,448,0,37,0
26942,448,0,38,0
447,449,7,1,67
1063,449,1,2,60
1691,449,1,3,59
2339,449,2,4,58
2998,449,1,5,56
3659,449,1,6,55
4323,449,2,7,54
4989,449,3,8,52
5656,449,8,9,49
6326,449,3,10,41
7000,449,1,11,38
7678,449,1,12,37
8362,449,3,13,36
9052,449,1,14,33
9745,449,2,15,32
10438,449,2,16,30
11139,449,1,17,28
11840,449,2,18,27
12545,449,0,19,25
13254,449,1,20,25
13965,449,1,21,24
14689,449,1,22,23
15418,449,1,23,22
16154,449,0,24,21
16896,449,0,25,21
17655,449,5,26,21
18418,449,1,27,16
19182,449,0,28,15
19951,449,1,29,15
20720,449,6,30,14
21491,449,2,31,8
22263,449,1,32,6
23041,449,0,33,5
23820,449,2,34,5
24600,449,0,35,3
25381,449,1,36,3
26162,449,1,37,2
26943,449,1,38,1
448,450,1,1,44
1064,450,0,2,43
1692,450,0,3,43
2340,450,0,4,43
2999,450,0,5,43
3660,450,0,6,43
4324,450,0,7,43
4990,450,0,8,43
5657,450,0,9,43
6327,450,0,10,43
7001,450,0,11,43
7679,450,0,12,43
8363,450,0,13,43
9053,450,0,14,43
9746,450,0,15,43
10439,450,0,16,43
11140,450,0,17,43
11841,450,0,18,43
12546,450,0,19,43
13255,450,0,20,43
13966,450,0,21,43
14690,450,0,22,43
15419,450,0,23,43
16446,450,1,24,43
16897,450,13,25,42
17656,450,1,26,29
18419,450,1,27,28
19183,450,0,28,27
19952,450,2,29,27
20721,450,2,30,25
21492,450,0,31,23
22264,450,1,32,23
23042,450,1,33,22
23821,450,1,34,21
24601,450,4,35,20
25382,450,5,36,16
26163,450,1,37,11
26944,450,10,38,10
449,451,1,1,1
1065,451,0,2,0
1693,451,0,3,0
2341,451,0,4,0
3000,451,0,5,0
3661,451,0,6,0
4325,451,0,7,0
4991,451,0,8,0
5658,451,0,9,0
6328,451,0,10,0
7002,451,0,11,0
7680,451,0,12,0
8364,451,0,13,0
9054,451,0,14,0
9747,451,0,15,0
10440,451,0,16,0
11141,451,0,17,0
11842,451,0,18,0
12547,451,0,19,0
13256,451,0,20,0
13967,451,0,21,0
14691,451,0,22,0
15420,451,0,23,0
16155,451,0,24,0
16898,451,0,25,0
17657,451,0,26,0
18420,451,0,27,0
19184,451,0,28,0
19953,451,0,29,0
20722,451,0,30,0
21493,451,0,31,0
22265,451,0,32,0
23043,451,0,33,0
23822,451,0,34,0
24602,451,0,35,0
25383,451,0,36,0
26164,451,0,37,0
26945,451,0,38,0
450,452,2,1,72
1066,452,2,2,70
1694,452,2,3,68
2342,452,0,4,66
3001,452,1,5,66
3662,452,1,6,65
4326,452,2,7,64
4992,452,9,8,62
5659,452,1,9,53
6329,452,1,10,52
7003,452,2,11,51
7681,452,1,12,49
8365,452,1,13,48
9055,452,8,14,47
9748,452,1,15,39
10441,452,2,16,38
11142,452,1,17,36
11843,452,1,18,35
12548,452,1,19,34
13257,452,2,20,33
13968,452,3,21,31
14692,452,1,22,28
15421,452,2,23,27
16156,452,10,24,25
16899,452,3,25,15
17658,452,2,26,12
18421,452,2,27,10
19185,452,1,28,8
19954,452,2,29,7
20723,452,1,30,5
21494,452,2,31,4
22266,452,0,32,2
23044,452,0,33,2
23823,452,0,34,2
24603,452,0,35,2
25384,452,1,36,2
26165,452,1,37,1
26946,452,0,38,0
451,453,2,1,45
1067,453,1,2,43
1695,453,1,3,42
2343,453,0,4,41
3002,453,1,5,41
3663,453,0,6,40
4327,453,1,7,40
4993,453,0,8,39
5660,453,0,9,39
6330,453,7,10,39
7004,453,2,11,32
7682,453,7,12,30
8366,453,5,13,23
9056,453,1,14,18
9749,453,2,15,17
10442,453,2,16,15
11143,453,2,17,13
11844,453,2,18,11
12549,453,5,19,9
13258,453,1,20,4
13969,453,1,21,3
14693,453,1,22,2
15422,453,1,23,1
16157,453,0,24,0
16900,453,0,25,0
17659,453,0,26,0
18422,453,0,27,0
19186,453,0,28,0
19955,453,0,29,0
20724,453,0,30,0
21495,453,0,31,0
22267,453,0,32,0
23045,453,0,33,0
23824,453,0,34,0
24604,453,0,35,0
25385,453,0,36,0
26166,453,0,37,0
26947,453,0,38,0
452,454,0,1,0
1068,454,0,2,0
1696,454,0,3,0
2344,454,0,4,0
3003,454,0,5,0
3664,454,0,6,0
4328,454,0,7,0
4994,454,0,8,0
5661,454,0,9,0
6331,454,0,10,0
7005,454,0,11,0
7683,454,0,12,0
8367,454,0,13,0
9057,454,0,14,0
9750,454,0,15,0
10443,454,0,16,0
11144,454,0,17,0
11845,454,0,18,0
12550,454,0,19,0
13259,454,0,20,0
13970,454,0,21,0
14694,454,0,22,0
15423,454,0,23,0
16158,454,0,24,0
16901,454,0,25,0
17660,454,0,26,0
18423,454,0,27,0
19187,454,0,28,0
19956,454,0,29,0
20725,454,0,30,0
21496,454,0,31,0
22268,454,0,32,0
23046,454,0,33,0
23825,454,0,34,0
24605,454,0,35,0
25386,454,0,36,0
26167,454,0,37,0
26948,454,0,38,0
453,455,2,1,60
1069,455,1,2,58
1697,455,1,3,57
2345,455,1,4,56
3004,455,2,5,55
3665,455,1,6,53
4329,455,0,7,52
4995,455,1,8,52
5662,455,2,9,51
6332,455,5,10,49
7006,455,1,11,44
7684,455,0,12,43
8368,455,0,13,43
9058,455,0,14,43
9751,455,0,15,43
10444,455,0,16,43
11145,455,8,17,43
11846,455,2,18,35
12551,455,0,19,33
13260,455,0,20,33
13971,455,2,21,33
14695,455,7,22,31
15424,455,7,23,24
16159,455,1,24,17
16902,455,1,25,16
17661,455,1,26,15
18424,455,0,27,14
19188,455,1,28,14
19957,455,0,29,13
20726,455,1,30,13
21497,455,1,31,12
22269,455,0,32,11
23047,455,2,33,11
23826,455,1,34,9
24606,455,1,35,8
25387,455,7,36,7
26168,455,0,37,0
26949,455,0,38,0
454,456,0,1,2
1070,456,0,2,2
1698,456,0,3,2
2346,456,0,4,2
3005,456,0,5,2
3666,456,0,6,2
4330,456,0,7,2
4996,456,0,8,2
5663,456,0,9,2
6333,456,0,10,2
7007,456,0,11,2
7685,456,0,12,2
8369,456,0,13,2
9059,456,0,14,2
9752,456,0,15,2
10445,456,0,16,2
11146,456,0,17,2
11847,456,0,18,2
12552,456,0,19,2
13261,456,0,20,2
13972,456,0,21,2
14696,456,0,22,2
15425,456,0,23,2
16160,456,0,24,2
16903,456,0,25,2
17662,456,0,26,2
18425,456,0,27,2
19189,456,1,28,2
19958,456,1,29,1
20727,456,0,30,0
21498,456,0,31,0
22270,456,0,32,0
23048,456,0,33,0
23827,456,0,34,0
24607,456,0,35,0
25388,456,0,36,0
26169,456,0,37,0
26950,456,0,38,0
455,457,0,1,23
1071,457,0,2,23
1699,457,0,3,23
2347,457,0,4,23
3006,457,0,5,23
3667,457,0,6,23
4331,457,0,7,23
4997,457,0,8,23
5664,457,1,9,23
6334,457,0,10,22
7008,457,0,11,22
7686,457,0,12,22
8370,457,0,13,22
9060,457,0,14,22
9753,457,1,15,22
10446,457,0,16,21
11147,457,1,17,21
11848,457,1,18,20
12553,457,1,19,19
13262,457,1,20,18
13973,457,1,21,17
14697,457,1,22,16
15426,457,4,23,15
16161,457,2,24,11
16904,457,1,25,9
17663,457,0,26,8
18426,457,0,27,8
19190,457,0,28,8
19959,457,0,29,8
20728,457,0,30,8
21499,457,0,31,8
22271,457,0,32,8
23049,457,0,33,8
23828,457,1,34,8
24608,457,0,35,7
25389,457,6,36,7
26170,457,1,37,1
26951,457,0,38,0
456,458,0,1,0
1072,458,0,2,0
1700,458,0,3,0
2348,458,0,4,0
3007,458,0,5,0
3668,458,0,6,0
4332,458,0,7,0
4998,458,0,8,0
5665,458,0,9,0
6335,458,0,10,0
7009,458,0,11,0
7687,458,0,12,0
8371,458,0,13,0
9061,458,0,14,0
9754,458,0,15,0
10447,458,0,16,0
11148,458,0,17,0
11849,458,0,18,0
12554,458,0,19,0
13263,458,0,20,0
13974,458,0,21,0
14698,458,0,22,0
15427,458,0,23,0
16162,458,0,24,0
16905,458,0,25,0
17664,458,0,26,0
18427,458,0,27,0
19191,458,0,28,0
19960,458,0,29,0
20729,458,0,30,0
21500,458,0,31,0
22272,458,0,32,0
23050,458,0,33,0
23829,458,0,34,0
24609,458,0,35,0
25390,458,0,36,0
26171,458,0,37,0
26952,458,0,38,0
457,459,0,1,1
1073,459,1,2,1
1701,459,0,3,0
2349,459,0,4,0
3008,459,0,5,0
3669,459,0,6,0
4333,459,0,7,0
4999,459,0,8,0
5666,459,0,9,0
6336,459,0,10,0
7010,459,0,11,0
7688,459,0,12,0
8372,459,0,13,0
9062,459,0,14,0
9755,459,0,15,0
10448,459,0,16,0
11149,459,0,17,0
11850,459,0,18,0
12555,459,0,19,0
13264,459,0,20,0
13975,459,0,21,0
14699,459,0,22,0
15428,459,0,23,0
16163,459,0,24,0
16906,459,0,25,0
17665,459,0,26,0
18428,459,0,27,0
19192,459,0,28,0
19961,459,0,29,0
20730,459,0,30,0
21501,459,0,31,0
22273,459,0,32,0
23051,459,0,33,0
23830,459,0,34,0
24610,459,0,35,0
25391,459,0,36,0
26172,459,0,37,0
26953,459,0,38,0
458,460,0,1,1
1074,460,0,2,1
1702,460,0,3,1
2350,460,0,4,1
3009,460,0,5,1
3670,460,0,6,1
4334,460,0,7,1
5000,460,0,8,1
5667,460,0,9,1
6337,460,0,10,1
7011,460,0,11,1
7689,460,0,12,1
8373,460,0,13,1
9063,460,1,14,1
9756,460,0,15,0
10449,460,0,16,0
11150,460,0,17,0
11851,460,0,18,0
12556,460,0,19,0
13265,460,0,20,0
13976,460,0,21,0
14700,460,0,22,0
15429,460,0,23,0
16164,460,0,24,0
16907,460,0,25,0
17666,460,0,26,0
18429,460,0,27,0
19193,460,0,28,0
19962,460,0,29,0
20731,460,0,30,0
21502,460,0,31,0
22274,460,0,32,0
23052,460,0,33,0
23831,460,0,34,0
24611,460,0,35,0
25392,460,0,36,0
26173,460,0,37,0
26954,460,0,38,0
459,461,1,1,55
1075,461,2,2,54
1703,461,0,3,52
2351,461,1,4,52
3010,461,2,5,51
3671,461,7,6,49
4335,461,1,7,42
5001,461,0,8,41
5668,461,2,9,41
6338,461,6,10,39
7012,461,0,11,33
7690,461,1,12,33
8374,461,1,13,32
9064,461,0,14,31
9757,461,2,15,31
10450,461,0,16,29
11151,461,8,17,29
11852,461,2,18,21
12557,461,0,19,19
13266,461,-1,20,19
13977,461,1,21,20
14701,461,1,22,19
15430,461,1,23,18
16165,461,1,24,17
16908,461,0,25,16
17667,461,0,26,16
18430,461,1,27,16
19194,461,1,28,15
19963,461,1,29,14
20732,461,2,30,13
21503,461,1,31,11
22275,461,0,32,10
23053,461,2,33,10
23832,461,1,34,8
24612,461,0,35,7
25393,461,6,36,7
26174,461,1,37,1
26955,461,0,38,0
460,462,0,1,53
1076,462,0,2,53
1704,462,0,3,53
2352,462,0,4,53
3011,462,0,5,53
3672,462,0,6,53
4336,462,0,7,53
5002,462,1,8,53
5669,462,1,9,52
6339,462,0,10,51
7013,462,0,11,51
7691,462,0,12,51
8375,462,1,13,51
9065,462,1,14,50
9758,462,1,15,49
10451,462,1,16,48
11152,462,0,17,47
11853,462,1,18,47
12558,462,1,19,46
13267,462,1,20,45
13978,462,2,21,44
14702,462,1,22,42
15431,462,0,23,41
16166,462,4,24,41
16909,462,9,25,37
17668,462,2,26,28
18431,462,2,27,26
19195,462,2,28,24
19964,462,2,29,22
20733,462,3,30,20
21504,462,5,31,17
22276,462,3,32,12
23054,462,2,33,9
23833,462,1,34,7
24613,462,0,35,6
25394,462,3,36,6
26175,462,1,37,3
26956,462,2,38,2
461,463,0,1,17
1077,463,0,2,17
1705,463,4,3,17
2353,463,1,4,13
3012,463,4,5,12
3673,463,0,6,8
4337,463,0,7,8
5003,463,0,8,8
5670,463,0,9,8
6340,463,1,10,8
7014,463,1,11,7
7692,463,0,12,6
8376,463,0,13,6
9066,463,0,14,6
9759,463,0,15,6
10452,463,0,16,6
11153,463,0,17,6
11854,463,1,18,6
12559,463,1,19,5
13268,463,1,20,4
13979,463,0,21,3
14703,463,0,22,3
15432,463,1,23,3
16167,463,1,24,2
16910,463,0,25,1
17669,463,0,26,1
18432,463,0,27,1
19196,463,1,28,1
19965,463,0,29,0
20734,463,0,30,0
21505,463,0,31,0
22277,463,0,32,0
23055,463,0,33,0
23834,463,0,34,0
24614,463,0,35,0
25395,463,0,36,0
26176,463,0,37,0
26957,463,0,38,0
462,464,0,1,0
1078,464,0,2,0
1706,464,0,3,0
2354,464,0,4,0
3013,464,0,5,0
3674,464,0,6,0
4338,464,0,7,0
5004,464,0,8,0
5671,464,0,9,0
6341,464,0,10,0
7015,464,0,11,0
7693,464,0,12,0
8377,464,0,13,0
9067,464,0,14,0
9760,464,0,15,0
10453,464,0,16,0
11154,464,0,17,0
11855,464,0,18,0
12560,464,0,19,0
13269,464,0,20,0
13980,464,0,21,0
14704,464,0,22,0
15433,464,0,23,0
16168,464,0,24,0
16911,464,0,25,0
17670,464,0,26,0
18433,464,0,27,0
19197,464,0,28,0
19966,464,0,29,0
20735,464,0,30,0
21506,464,0,31,0
22278,464,0,32,0
23056,464,0,33,0
23835,464,0,34,0
24615,464,0,35,0
25396,464,0,36,0
26177,464,0,37,0
26958,464,0,38,0
463,465,0,1,0
1079,465,0,2,0
1707,465,0,3,0
2355,465,0,4,0
3014,465,0,5,0
3675,465,0,6,0
4339,465,0,7,0
5005,465,0,8,0
5672,465,0,9,0
6342,465,0,10,0
7016,465,0,11,0
7694,465,0,12,0
8378,465,0,13,0
9068,465,0,14,0
9761,465,0,15,0
10454,465,0,16,0
11155,465,0,17,0
11856,465,0,18,0
12561,465,0,19,0
13270,465,0,20,0
13981,465,0,21,0
14705,465,0,22,0
15434,465,0,23,0
16169,465,0,24,0
16912,465,0,25,0
17671,465,0,26,0
18434,465,0,27,0
19198,465,0,28,0
19967,465,0,29,0
20736,465,0,30,0
21507,465,0,31,0
22279,465,0,32,0
23057,465,0,33,0
23836,465,0,34,0
24616,465,0,35,0
25397,465,0,36,0
26178,465,0,37,0
26959,465,0,38,0
464,466,0,1,8
1080,466,0,2,8
1708,466,0,3,8
2356,466,0,4,8
3015,466,0,5,8
3676,466,0,6,8
4340,466,0,7,8
5006,466,0,8,8
5673,466,0,9,8
6343,466,0,10,8
7017,466,0,11,8
7695,466,0,12,8
8379,466,3,13,8
9069,466,2,14,5
9762,466,3,15,3
10455,466,0,16,0
11156,466,0,17,0
11857,466,0,18,0
12562,466,0,19,0
13271,466,0,20,0
13982,466,0,21,0
14706,466,0,22,0
15435,466,0,23,0
16170,466,0,24,0
16913,466,0,25,0
17672,466,0,26,0
18435,466,0,27,0
19199,466,0,28,0
19968,466,0,29,0
20737,466,0,30,0
21508,466,0,31,0
22280,466,0,32,0
23058,466,0,33,0
23837,466,0,34,0
24617,466,0,35,0
25398,466,0,36,0
26179,466,0,37,0
26960,466,0,38,0
465,467,0,1,34
1081,467,0,2,34
1709,467,0,3,34
2357,467,0,4,34
3016,467,0,5,34
3677,467,0,6,34
4341,467,1,7,34
5007,467,3,8,33
5674,467,2,9,30
6344,467,1,10,28
7018,467,1,11,27
7696,467,0,12,26
8380,467,2,13,26
9070,467,0,14,24
9763,467,2,15,24
10456,467,0,16,22
11157,467,0,17,22
11858,467,1,18,22
12563,467,1,19,21
13272,467,0,20,20
13983,467,0,21,20
14707,467,1,22,20
15436,467,0,23,19
16171,467,0,24,19
16914,467,1,25,19
17673,467,0,26,18
18436,467,0,27,18
19200,467,1,28,18
19969,467,1,29,17
20738,467,6,30,16
21509,467,1,31,10
22281,467,1,32,9
23059,467,2,33,8
23838,467,4,34,6
24618,467,1,35,2
25399,467,1,36,1
26180,467,0,37,0
26961,467,0,38,0
466,468,0,1,0
1082,468,0,2,0
1710,468,0,3,0
2358,468,0,4,0
3017,468,0,5,0
3678,468,0,6,0
4342,468,0,7,0
5008,468,0,8,0
5675,468,0,9,0
6345,468,0,10,0
7019,468,0,11,0
7697,468,0,12,0
8381,468,0,13,0
9071,468,0,14,0
9764,468,0,15,0
10457,468,0,16,0
11158,468,0,17,0
11859,468,0,18,0
12564,468,0,19,0
13273,468,0,20,0
13984,468,0,21,0
14708,468,0,22,0
15437,468,0,23,0
16172,468,0,24,0
16915,468,0,25,0
17674,468,0,26,0
18437,468,0,27,0
19201,468,0,28,0
19970,468,0,29,0
20739,468,0,30,0
21510,468,0,31,0
22282,468,0,32,0
23060,468,0,33,0
23839,468,0,34,0
24619,468,0,35,0
25400,468,0,36,0
26181,468,0,37,0
26962,468,0,38,0
467,469,2,1,12
1083,469,4,2,10
1711,469,0,3,6
2359,469,0,4,6
3018,469,0,5,6
3679,469,0,6,6
4343,469,0,7,6
5009,469,0,8,6
5676,469,0,9,6
6346,469,0,10,6
7020,469,0,11,6
7698,469,3,12,6
8382,469,0,13,3
9072,469,0,14,3
9765,469,0,15,3
10458,469,1,16,3
11159,469,0,17,2
11860,469,0,18,2
12565,469,0,19,2
13274,469,0,20,2
13985,469,0,21,2
14709,469,0,22,2
15438,469,2,23,2
16173,469,0,24,0
16916,469,0,25,0
17675,469,0,26,0
18438,469,0,27,0
19202,469,0,28,0
19971,469,0,29,0
20740,469,0,30,0
21511,469,0,31,0
22283,469,0,32,0
23061,469,0,33,0
23840,469,0,34,0
24620,469,0,35,0
25401,469,0,36,0
26182,469,0,37,0
26963,469,0,38,0
468,470,0,1,51
1084,470,0,2,51
1712,470,0,3,51
2360,470,0,4,51
3019,470,0,5,51
3680,470,0,6,51
4344,470,1,7,51
5010,470,1,8,50
5677,470,1,9,49
6347,470,0,10,48
7021,470,1,11,48
7699,470,1,12,47
8383,470,0,13,46
9073,470,0,14,46
9766,470,0,15,46
10459,470,0,16,46
11160,470,1,17,46
11861,470,2,18,45
12566,470,2,19,43
13275,470,1,20,41
13986,470,1,21,40
14710,470,5,22,39
15439,470,2,23,34
16174,470,7,24,32
16917,470,5,25,25
17676,470,1,26,20
18439,470,0,27,19
19203,470,0,28,19
19972,470,7,29,19
20741,470,7,30,12
21512,470,1,31,5
22284,470,1,32,4
23062,470,1,33,3
23841,470,0,34,2
24621,470,1,35,2
25402,470,0,36,1
26183,470,0,37,1
26964,470,1,38,1
469,471,2,1,26
1085,471,2,2,24
1713,471,1,3,22
2361,471,0,4,21
3020,471,0,5,21
3681,471,0,6,21
4345,471,0,7,21
5011,471,1,8,21
5678,471,0,9,20
6348,471,0,10,20
7022,471,0,11,20
7700,471,0,12,20
8384,471,0,13,20
9074,471,0,14,20
9767,471,0,15,20
10460,471,0,16,20
11161,471,0,17,20
11862,471,0,18,20
12567,471,0,19,20
13276,471,0,20,20
13987,471,1,21,20
14711,471,1,22,19
15440,471,1,23,18
16175,471,1,24,17
16918,471,0,25,16
17677,471,1,26,16
18440,471,2,27,15
19204,471,7,28,13
19973,471,0,29,6
20742,471,0,30,6
21513,471,1,31,6
22285,471,1,32,5
23063,471,0,33,4
23842,471,0,34,4
24622,471,1,35,4
25403,471,1,36,3
26184,471,1,37,2
26965,471,1,38,1
470,472,1,1,31
1086,472,2,2,30
1714,472,1,3,28
2362,472,-2,4,27
3021,472,0,5,29
3682,472,0,6,29
4346,472,0,7,29
5012,472,0,8,29
5679,472,2,9,29
6349,472,6,10,27
7023,472,0,11,21
7701,472,0,12,21
8385,472,4,13,21
9075,472,-4,14,17
9768,472,0,15,21
10461,472,0,16,21
11162,472,0,17,21
11863,472,0,18,21
12568,472,0,19,21
13277,472,0,20,21
13988,472,0,21,21
14712,472,0,22,21
15441,472,0,23,21
16176,472,1,24,21
16919,472,0,25,20
17678,472,0,26,20
18441,472,0,27,20
19205,472,0,28,20
19974,472,1,29,20
20743,472,2,30,19
21514,472,0,31,17
22286,472,1,32,17
23064,472,2,33,16
23843,472,7,34,14
24623,472,0,35,7
25404,472,6,36,7
26185,472,1,37,1
26966,472,0,38,0
471,473,0,1,20
1087,473,0,2,20
1715,473,0,3,20
2363,473,1,4,20
3022,473,0,5,19
3683,473,1,6,19
4347,473,1,7,18
5013,473,0,8,17
5680,473,0,9,17
6350,473,0,10,17
7024,473,0,11,17
7702,473,0,12,17
8386,473,0,13,17
9076,473,0,14,17
9769,473,0,15,17
10462,473,0,16,17
11163,473,0,17,17
11864,473,0,18,17
12569,473,0,19,17
13278,473,0,20,17
13989,473,0,21,17
14713,473,0,22,17
15442,473,0,23,17
16177,473,0,24,17
16920,473,0,25,17
17679,473,0,26,17
18442,473,0,27,17
19206,473,0,28,17
19975,473,0,29,17
20744,473,0,30,17
21515,473,1,31,17
22287,473,1,32,16
23065,473,1,33,15
23844,473,2,34,14
24624,473,1,35,12
25405,473,1,36,11
26186,473,1,37,10
26967,473,9,38,9
472,474,1,1,43
1088,474,2,2,42
1716,474,7,3,40
2364,474,1,4,33
3023,474,2,5,32
3684,474,0,6,30
4348,474,1,7,30
5014,474,5,8,29
5681,474,0,9,24
6351,474,4,10,24
7025,474,1,11,20
7703,474,1,12,19
8387,474,2,13,18
9077,474,0,14,16
9770,474,0,15,16
10463,474,1,16,16
11164,474,5,17,15
11865,474,2,18,10
12570,474,0,19,8
13279,474,-1,20,8
13990,474,1,21,9
14714,474,0,22,8
15443,474,1,23,8
16178,474,0,24,7
16921,474,1,25,7
17680,474,0,26,6
18443,474,0,27,6
19207,474,1,28,6
19976,474,1,29,5
20745,474,1,30,4
21516,474,1,31,3
22288,474,1,32,2
23066,474,0,33,1
23845,474,0,34,1
24625,474,0,35,1
25406,474,0,36,1
26187,474,0,37,1
26968,474,1,38,1
473,475,0,1,6
1089,475,1,2,6
1717,475,0,3,5
2365,475,0,4,5
3024,475,1,5,5
3685,475,1,6,4
4349,475,1,7,3
5015,475,1,8,2
5682,475,0,9,1
6352,475,0,10,1
7026,475,0,11,1
7704,475,0,12,1
8388,475,0,13,1
9078,475,1,14,1
9771,475,0,15,0
10464,475,0,16,0
11165,475,0,17,0
11866,475,0,18,0
12571,475,0,19,0
13280,475,-1,20,0
13991,475,0,21,1
14715,475,0,22,1
15444,475,0,23,1
16179,475,0,24,1
16922,475,0,25,1
17681,475,0,26,1
18444,475,0,27,1
19208,475,0,28,1
19977,475,0,29,1
20746,475,0,30,1
21517,475,0,31,1
22289,475,0,32,1
23067,475,0,33,1
23846,475,0,34,1
24626,475,0,35,1
25407,475,0,36,1
26188,475,0,37,1
26969,475,1,38,1
474,476,2,1,54
1090,476,2,2,52
1718,476,1,3,50
2366,476,1,4,49
3025,476,0,5,48
3686,476,0,6,48
4350,476,0,7,48
5016,476,4,8,48
5683,476,2,9,44
6353,476,9,10,42
7027,476,0,11,33
7705,476,1,12,33
8389,476,1,13,32
9079,476,3,14,31
9772,476,2,15,28
10465,476,0,16,26
11166,476,6,17,26
11867,476,2,18,20
12572,476,1,19,18
13281,476,-1,20,17
13992,476,1,21,18
14716,476,0,22,17
15445,476,1,23,17
16180,476,2,24,16
16923,476,1,25,14
17682,476,0,26,13
18445,476,0,27,13
19209,476,1,28,13
19978,476,1,29,12
20747,476,2,30,11
21518,476,1,31,9
22290,476,1,32,8
23068,476,5,33,7
23847,476,1,34,2
24627,476,1,35,1
25408,476,0,36,0
26189,476,0,37,0
26970,476,0,38,0
475,477,0,1,14
1091,477,0,2,14
1719,477,0,3,14
2367,477,0,4,14
3026,477,0,5,14
3687,477,0,6,14
4351,477,0,7,14
5017,477,0,8,14
5684,477,0,9,14
6354,477,0,10,14
7028,477,0,11,14
7706,477,0,12,14
8390,477,0,13,14
9080,477,0,14,14
9773,477,1,15,14
10466,477,1,16,13
11167,477,8,17,12
11868,477,1,18,4
12573,477,1,19,3
13282,477,1,20,2
13993,477,0,21,1
14717,477,0,22,1
15446,477,0,23,1
16181,477,0,24,1
16924,477,0,25,1
17683,477,0,26,1
18446,477,0,27,1
19210,477,0,28,1
19979,477,0,29,1
20748,477,0,30,1
21519,477,0,31,1
22291,477,0,32,1
23069,477,0,33,1
23848,477,0,34,1
24628,477,0,35,1
25409,477,0,36,1
26190,477,0,37,1
26971,477,1,38,1
476,478,0,1,0
1092,478,0,2,0
1720,478,0,3,0
2368,478,0,4,0
3027,478,0,5,0
3688,478,0,6,0
4352,478,0,7,0
5018,478,0,8,0
5685,478,0,9,0
6355,478,0,10,0
7029,478,0,11,0
7707,478,0,12,0
8391,478,0,13,0
9081,478,0,14,0
9774,478,0,15,0
10467,478,0,16,0
11168,478,0,17,0
11869,478,0,18,0
12574,478,0,19,0
13283,478,0,20,0
13994,478,0,21,0
14718,478,0,22,0
15447,478,0,23,0
16182,478,0,24,0
16925,478,0,25,0
17684,478,0,26,0
18447,478,0,27,0
19211,478,0,28,0
19980,478,0,29,0
20749,478,0,30,0
21520,478,0,31,0
22292,478,0,32,0
23070,478,0,33,0
23849,478,0,34,0
24629,478,0,35,0
25410,478,0,36,0
26191,478,0,37,0
26972,478,0,38,0
477,479,0,1,1
1093,479,0,2,1
1721,479,0,3,1
2369,479,0,4,1
3028,479,0,5,1
3689,479,0,6,1
4353,479,0,7,1
5019,479,0,8,1
5686,479,0,9,1
6356,479,0,10,1
7030,479,0,11,1
7708,479,0,12,1
8392,479,0,13,1
9082,479,0,14,1
9775,479,0,15,1
10468,479,0,16,1
11169,479,0,17,1
11870,479,0,18,1
12575,479,0,19,1
13284,479,1,20,1
13995,479,0,21,0
14719,479,0,22,0
15448,479,0,23,0
16183,479,0,24,0
16926,479,0,25,0
17685,479,0,26,0
18448,479,0,27,0
19212,479,0,28,0
19981,479,0,29,0
20750,479,0,30,0
21521,479,0,31,0
22293,479,0,32,0
23071,479,0,33,0
23850,479,0,34,0
24630,479,0,35,0
25411,479,0,36,0
26192,479,0,37,0
26973,479,0,38,0
478,480,1,1,49
1094,480,0,2,48
1722,480,0,3,48
2370,480,1,4,48
3029,480,2,5,47
3690,480,3,6,45
4354,480,2,7,42
5020,480,1,8,40
5687,480,1,9,39
6357,480,1,10,38
7031,480,7,11,37
7709,480,0,12,30
8393,480,0,13,30
9083,480,0,14,30
9776,480,0,15,30
10469,480,0,16,30
11170,480,0,17,30
11871,480,2,18,30
12576,480,6,19,28
13285,480,0,20,22
13996,480,0,21,22
14720,480,0,22,22
15449,480,2,23,22
16184,480,3,24,20
16927,480,3,25,17
17686,480,2,26,14
18449,480,1,27,12
19213,480,1,28,11
19982,480,2,29,10
20751,480,2,30,8
21522,480,1,31,6
22294,480,1,32,5
23072,480,2,33,4
23851,480,0,34,2
24631,480,0,35,2
25412,480,0,36,2
26193,480,1,37,2
26974,480,1,38,1
479,481,1,1,44
1095,481,1,2,43
1723,481,1,3,42
2371,481,0,4,41
3030,481,1,5,41
3691,481,1,6,40
4355,481,0,7,39
5021,481,0,8,39
5688,481,0,9,39
6358,481,0,10,39
7032,481,0,11,39
7710,481,1,12,39
8394,481,1,13,38
9084,481,1,14,37
9777,481,1,15,36
10470,481,2,16,35
11171,481,0,17,33
11872,481,1,18,33
12577,481,0,19,32
13286,481,2,20,32
13997,481,2,21,30
14721,481,1,22,28
15450,481,2,23,27
16185,481,1,24,25
16928,481,6,25,24
17687,481,2,26,18
18450,481,2,27,16
19214,481,4,28,14
19983,481,1,29,10
20752,481,2,30,9
21523,481,3,31,7
22295,481,1,32,4
23073,481,1,33,3
23852,481,2,34,2
24632,481,0,35,0
25413,481,0,36,0
26194,481,0,37,0
26975,481,0,38,0
480,482,0,1,50
1096,482,9,2,50
1724,482,1,3,41
2372,482,0,4,40
3031,482,0,5,40
3692,482,0,6,40
4356,482,1,7,40
5022,482,10,8,39
5689,482,2,9,29
6359,482,1,10,27
7033,482,1,11,26
7711,482,2,12,25
8395,482,2,13,23
9085,482,1,14,21
9778,482,1,15,20
10471,482,0,16,19
11172,482,2,17,19
11873,482,1,18,17
12578,482,2,19,16
13287,482,1,20,14
13998,482,1,21,13
14722,482,0,22,12
15451,482,0,23,12
16186,482,3,24,12
16929,482,1,25,9
17688,482,1,26,8
18451,482,0,27,7
19215,482,0,28,7
19984,482,1,29,7
20753,482,0,30,6
21524,482,1,31,6
22296,482,0,32,5
23074,482,0,33,5
23853,482,0,34,5
24633,482,2,35,5
25414,482,1,36,3
26195,482,1,37,2
26976,482,1,38,1
481,483,0,1,0
1097,483,0,2,0
1725,483,0,3,0
2373,483,0,4,0
3032,483,0,5,0
3693,483,0,6,0
4357,483,0,7,0
5023,483,0,8,0
5690,483,0,9,0
6360,483,0,10,0
7034,483,0,11,0
7712,483,0,12,0
8396,483,0,13,0
9086,483,0,14,0
9779,483,0,15,0
10472,483,0,16,0
11173,483,0,17,0
11874,483,0,18,0
12579,483,0,19,0
13288,483,0,20,0
13999,483,0,21,0
14723,483,0,22,0
15452,483,0,23,0
16187,483,0,24,0
16930,483,0,25,0
17689,483,0,26,0
18452,483,0,27,0
19216,483,0,28,0
19985,483,0,29,0
20754,483,0,30,0
21525,483,0,31,0
22297,483,0,32,0
23075,483,0,33,0
23854,483,0,34,0
24634,483,0,35,0
25415,483,0,36,0
26196,483,0,37,0
26977,483,0,38,0
482,484,0,1,28
1098,484,0,2,28
1726,484,0,3,28
2374,484,0,4,28
3033,484,0,5,28
3694,484,0,6,28
4358,484,0,7,28
5024,484,0,8,28
5691,484,0,9,28
6361,484,1,10,28
7035,484,0,11,27
7713,484,6,12,27
8397,484,2,13,21
9087,484,1,14,19
9780,484,0,15,18
10473,484,0,16,18
11174,484,0,17,18
11875,484,0,18,18
12580,484,0,19,18
13289,484,0,20,18
14000,484,0,21,18
14724,484,1,22,18
15453,484,1,23,17
16188,484,6,24,16
16931,484,5,25,10
17690,484,0,26,5
18453,484,0,27,5
19217,484,0,28,5
19986,484,1,29,5
20755,484,0,30,4
21526,484,2,31,4
22298,484,-1,32,2
23076,484,1,33,3
23855,484,0,34,2
24635,484,1,35,2
25416,484,1,36,1
26197,484,1,37,0
26978,484,-1,38,-1
483,485,0,1,0
1099,485,0,2,0
1727,485,0,3,0
2375,485,0,4,0
3034,485,0,5,0
3695,485,0,6,0
4359,485,0,7,0
5025,485,0,8,0
5692,485,0,9,0
6362,485,0,10,0
7036,485,0,11,0
7714,485,0,12,0
8398,485,0,13,0
9088,485,0,14,0
9781,485,0,15,0
10474,485,0,16,0
11175,485,0,17,0
11876,485,0,18,0
12581,485,0,19,0
13290,485,0,20,0
14001,485,0,21,0
14725,485,0,22,0
15454,485,0,23,0
16189,485,0,24,0
16932,485,0,25,0
17691,485,0,26,0
18454,485,0,27,0
19218,485,0,28,0
19987,485,0,29,0
20756,485,0,30,0
21527,485,0,31,0
22299,485,0,32,0
23077,485,0,33,0
23856,485,0,34,0
24636,485,0,35,0
25417,485,0,36,0
26198,485,0,37,0
26979,485,0,38,0
484,486,0,1,24
1100,486,0,2,24
1728,486,1,3,24
2376,486,0,4,23
3035,486,0,5,23
3696,486,1,6,23
4360,486,0,7,22
5026,486,0,8,22
5693,486,0,9,22
6363,486,2,10,22
7037,486,1,11,20
7715,486,6,12,19
8399,486,2,13,13
9089,486,2,14,11
9782,486,0,15,9
10475,486,6,16,9
11176,486,-1,17,3
11877,486,1,18,4
12582,486,1,19,3
13291,486,0,20,2
14002,486,1,21,2
14726,486,0,22,1
15455,486,1,23,1
16190,486,0,24,0
16933,486,0,25,0
17692,486,0,26,0
18455,486,0,27,0
19219,486,0,28,0
19988,486,0,29,0
20757,486,0,30,0
21528,486,0,31,0
22300,486,0,32,0
23078,486,0,33,0
23857,486,0,34,0
24637,486,0,35,0
25418,486,0,36,0
26199,486,0,37,0
26980,486,0,38,0
485,487,0,1,0
1101,487,0,2,0
1729,487,0,3,0
2377,487,0,4,0
3036,487,0,5,0
3697,487,0,6,0
4361,487,0,7,0
5027,487,0,8,0
5694,487,0,9,0
6364,487,0,10,0
7038,487,0,11,0
7716,487,0,12,0
8400,487,0,13,0
9090,487,0,14,0
9783,487,0,15,0
10476,487,0,16,0
11177,487,0,17,0
11878,487,0,18,0
12583,487,0,19,0
13292,487,0,20,0
14003,487,0,21,0
14727,487,0,22,0
15456,487,0,23,0
16191,487,0,24,0
16934,487,0,25,0
17693,487,0,26,0
18456,487,0,27,0
19220,487,0,28,0
19989,487,0,29,0
20758,487,0,30,0
21529,487,0,31,0
22301,487,0,32,0
23079,487,0,33,0
23858,487,0,34,0
24638,487,0,35,0
25419,487,0,36,0
26200,487,0,37,0
26981,487,0,38,0
486,488,0,1,19
1102,488,0,2,19
1730,488,0,3,19
2378,488,0,4,19
3037,488,0,5,19
3698,488,0,6,19
4362,488,0,7,19
5028,488,0,8,19
5695,488,0,9,19
6365,488,0,10,19
7039,488,0,11,19
7717,488,0,12,19
8401,488,3,13,19
9091,488,4,14,16
9784,488,1,15,12
10477,488,7,16,11
11178,488,1,17,4
11879,488,2,18,3
12584,488,1,19,1
13293,488,0,20,0
14004,488,0,21,0
14728,488,0,22,0
15457,488,0,23,0
16192,488,0,24,0
16935,488,0,25,0
17694,488,0,26,0
18457,488,0,27,0
19221,488,0,28,0
19990,488,0,29,0
20759,488,0,30,0
21530,488,0,31,0
22302,488,0,32,0
23080,488,0,33,0
23859,488,0,34,0
24639,488,0,35,0
25420,488,0,36,0
26201,488,0,37,0
26982,488,0,38,0
487,489,1,1,45
1103,489,1,2,44
1731,489,0,3,43
2379,489,0,4,43
3038,489,1,5,43
3699,489,0,6,42
4363,489,0,7,42
5029,489,1,8,42
5696,489,0,9,41
6366,489,1,10,41
7040,489,0,11,40
7718,489,0,12,40
8402,489,1,13,40
9092,489,2,14,39
9785,489,1,15,37
10478,489,3,16,36
11179,489,2,17,33
11880,489,2,18,31
12585,489,2,19,29
13294,489,2,20,27
14005,489,2,21,25
14729,489,0,22,23
15458,489,2,23,23
16193,489,3,24,21
16936,489,1,25,18
17695,489,2,26,17
18458,489,2,27,15
19222,489,0,28,13
19991,489,2,29,13
20760,489,0,30,11
21531,489,1,31,11
22303,489,2,32,10
23081,489,0,33,8
23860,489,1,34,8
24640,489,2,35,7
25421,489,2,36,5
26202,489,1,37,3
26983,489,2,38,2
488,490,0,1,0
1104,490,0,2,0
1732,490,0,3,0
2380,490,0,4,0
3039,490,0,5,0
3700,490,0,6,0
4364,490,0,7,0
5030,490,0,8,0
5697,490,0,9,0
6367,490,0,10,0
7041,490,0,11,0
7719,490,0,12,0
8403,490,0,13,0
9093,490,0,14,0
9786,490,0,15,0
10479,490,0,16,0
11180,490,0,17,0
11881,490,0,18,0
12586,490,0,19,0
13295,490,0,20,0
14006,490,0,21,0
14730,490,0,22,0
15459,490,0,23,0
16194,490,0,24,0
16937,490,0,25,0
17696,490,0,26,0
18459,490,0,27,0
19223,490,0,28,0
19992,490,0,29,0
20761,490,0,30,0
21532,490,0,31,0
22304,490,0,32,0
23082,490,0,33,0
23861,490,0,34,0
24641,490,0,35,0
25422,490,0,36,0
26203,490,0,37,0
26984,490,0,38,0
489,491,2,1,137
1105,491,3,2,135
1733,491,4,3,132
2381,491,2,4,128
3040,491,7,5,126
3701,491,11,6,119
4365,491,7,7,108
5031,491,2,8,101
5698,491,1,9,99
6368,491,8,10,98
7042,491,2,11,90
7720,491,6,12,88
8404,491,10,13,82
9094,491,2,14,72
9787,491,4,15,70
10480,491,0,16,66
11181,491,4,17,66
11882,491,2,18,62
12587,491,9,19,60
13296,491,2,20,51
14007,491,1,21,49
14731,491,0,22,48
15460,491,0,23,48
16195,491,0,24,48
16938,491,1,25,48
17697,491,14,26,47
18460,491,2,27,33
19224,491,1,28,31
19993,491,1,29,30
20762,491,0,30,29
21533,491,18,31,29
22305,491,5,32,11
23083,491,1,33,6
23862,491,2,34,5
24642,491,0,35,3
25423,491,0,36,3
26204,491,1,37,3
26985,491,2,38,2
490,492,1,1,117
1106,492,6,2,116
1734,492,2,3,110
2382,492,1,4,108
3041,492,2,5,107
3702,492,11,6,105
4366,492,1,7,94
5032,492,9,8,93
5699,492,1,9,84
6369,492,5,10,83
7043,492,2,11,78
7721,492,6,12,76
8405,492,1,13,70
9095,492,2,14,69
9788,492,7,15,67
10481,492,8,16,60
11182,492,7,17,52
11883,492,2,18,45
12588,492,5,19,43
13297,492,2,20,38
14008,492,2,21,36
14732,492,9,22,34
15461,492,2,23,25
16196,492,3,24,23
16939,492,3,25,20
17698,492,9,26,17
18461,492,1,27,8
19225,492,0,28,7
19994,492,0,29,7
20763,492,0,30,7
21534,492,0,31,7
22306,492,1,32,7
23084,492,2,33,6
23863,492,1,34,4
24643,492,2,35,3
25424,492,1,36,1
26205,492,0,37,0
26986,492,0,38,0
491,493,0,1,0
1107,493,0,2,0
1735,493,0,3,0
2383,493,0,4,0
3042,493,0,5,0
3703,493,0,6,0
4367,493,0,7,0
5033,493,0,8,0
5700,493,0,9,0
6370,493,0,10,0
7044,493,0,11,0
7722,493,0,12,0
8406,493,0,13,0
9096,493,0,14,0
9789,493,0,15,0
10482,493,0,16,0
11183,493,0,17,0
11884,493,0,18,0
12589,493,0,19,0
13298,493,0,20,0
14009,493,0,21,0
14733,493,0,22,0
15462,493,0,23,0
16197,493,0,24,0
16940,493,0,25,0
17699,493,0,26,0
18462,493,0,27,0
19226,493,0,28,0
19995,493,0,29,0
20764,493,0,30,0
21535,493,0,31,0
22307,493,0,32,0
23085,493,0,33,0
23864,493,0,34,0
24644,493,0,35,0
25425,493,0,36,0
26206,493,0,37,0
26987,493,0,38,0
492,494,5,1,133
1108,494,6,2,128
1736,494,1,3,122
2384,494,2,4,121
3043,494,12,5,119
3704,494,3,6,107
4368,494,10,7,104
5034,494,4,8,94
5701,494,2,9,90
6371,494,6,10,88
7045,494,1,11,82
7723,494,16,12,81
8407,494,2,13,65
9097,494,2,14,63
9790,494,4,15,61
10483,494,15,16,57
11184,494,6,17,42
11885,494,0,18,36
12590,494,1,19,36
13299,494,1,20,35
14010,494,1,21,34
14734,494,2,22,33
15463,494,0,23,31
16198,494,0,24,31
16941,494,10,25,31
17700,494,4,26,21
18463,494,1,27,17
19227,494,0,28,16
19996,494,1,29,16
20765,494,2,30,15
21536,494,7,31,13
22308,494,2,32,6
23086,494,0,33,4
23865,494,4,34,4
24645,494,0,35,0
25426,494,0,36,0
26207,494,0,37,0
26988,494,0,38,0
493,495,9,1,98
1109,495,6,2,89
1737,495,1,3,83
2385,495,2,4,82
3044,495,2,5,80
3705,495,5,6,78
4369,495,1,7,73
5035,495,2,8,72
5702,495,2,9,70
6372,495,1,10,68
7046,495,4,11,67
7724,495,14,12,63
8408,495,2,13,49
9098,495,1,14,47
9791,495,3,15,46
10484,495,6,16,43
11185,495,-1,17,37
11886,495,1,18,38
12591,495,4,19,37
13300,495,4,20,33
14011,495,1,21,29
14735,495,1,22,28
15464,495,6,23,27
16199,495,6,24,21
16942,495,6,25,15
17701,495,1,26,9
18464,495,2,27,8
19228,495,1,28,6
19997,495,0,29,5
20766,495,0,30,5
21537,495,1,31,5
22309,495,0,32,4
23087,495,5,33,4
23866,495,0,34,-1
24646,495,0,35,-1
25427,495,0,36,-1
26208,495,0,37,-1
26989,495,-1,38,-1
494,496,0,1,2
1110,496,0,2,2
1738,496,0,3,2
2386,496,0,4,2
3045,496,0,5,2
3706,496,0,6,2
4370,496,0,7,2
5036,496,0,8,2
5703,496,0,9,2
6373,496,0,10,2
7047,496,0,11,2
7725,496,0,12,2
8409,496,0,13,2
9099,496,0,14,2
9792,496,0,15,2
10485,496,0,16,2
11186,496,0,17,2
11887,496,0,18,2
12592,496,1,19,2
13301,496,0,20,1
14012,496,0,21,1
14736,496,0,22,1
15465,496,0,23,1
16200,496,0,24,1
16943,496,0,25,1
17702,496,0,26,1
18465,496,0,27,1
19229,496,0,28,1
19998,496,0,29,1
20767,496,0,30,1
21538,496,0,31,1
22310,496,0,32,1
23088,496,0,33,1
23867,496,0,34,1
24647,496,0,35,1
25428,496,0,36,1
26209,496,1,37,1
26990,496,0,38,0
495,497,1,1,35
1111,497,1,2,34
1739,497,0,3,33
2387,497,0,4,33
3046,497,0,5,33
3707,497,0,6,33
4371,497,0,7,33
5037,497,1,8,33
5704,497,0,9,32
6374,497,4,10,32
7048,497,0,11,28
7726,497,0,12,28
8410,497,0,13,28
9100,497,0,14,28
9793,497,0,15,28
10486,497,0,16,28
11187,497,0,17,28
11888,497,0,18,28
12593,497,0,19,28
13302,497,0,20,28
14013,497,1,21,28
14737,497,5,22,27
15466,497,5,23,22
16201,497,2,24,17
16944,497,0,25,15
17703,497,0,26,15
18466,497,0,27,15
19230,497,0,28,15
19999,497,0,29,15
20768,497,0,30,15
21539,497,0,31,15
22311,497,5,32,15
23089,497,6,33,10
23868,497,0,34,4
24648,497,2,35,4
25429,497,0,36,2
26210,497,1,37,2
26991,497,1,38,1
496,498,2,1,49
1112,498,14,2,47
1740,498,1,3,33
2388,498,2,4,32
3047,498,2,5,30
3708,498,6,6,28
4372,498,1,7,22
5038,498,2,8,21
5705,498,2,9,19
6375,498,1,10,17
7049,498,1,11,16
7727,498,0,12,15
8411,498,0,13,15
9101,498,0,14,15
9794,498,1,15,15
10487,498,0,16,14
11188,498,0,17,14
11889,498,0,18,14
12594,498,0,19,14
13303,498,0,20,14
14014,498,0,21,14
14738,498,0,22,14
15467,498,0,23,14
16202,498,0,24,14
16945,498,0,25,14
17704,498,0,26,14
18467,498,0,27,14
19231,498,2,28,14
20000,498,7,29,12
20769,498,1,30,5
21540,498,2,31,4
22312,498,3,32,2
23090,498,-1,33,-1
23869,498,0,34,0
24649,498,0,35,0
25430,498,0,36,0
26211,498,0,37,0
26992,498,0,38,0
497,499,2,1,71
1113,499,1,2,69
1741,499,0,3,68
2389,499,1,4,68
3048,499,1,5,67
3709,499,4,6,66
4373,499,1,7,62
5039,499,4,8,61
5706,499,1,9,57
6376,499,2,10,56
7050,499,2,11,54
7728,499,2,12,52
8412,499,2,13,50
9102,499,1,14,48
9795,499,1,15,47
10488,499,9,16,46
11189,499,1,17,37
11890,499,2,18,36
12595,499,1,19,34
13304,499,2,20,33
14015,499,0,21,31
14739,499,2,22,31
15468,499,1,23,29
16203,499,6,24,28
16946,499,1,25,22
17705,499,0,26,21
18468,499,0,27,21
19232,499,10,28,21
20001,499,0,29,11
20770,499,0,30,11
21541,499,1,31,11
22313,499,1,32,10
23091,499,2,33,9
23870,499,1,34,7
24650,499,2,35,6
25431,499,2,36,4
26212,499,1,37,2
26993,499,1,38,1
498,500,0,1,6
1114,500,0,2,6
1742,500,0,3,6
2390,500,0,4,6
3049,500,0,5,6
3710,500,0,6,6
4374,500,0,7,6
5040,500,0,8,6
5707,500,0,9,6
6377,500,0,10,6
7051,500,0,11,6
7729,500,0,12,6
8413,500,0,13,6
9103,500,0,14,6
9796,500,0,15,6
10489,500,0,16,6
11190,500,0,17,6
11891,500,0,18,6
12596,500,0,19,6
13305,500,0,20,6
14016,500,0,21,6
14740,500,0,22,6
15469,500,0,23,6
16204,500,1,24,6
16947,500,0,25,5
17706,500,4,26,5
18469,500,0,27,1
19233,500,0,28,1
20002,500,1,29,1
20771,500,0,30,0
21542,500,0,31,0
22314,500,0,32,0
23092,500,0,33,0
23871,500,0,34,0
24651,500,0,35,0
25432,500,0,36,0
26213,500,0,37,0
26994,500,0,38,0
499,501,0,1,27
1115,501,1,2,27
1743,501,1,3,26
2391,501,2,4,25
3050,501,0,5,23
3711,501,1,6,23
4375,501,3,7,22
5041,501,1,8,19
5708,501,0,9,18
6378,501,0,10,18
7052,501,0,11,18
7730,501,1,12,18
8414,501,1,13,17
9104,501,0,14,16
9797,501,1,15,16
10490,501,1,16,15
11191,501,1,17,14
11892,501,1,18,13
12597,501,0,19,12
13306,501,0,20,12
14017,501,1,21,12
14741,501,1,22,11
15470,501,1,23,10
16205,501,0,24,9
16948,501,0,25,9
17707,501,1,26,9
18470,501,0,27,8
19234,501,0,28,8
20003,501,0,29,8
20772,501,0,30,8
21543,501,0,31,8
22315,501,0,32,8
23093,501,1,33,8
23872,501,0,34,7
24652,501,2,35,7
25433,501,1,36,5
26214,501,1,37,4
26995,501,3,38,3
500,502,0,1,0
1116,502,0,2,0
1744,502,0,3,0
2392,502,0,4,0
3051,502,0,5,0
3712,502,0,6,0
4376,502,0,7,0
5042,502,0,8,0
5709,502,0,9,0
6379,502,0,10,0
7053,502,0,11,0
7731,502,0,12,0
8415,502,0,13,0
9105,502,0,14,0
9798,502,0,15,0
10491,502,0,16,0
11192,502,0,17,0
11893,502,0,18,0
12598,502,0,19,0
13307,502,0,20,0
14018,502,0,21,0
14742,502,0,22,0
15471,502,0,23,0
16206,502,0,24,0
16949,502,0,25,0
17708,502,0,26,0
18471,502,0,27,0
19235,502,0,28,0
20004,502,0,29,0
20773,502,0,30,0
21544,502,0,31,0
22316,502,0,32,0
23094,502,0,33,0
23873,502,0,34,0
24653,502,0,35,0
25434,502,0,36,0
26215,502,0,37,0
26996,502,0,38,0
501,503,2,1,129
1117,503,16,2,127
1745,503,3,3,111
2393,503,2,4,108
3052,503,10,5,106
3713,503,0,6,96
4377,503,0,7,96
5043,503,8,8,96
5710,503,0,9,88
6380,503,4,10,88
7054,503,2,11,84
7732,503,6,12,82
8416,503,2,13,76
9106,503,1,14,74
9799,503,7,15,73
10492,503,14,16,66
11193,503,2,17,52
11894,503,2,18,50
12599,503,0,19,48
13308,503,1,20,48
14019,503,8,21,47
14743,503,2,22,39
15472,503,2,23,37
16207,503,10,24,35
16950,503,3,25,25
17709,503,8,26,22
18472,503,1,27,14
19236,503,6,28,13
20005,503,1,29,7
20774,503,2,30,6
21545,503,1,31,4
22317,503,0,32,3
23095,503,0,33,3
23874,503,0,34,3
24654,503,0,35,3
25435,503,1,36,3
26216,503,2,37,2
26997,503,0,38,0
502,504,1,1,51
1118,504,1,2,50
1746,504,0,3,49
2394,504,0,4,49
3053,504,0,5,49
3714,504,0,6,49
4378,504,0,7,49
5044,504,0,8,49
5711,504,0,9,49
6381,504,0,10,49
7055,504,0,11,49
7733,504,1,12,49
8417,504,0,13,48
9107,504,0,14,48
9800,504,0,15,48
10493,504,9,16,48
11194,504,-1,17,39
11895,504,-1,18,40
12600,504,0,19,41
13309,504,1,20,41
14020,504,1,21,40
14744,504,1,22,39
15473,504,0,23,38
16208,504,9,24,38
16951,504,9,25,29
17710,504,8,26,20
18473,504,1,27,12
19237,504,1,28,11
20006,504,1,29,10
20775,504,1,30,9
21546,504,5,31,8
22318,504,-2,32,3
23096,504,1,33,5
23875,504,0,34,4
24655,504,2,35,4
25436,504,1,36,2
26217,504,1,37,1
26998,504,0,38,0
503,505,2,1,43
1119,505,6,2,41
1747,505,1,3,35
2395,505,1,4,34
3054,505,2,5,33
3715,505,1,6,31
4379,505,0,7,30
5045,505,5,8,30
5712,505,2,9,25
6382,505,2,10,23
7056,505,1,11,21
7734,505,6,12,20
8418,505,2,13,14
9108,505,2,14,12
9801,505,0,15,10
10494,505,1,16,10
11195,505,0,17,9
11896,505,2,18,9
12601,505,1,19,7
13310,505,0,20,6
14021,505,0,21,6
14745,505,0,22,6
15474,505,0,23,6
16209,505,0,24,6
16952,505,0,25,6
17711,505,2,26,6
18474,505,2,27,4
19238,505,1,28,2
20007,505,1,29,1
20776,505,2,30,0
21547,505,0,31,-2
22319,505,0,32,-2
23097,505,0,33,-2
23876,505,-2,34,-2
24656,505,0,35,0
25437,505,0,36,0
26218,505,0,37,0
26999,505,0,38,0
504,506,2,1,32
1120,506,9,2,30
1748,506,0,3,21
2396,506,1,4,21
3055,506,1,5,20
3716,506,11,6,19
4380,506,1,7,8
5046,506,1,8,7
5713,506,1,9,6
6383,506,0,10,5
7057,506,0,11,5
7735,506,0,12,5
8419,506,0,13,5
9109,506,0,14,5
9802,506,1,15,5
10495,506,0,16,4
11196,506,0,17,4
11897,506,0,18,4
12602,506,0,19,4
13311,506,0,20,4
14022,506,0,21,4
14746,506,0,22,4
15475,506,0,23,4
16210,506,0,24,4
16953,506,0,25,4
17712,506,0,26,4
18475,506,0,27,4
19239,506,1,28,4
20008,506,0,29,3
20777,506,2,30,3
21548,506,0,31,1
22320,506,0,32,1
23098,506,0,33,1
23877,506,0,34,1
24657,506,0,35,1
25438,506,0,36,1
26219,506,0,37,1
27000,506,1,38,1
505,507,0,1,0
1121,507,0,2,0
1749,507,0,3,0
2397,507,0,4,0
3056,507,0,5,0
3717,507,0,6,0
4381,507,0,7,0
5047,507,0,8,0
5714,507,0,9,0
6384,507,0,10,0
7058,507,0,11,0
7736,507,0,12,0
8420,507,0,13,0
9110,507,0,14,0
9803,507,0,15,0
10496,507,0,16,0
11197,507,0,17,0
11898,507,0,18,0
12603,507,0,19,0
13312,507,0,20,0
14023,507,0,21,0
14747,507,0,22,0
15476,507,0,23,0
16211,507,0,24,0
16954,507,0,25,0
17713,507,0,26,0
18476,507,0,27,0
19240,507,0,28,0
20009,507,0,29,0
20778,507,0,30,0
21549,507,0,31,0
22321,507,0,32,0
23099,507,0,33,0
23878,507,0,34,0
24658,507,0,35,0
25439,507,0,36,0
26220,507,0,37,0
27001,507,0,38,0
506,508,2,1,66
1122,508,6,2,64
1750,508,1,3,58
2398,508,2,4,57
3057,508,3,5,55
3718,508,6,6,52
4382,508,1,7,46
5048,508,2,8,45
5715,508,3,9,43
6385,508,2,10,40
7059,508,1,11,38
7737,508,8,12,37
8421,508,0,13,29
9111,508,0,14,29
9804,508,0,15,29
10497,508,0,16,29
11198,508,0,17,29
11899,508,0,18,29
12604,508,0,19,29
13313,508,0,20,29
14024,508,0,21,29
14748,508,0,22,29
15477,508,0,23,29
16212,508,0,24,29
16955,508,9,25,29
17714,508,3,26,20
18477,508,3,27,17
19241,508,3,28,14
20010,508,1,29,11
20779,508,3,30,10
21550,508,3,31,7
22322,508,0,32,4
23100,508,1,33,4
23879,508,0,34,3
24659,508,2,35,3
25440,508,0,36,1
26221,508,0,37,1
27002,508,1,38,1
507,509,1,1,34
1123,509,0,2,33
1751,509,1,3,33
2399,509,1,4,32
3058,509,0,5,31
3719,509,3,6,31
4383,509,5,7,28
5049,509,1,8,23
5716,509,1,9,22
6386,509,0,10,21
7060,509,1,11,21
7738,509,4,12,20
8422,509,7,13,16
9112,509,1,14,9
9805,509,1,15,8
10498,509,1,16,7
11199,509,1,17,6
11900,509,1,18,5
12605,509,1,19,4
13314,509,2,20,3
14025,509,0,21,1
14749,509,0,22,1
15478,509,0,23,1
16213,509,0,24,1
16956,509,0,25,1
17715,509,0,26,1
18478,509,1,27,1
19242,509,0,28,0
20011,509,0,29,0
20780,509,0,30,0
21551,509,0,31,0
22323,509,0,32,0
23101,509,0,33,0
23880,509,0,34,0
24660,509,0,35,0
25441,509,0,36,0
26222,509,0,37,0
27003,509,0,38,0
508,510,0,1,0
1124,510,0,2,0
1752,510,0,3,0
2400,510,0,4,0
3059,510,0,5,0
3720,510,0,6,0
4384,510,0,7,0
5050,510,0,8,0
5717,510,0,9,0
6387,510,0,10,0
7061,510,0,11,0
7739,510,0,12,0
8423,510,0,13,0
9113,510,0,14,0
9806,510,0,15,0
10499,510,0,16,0
11200,510,0,17,0
11901,510,0,18,0
12606,510,0,19,0
13315,510,0,20,0
14026,510,0,21,0
14750,510,0,22,0
15479,510,0,23,0
16214,510,0,24,0
16957,510,0,25,0
17716,510,0,26,0
18479,510,0,27,0
19243,510,0,28,0
20012,510,0,29,0
20781,510,0,30,0
21552,510,0,31,0
22324,510,0,32,0
23102,510,0,33,0
23881,510,0,34,0
24661,510,0,35,0
25442,510,0,36,0
26223,510,0,37,0
27004,510,0,38,0
509,511,0,1,40
1125,511,1,2,40
1753,511,2,3,39
2401,511,1,4,37
3060,511,0,5,36
3721,511,0,6,36
4385,511,1,7,36
5051,511,1,8,35
5718,511,2,9,34
6388,511,-2,10,32
7062,511,0,11,34
7740,511,0,12,34
8424,511,1,13,34
9114,511,1,14,33
9807,511,2,15,32
10500,511,2,16,30
11201,511,2,17,28
11902,511,1,18,26
12607,511,1,19,25
13316,511,2,20,24
14027,511,2,21,22
14751,511,1,22,20
15480,511,4,23,19
16215,511,0,24,15
16958,511,2,25,15
17717,511,3,26,13
18480,511,3,27,10
19244,511,2,28,7
20013,511,0,29,5
20782,511,1,30,5
21553,511,1,31,4
22325,511,0,32,3
23103,511,0,33,3
23882,511,0,34,3
24662,511,0,35,3
25443,511,1,36,3
26224,511,0,37,2
27005,511,2,38,2
510,512,2,1,42
1126,512,2,2,40
1754,512,2,3,38
2402,512,1,4,36
3061,512,0,5,35
3722,512,5,6,35
4386,512,18,7,30
5052,512,2,8,12
5719,512,2,9,10
6389,512,1,10,8
7063,512,2,11,7
7741,512,2,12,5
8425,512,2,13,3
9115,512,1,14,1
9808,512,0,15,0
10501,512,0,16,0
11202,512,0,17,0
11903,512,0,18,0
12608,512,0,19,0
13317,512,0,20,0
14028,512,0,21,0
14752,512,0,22,0
15481,512,0,23,0
16216,512,0,24,0
16959,512,0,25,0
17718,512,0,26,0
18481,512,0,27,0
19245,512,0,28,0
20014,512,0,29,0
20783,512,0,30,0
21554,512,0,31,0
22326,512,0,32,0
23104,512,0,33,0
23883,512,0,34,0
24663,512,0,35,0
25444,512,0,36,0
26225,512,0,37,0
27006,512,0,38,0
511,513,1,1,69
1127,513,6,2,68
1755,513,1,3,62
2403,513,3,4,61
3062,513,1,5,58
3723,513,2,6,57
4387,513,2,7,55
5053,513,-1,8,53
5720,513,0,9,54
6390,513,0,10,54
7064,513,0,11,54
7742,513,0,12,54
8426,513,0,13,54
9116,513,0,14,54
9809,513,0,15,54
10502,513,0,16,54
11203,513,0,17,54
11904,513,1,18,54
12609,513,2,19,53
13318,513,1,20,51
14029,513,0,21,50
14753,513,0,22,50
15482,513,3,23,50
16217,513,2,24,47
16960,513,3,25,45
17719,513,6,26,42
18482,513,6,27,36
19246,513,3,28,30
20015,513,3,29,27
20784,513,2,30,24
21555,513,2,31,22
22327,513,2,32,20
23105,513,3,33,18
23884,513,3,34,15
24664,513,2,35,12
25445,513,8,36,10
26226,513,2,37,2
27007,513,0,38,0
512,514,2,1,193
1128,514,8,2,191
1756,514,5,3,183
2404,514,5,4,178
3063,514,2,5,173
3724,514,2,6,171
4388,514,12,7,169
5054,514,2,8,157
5721,514,7,9,155
6391,514,2,10,148
7065,514,3,11,146
7743,514,7,12,143
8427,514,2,13,136
9117,514,2,14,134
9810,514,12,15,132
10503,514,2,16,120
11204,514,6,17,118
11905,514,8,18,112
12610,514,1,19,104
13319,514,0,20,103
14030,514,0,21,103
14754,514,0,22,103
15483,514,0,23,103
16218,514,10,24,103
16961,514,2,25,93
17720,514,10,26,91
18483,514,6,27,81
19247,514,2,28,75
20016,514,5,29,73
20785,514,2,30,68
21556,514,7,31,66
22328,514,2,32,59
23106,514,9,33,57
23885,514,10,34,48
24665,514,9,35,38
25446,514,8,36,29
26227,514,8,37,21
27008,514,13,38,13
513,515,0,1,1
1129,515,0,2,1
1757,515,0,3,1
2405,515,0,4,1
3064,515,0,5,1
3725,515,1,6,1
4389,515,0,7,0
5055,515,0,8,0
5722,515,0,9,0
6392,515,0,10,0
7066,515,0,11,0
7744,515,0,12,0
8428,515,0,13,0
9118,515,0,14,0
9811,515,0,15,0
10504,515,0,16,0
11205,515,0,17,0
11906,515,0,18,0
12611,515,0,19,0
13320,515,0,20,0
14031,515,0,21,0
14755,515,0,22,0
15484,515,0,23,0
16219,515,0,24,0
16962,515,0,25,0
17721,515,0,26,0
18484,515,0,27,0
19248,515,0,28,0
20017,515,0,29,0
20786,515,0,30,0
21557,515,0,31,0
22329,515,0,32,0
23107,515,0,33,0
23886,515,0,34,0
24666,515,0,35,0
25447,515,0,36,0
26228,515,0,37,0
27009,515,0,38,0
514,516,1,1,27
1130,516,6,2,26
1758,516,1,3,20
2406,516,1,4,19
3065,516,0,5,18
3726,516,0,6,18
4390,516,0,7,18
5056,516,0,8,18
5723,516,0,9,18
6393,516,0,10,18
7067,516,0,11,18
7745,516,1,12,18
8429,516,1,13,17
9119,516,0,14,16
9812,516,0,15,16
10505,516,2,16,16
11206,516,1,17,14
11907,516,1,18,13
12612,516,0,19,12
13321,516,-2,20,12
14032,516,0,21,14
14756,516,0,22,14
15485,516,3,23,14
16220,516,2,24,11
16963,516,0,25,9
17722,516,0,26,9
18485,516,0,27,9
19249,516,0,28,9
20018,516,0,29,9
20787,516,0,30,9
21558,516,0,31,9
22330,516,0,32,9
23108,516,1,33,9
23887,516,0,34,8
24667,516,1,35,8
25448,516,6,36,7
26229,516,0,37,1
27010,516,1,38,1
515,517,0,1,36
1131,517,1,2,36
1759,517,0,3,35
2407,517,0,4,35
3066,517,1,5,35
3727,517,0,6,34
4391,517,1,7,34
5057,517,0,8,33
5724,517,0,9,33
6394,517,0,10,33
7068,517,0,11,33
7746,517,0,12,33
8430,517,0,13,33
9120,517,0,14,33
9813,517,1,15,33
10506,517,0,16,32
11207,517,0,17,32
11908,517,1,18,32
12613,517,0,19,31
13322,517,0,20,31
14033,517,1,21,31
14757,517,1,22,30
15486,517,1,23,29
16221,517,1,24,28
16964,517,0,25,27
17723,517,6,26,27
18486,517,9,27,21
19250,517,2,28,12
20019,517,0,29,10
20788,517,1,30,10
21559,517,0,31,9
22331,517,0,32,9
23109,517,0,33,9
23888,517,0,34,9
24668,517,2,35,9
25449,517,5,36,7
26230,517,1,37,2
27011,517,1,38,1
516,518,2,1,48
1132,518,1,2,46
1760,518,2,3,45
2408,518,2,4,43
3067,518,1,5,41
3728,518,1,6,40
4392,518,2,7,39
5058,518,2,8,37
5725,518,1,9,35
6395,518,3,10,34
7069,518,0,11,31
7747,518,2,12,31
8431,518,6,13,29
9121,518,0,14,23
9814,518,1,15,23
10507,518,2,16,22
11208,518,2,17,20
11909,518,2,18,18
12614,518,0,19,16
13323,518,0,20,16
14034,518,0,21,16
14758,518,0,22,16
15487,518,0,23,16
16222,518,0,24,16
16965,518,0,25,16
17724,518,0,26,16
18487,518,2,27,16
19251,518,0,28,14
20020,518,1,29,14
20789,518,2,30,13
21560,518,0,31,11
22332,518,0,32,11
23110,518,2,33,11
23889,518,2,34,9
24669,518,2,35,7
25450,518,2,36,5
26231,518,1,37,3
27012,518,2,38,2
517,519,0,1,0
1133,519,0,2,0
1761,519,0,3,0
2409,519,0,4,0
3068,519,0,5,0
3729,519,0,6,0
4393,519,0,7,0
5059,519,0,8,0
5726,519,0,9,0
6396,519,0,10,0
7070,519,0,11,0
7748,519,0,12,0
8432,519,0,13,0
9122,519,0,14,0
9815,519,0,15,0
10508,519,0,16,0
11209,519,0,17,0
11910,519,0,18,0
12615,519,0,19,0
13324,519,0,20,0
14035,519,0,21,0
14759,519,0,22,0
15488,519,0,23,0
16223,519,0,24,0
16966,519,0,25,0
17725,519,0,26,0
18488,519,0,27,0
19252,519,0,28,0
20021,519,0,29,0
20790,519,0,30,0
21561,519,0,31,0
22333,519,0,32,0
23111,519,0,33,0
23890,519,0,34,0
24670,519,0,35,0
25451,519,0,36,0
26232,519,0,37,0
27013,519,0,38,0
518,520,1,1,76
1134,520,6,2,75
1762,520,0,3,69
2410,520,1,4,69
3069,520,1,5,68
3730,520,0,6,67
4394,520,2,7,67
5060,520,0,8,65
5727,520,1,9,65
6397,520,1,10,64
7071,520,6,11,63
7749,520,9,12,57
8433,520,5,13,48
9123,520,1,14,43
9816,520,1,15,42
10509,520,0,16,41
11210,520,2,17,41
11911,520,6,18,39
12616,520,0,19,33
13325,520,0,20,33
14036,520,1,21,33
14760,520,1,22,32
15489,520,10,23,31
16224,520,2,24,21
16967,520,1,25,19
17726,520,0,26,18
18489,520,1,27,18
19253,520,0,28,17
20022,520,2,29,17
20791,520,1,30,15
21562,520,1,31,14
22334,520,0,32,13
23112,520,8,33,13
23891,520,2,34,5
24671,520,2,35,3
25452,520,1,36,1
26233,520,0,37,0
27014,520,0,38,0
519,521,0,1,39
1135,521,0,2,39
1763,521,1,3,39
2411,521,0,4,38
3070,521,0,5,38
3731,521,0,6,38
4395,521,0,7,38
5061,521,0,8,38
5728,521,3,9,38
6398,521,2,10,35
7072,521,9,11,33
7750,521,6,12,24
8434,521,-1,13,18
9124,521,2,14,19
9817,521,2,15,17
10510,521,4,16,15
11211,521,3,17,11
11912,521,2,18,8
12617,521,0,19,6
13326,521,0,20,6
14037,521,1,21,6
14761,521,2,22,5
15490,521,0,23,3
16225,521,0,24,3
16968,521,0,25,3
17727,521,0,26,3
18490,521,0,27,3
19254,521,0,28,3
20023,521,0,29,3
20792,521,0,30,3
21563,521,0,31,3
22335,521,0,32,3
23113,521,0,33,3
23892,521,0,34,3
24672,521,0,35,3
25453,521,0,36,3
26234,521,0,37,3
27015,521,3,38,3
520,522,0,1,0
1136,522,0,2,0
1764,522,0,3,0
2412,522,0,4,0
3071,522,0,5,0
3732,522,0,6,0
4396,522,0,7,0
5062,522,0,8,0
5729,522,0,9,0
6399,522,0,10,0
7073,522,0,11,0
7751,522,0,12,0
8435,522,0,13,0
9125,522,0,14,0
9818,522,0,15,0
10511,522,0,16,0
11212,522,0,17,0
11913,522,0,18,0
12618,522,0,19,0
13327,522,0,20,0
14038,522,0,21,0
14762,522,0,22,0
15491,522,0,23,0
16226,522,0,24,0
16969,522,0,25,0
17728,522,0,26,0
18491,522,0,27,0
19255,522,0,28,0
20024,522,0,29,0
20793,522,0,30,0
21564,522,0,31,0
22336,522,0,32,0
23114,522,0,33,0
23893,522,0,34,0
24673,522,0,35,0
25454,522,0,36,0
26235,522,0,37,0
27016,522,0,38,0
521,523,1,1,32
1137,523,0,2,31
1765,523,0,3,31
2413,523,8,4,31
3072,523,0,5,23
3733,523,1,6,23
4397,523,0,7,22
5063,523,0,8,22
5730,523,8,9,22
6400,523,0,10,14
7074,523,1,11,14
7752,523,1,12,13
8436,523,1,13,12
9126,523,1,14,11
9819,523,1,15,10
10512,523,0,16,9
11213,523,0,17,9
11914,523,0,18,9
12619,523,0,19,9
13328,523,1,20,9
14039,523,4,21,8
14763,523,1,22,4
15492,523,1,23,3
16227,523,1,24,2
16970,523,0,25,1
17729,523,0,26,1
18492,523,0,27,1
19256,523,1,28,1
20025,523,0,29,0
20794,523,0,30,0
21565,523,0,31,0
22337,523,0,32,0
23115,523,0,33,0
23894,523,0,34,0
24674,523,0,35,0
25455,523,0,36,0
26236,523,0,37,0
27017,523,0,38,0
522,524,1,1,82
1138,524,12,2,81
1766,524,0,3,69
2414,524,2,4,69
3073,524,0,5,67
3734,524,1,6,67
4398,524,2,7,66
5064,524,0,8,64
5731,524,2,9,64
6401,524,1,10,62
7075,524,6,11,61
7753,524,6,12,55
8437,524,0,13,49
9127,524,1,14,49
9820,524,2,15,48
10513,524,2,16,46
11214,524,2,17,44
11915,524,1,18,42
12620,524,0,19,41
13329,524,0,20,41
14040,524,1,21,41
14764,524,1,22,40
15493,524,2,23,39
16228,524,1,24,37
16971,524,2,25,36
17730,524,8,26,34
18493,524,6,27,26
19257,524,2,28,20
20026,524,2,29,18
20795,524,2,30,16
21566,524,1,31,14
22338,524,1,32,13
23116,524,1,33,12
23895,524,1,34,11
24675,524,2,35,10
25456,524,6,36,8
26237,524,1,37,2
27018,524,1,38,1
523,525,2,1,106
1139,525,3,2,104
1767,525,2,3,101
2415,525,2,4,99
3074,525,2,5,97
3735,525,1,6,95
4399,525,7,7,94
5065,525,4,8,87
5732,525,0,9,83
6402,525,0,10,83
7076,525,0,11,83
7754,525,0,12,83
8438,525,0,13,83
9128,525,2,14,83
9821,525,7,15,81
10514,525,3,16,74
11215,525,9,17,71
11916,525,3,18,62
12621,525,2,19,59
13330,525,2,20,57
14041,525,2,21,55
14765,525,2,22,53
15494,525,2,23,51
16229,525,2,24,49
16972,525,2,25,47
17731,525,3,26,45
18494,525,6,27,42
19258,525,2,28,36
20027,525,2,29,34
20796,525,0,30,32
21567,525,4,31,32
22339,525,2,32,28
23117,525,3,33,26
23896,525,7,34,23
24676,525,1,35,16
25457,525,6,36,15
26238,525,2,37,9
27019,525,7,38,7
524,526,0,1,12
1140,526,0,2,12
1768,526,0,3,12
2416,526,0,4,12
3075,526,0,5,12
3736,526,0,6,12
4400,526,1,7,12
5066,526,0,8,11
5733,526,0,9,11
6403,526,0,10,11
7077,526,1,11,11
7755,526,0,12,10
8439,526,0,13,10
9129,526,0,14,10
9822,526,0,15,10
10515,526,0,16,10
11216,526,0,17,10
11917,526,0,18,10
12622,526,1,19,10
13331,526,1,20,9
14042,526,0,21,8
14766,526,1,22,8
15495,526,0,23,7
16230,526,1,24,7
16973,526,1,25,6
17732,526,0,26,5
18495,526,0,27,5
19259,526,0,28,5
20028,526,0,29,5
20797,526,1,30,5
21568,526,1,31,4
22340,526,1,32,3
23118,526,1,33,2
23897,526,0,34,1
24677,526,0,35,1
25458,526,0,36,1
26239,526,1,37,1
27020,526,0,38,0
525,527,6,1,80
1141,527,3,2,74
1769,527,2,3,71
2417,527,1,4,69
3076,527,2,5,68
3737,527,2,6,66
4401,527,8,7,64
5067,527,1,8,56
5734,527,0,9,55
6404,527,1,10,55
7078,527,3,11,54
7756,527,3,12,51
8440,527,5,13,48
9130,527,1,14,43
9823,527,1,15,42
10516,527,10,16,41
11217,527,1,17,31
11918,527,0,18,30
12623,527,2,19,30
13332,527,2,20,28
14043,527,7,21,26
14767,527,1,22,19
15496,527,2,23,18
16231,527,0,24,16
16974,527,2,25,16
17733,527,0,26,14
18496,527,0,27,14
19260,527,1,28,14
20029,527,2,29,13
20798,527,2,30,11
21569,527,2,31,9
22341,527,1,32,7
23119,527,2,33,6
23898,527,2,34,4
24678,527,1,35,2
25459,527,0,36,1
26240,527,0,37,1
27021,527,1,38,1
526,528,1,1,45
1142,528,8,2,44
1770,528,1,3,36
2418,528,2,4,35
3077,528,1,5,33
3738,528,1,6,32
4402,528,0,7,31
5068,528,1,8,31
5735,528,0,9,30
6405,528,1,10,30
7079,528,0,11,29
7757,528,1,12,29
8441,528,0,13,28
9131,528,1,14,28
9824,528,2,15,27
10517,528,2,16,25
11218,528,0,17,23
11919,528,8,18,23
12624,528,0,19,15
13333,528,0,20,15
14044,528,1,21,15
14768,528,-2,22,14
15497,528,0,23,16
16232,528,1,24,16
16975,528,2,25,15
17734,528,1,26,13
18497,528,1,27,12
19261,528,1,28,11
20030,528,2,29,10
20799,528,1,30,8
21570,528,1,31,7
22342,528,1,32,6
23120,528,1,33,5
23899,528,0,34,4
24679,528,1,35,4
25460,528,1,36,3
26241,528,0,37,2
27022,528,2,38,2
527,529,0,1,0
1143,529,0,2,0
1771,529,0,3,0
2419,529,0,4,0
3078,529,0,5,0
3739,529,0,6,0
4403,529,0,7,0
5069,529,0,8,0
5736,529,0,9,0
6406,529,0,10,0
7080,529,0,11,0
7758,529,0,12,0
8442,529,0,13,0
9132,529,0,14,0
9825,529,0,15,0
10518,529,0,16,0
11219,529,0,17,0
11920,529,0,18,0
12625,529,0,19,0
13334,529,0,20,0
14045,529,0,21,0
14769,529,0,22,0
15498,529,0,23,0
16233,529,0,24,0
16976,529,0,25,0
17735,529,0,26,0
18498,529,0,27,0
19262,529,0,28,0
20031,529,0,29,0
20800,529,0,30,0
21571,529,0,31,0
22343,529,0,32,0
23121,529,0,33,0
23900,529,0,34,0
24680,529,0,35,0
25461,529,0,36,0
26242,529,0,37,0
27023,529,0,38,0
528,530,5,1,126
1144,530,8,2,121
1772,530,1,3,113
2420,530,1,4,112
3079,530,0,5,111
3740,530,10,6,111
4404,530,2,7,101
5070,530,1,8,99
5737,530,1,9,98
6407,530,0,10,97
7081,530,3,11,97
7759,530,10,12,94
8443,530,1,13,84
9133,530,2,14,83
9826,530,9,15,81
10519,530,2,16,72
11220,530,2,17,70
11921,530,2,18,68
12626,530,0,19,66
13335,530,5,20,66
14046,530,6,21,61
14770,530,2,22,55
15499,530,1,23,53
16234,530,2,24,52
16977,530,0,25,50
17736,530,3,26,50
18499,530,10,27,47
19263,530,2,28,37
20032,530,10,29,35
20801,530,1,30,25
21572,530,1,31,24
22344,530,0,32,23
23122,530,1,33,23
23901,530,7,34,22
24681,530,2,35,15
25462,530,10,36,13
26243,530,1,37,3
27024,530,2,38,2
529,531,1,1,51
1145,531,0,2,50
1773,531,0,3,50
2421,531,3,4,50
3080,531,1,5,47
3741,531,2,6,46
4405,531,-1,7,44
5071,531,0,8,45
5738,531,0,9,45
6408,531,0,10,45
7082,531,1,11,45
7760,531,2,12,44
8444,531,0,13,42
9134,531,0,14,42
9827,531,0,15,42
10520,531,0,16,42
11221,531,0,17,42
11922,531,1,18,42
12627,531,1,19,41
13336,531,4,20,40
14047,531,0,21,36
14771,531,0,22,36
15500,531,0,23,36
16235,531,0,24,36
16978,531,1,25,36
17737,531,2,26,35
18500,531,3,27,33
19264,531,2,28,30
20033,531,2,29,28
20802,531,2,30,26
21573,531,4,31,24
22345,531,2,32,20
23123,531,3,33,18
23902,531,1,34,15
24682,531,1,35,14
25463,531,3,36,13
26244,531,1,37,10
27025,531,9,38,9
530,532,0,1,0
1146,532,0,2,0
1774,532,0,3,0
2422,532,0,4,0
3081,532,0,5,0
3742,532,0,6,0
4406,532,0,7,0
5072,532,0,8,0
5739,532,0,9,0
6409,532,0,10,0
7083,532,0,11,0
7761,532,0,12,0
8445,532,0,13,0
9135,532,0,14,0
9828,532,0,15,0
10521,532,0,16,0
11222,532,0,17,0
11923,532,0,18,0
12628,532,0,19,0
13337,532,0,20,0
14048,532,0,21,0
14772,532,0,22,0
15501,532,0,23,0
16236,532,0,24,0
16979,532,0,25,0
17738,532,0,26,0
18501,532,0,27,0
19265,532,0,28,0
20034,532,0,29,0
20803,532,0,30,0
21574,532,0,31,0
22346,532,0,32,0
23124,532,0,33,0
23903,532,0,34,0
24683,532,0,35,0
25464,532,0,36,0
26245,532,0,37,0
27026,532,0,38,0
531,533,1,1,125
1147,533,2,2,124
1775,533,1,3,122
2423,533,0,4,121
3082,533,0,5,121
3743,533,9,6,121
4407,533,9,7,112
5073,533,1,8,103
5740,533,6,9,102
6410,533,1,10,96
7084,533,6,11,95
7762,533,2,12,89
8446,533,0,13,87
9136,533,0,14,87
9829,533,4,15,87
10522,533,-2,16,83
11223,533,0,17,85
11924,533,6,18,85
12629,533,10,19,79
13338,533,1,20,69
14049,533,1,21,68
14773,533,1,22,67
15502,533,2,23,66
16237,533,7,24,64
16980,533,1,25,57
17739,533,6,26,56
18502,533,1,27,50
19266,533,2,28,49
20035,533,2,29,47
20804,533,8,30,45
21575,533,2,31,37
22347,533,14,32,35
23125,533,5,33,21
23904,533,11,34,16
24684,533,2,35,5
25465,533,1,36,3
26246,533,0,37,2
27027,533,2,38,2
532,534,0,1,1
1148,534,0,2,1
1776,534,0,3,1
2424,534,0,4,1
3083,534,0,5,1
3744,534,0,6,1
4408,534,0,7,1
5074,534,0,8,1
5741,534,0,9,1
6411,534,0,10,1
7085,534,0,11,1
7763,534,0,12,1
8447,534,0,13,1
9137,534,0,14,1
9830,534,0,15,1
10523,534,0,16,1
11224,534,0,17,1
11925,534,0,18,1
12630,534,0,19,1
13339,534,0,20,1
14050,534,0,21,1
14774,534,0,22,1
15503,534,0,23,1
16238,534,0,24,1
16981,534,0,25,1
17740,534,0,26,1
18503,534,0,27,1
19267,534,0,28,1
20036,534,0,29,1
20805,534,1,30,1
21576,534,0,31,0
22348,534,0,32,0
23126,534,0,33,0
23905,534,0,34,0
24685,534,0,35,0
25466,534,0,36,0
26247,534,0,37,0
27028,534,0,38,0
533,535,1,1,90
1149,535,2,2,89
1777,535,6,3,87
2425,535,3,4,81
3084,535,3,5,78
3745,535,1,6,75
4409,535,4,7,74
5075,535,1,8,70
5742,535,0,9,69
6412,535,1,10,69
7086,535,0,11,68
7764,535,2,12,68
8448,535,5,13,66
9138,535,0,14,61
9831,535,1,15,61
10524,535,2,16,60
11225,535,1,17,58
11926,535,1,18,57
12631,535,0,19,56
13340,535,1,20,56
14051,535,1,21,55
14775,535,1,22,54
15504,535,1,23,53
16239,535,11,24,52
16982,535,4,25,41
17741,535,3,26,37
18504,535,2,27,34
19268,535,5,28,32
20037,535,11,29,27
20806,535,3,30,16
21577,535,2,31,13
22349,535,1,32,11
23127,535,0,33,10
23906,535,1,34,10
24686,535,2,35,9
25467,535,1,36,7
26248,535,5,37,6
27029,535,1,38,1
534,536,0,1,9
1150,536,0,2,9
1778,536,0,3,9
2426,536,0,4,9
3085,536,0,5,9
3746,536,0,6,9
4410,536,0,7,9
5076,536,0,8,9
5743,536,0,9,9
6413,536,0,10,9
7087,536,0,11,9
7765,536,0,12,9
8449,536,0,13,9
9139,536,0,14,9
9832,536,0,15,9
10525,536,0,16,9
11226,536,0,17,9
11927,536,0,18,9
12632,536,0,19,9
13341,536,0,20,9
14052,536,0,21,9
14776,536,0,22,9
15505,536,0,23,9
16240,536,0,24,9
16983,536,0,25,9
17742,536,0,26,9
18505,536,0,27,9
19269,536,0,28,9
20038,536,0,29,9
20807,536,0,30,9
21578,536,0,31,9
22350,536,0,32,9
23128,536,7,33,9
23907,536,0,34,2
24687,536,0,35,2
25468,536,0,36,2
26249,536,2,37,2
27030,536,0,38,0
535,537,1,1,1
1151,537,0,2,0
1779,537,0,3,0
2427,537,0,4,0
3086,537,0,5,0
3747,537,0,6,0
4411,537,0,7,0
5077,537,0,8,0
5744,537,0,9,0
6414,537,0,10,0
7088,537,0,11,0
7766,537,0,12,0
8450,537,0,13,0
9140,537,0,14,0
9833,537,0,15,0
10526,537,0,16,0
11227,537,0,17,0
11928,537,0,18,0
12633,537,0,19,0
13342,537,0,20,0
14053,537,0,21,0
14777,537,0,22,0
15506,537,0,23,0
16241,537,0,24,0
16984,537,0,25,0
17743,537,0,26,0
18506,537,0,27,0
19270,537,0,28,0
20039,537,0,29,0
20808,537,0,30,0
21579,537,0,31,0
22351,537,0,32,0
23129,537,0,33,0
23908,537,0,34,0
24688,537,0,35,0
25469,537,0,36,0
26250,537,0,37,0
27031,537,0,38,0
536,538,0,1,0
1152,538,0,2,0
1780,538,0,3,0
2428,538,0,4,0
3087,538,0,5,0
3748,538,0,6,0
4412,538,0,7,0
5078,538,0,8,0
5745,538,0,9,0
6415,538,0,10,0
7089,538,0,11,0
7767,538,0,12,0
8451,538,0,13,0
9141,538,0,14,0
9834,538,0,15,0
10527,538,0,16,0
11228,538,0,17,0
11929,538,0,18,0
12634,538,0,19,0
13343,538,0,20,0
14054,538,0,21,0
14778,538,0,22,0
15507,538,0,23,0
16242,538,0,24,0
16985,538,0,25,0
17744,538,0,26,0
18507,538,0,27,0
19271,538,0,28,0
20040,538,0,29,0
20809,538,0,30,0
21580,538,0,31,0
22352,538,0,32,0
23130,538,0,33,0
23909,538,0,34,0
24689,538,0,35,0
25470,538,0,36,0
26251,538,0,37,0
27032,538,0,38,0
537,539,0,1,0
1153,539,0,2,0
1781,539,0,3,0
2429,539,0,4,0
3088,539,0,5,0
3749,539,0,6,0
4413,539,0,7,0
5079,539,0,8,0
5746,539,0,9,0
6416,539,0,10,0
7090,539,0,11,0
7768,539,0,12,0
8452,539,0,13,0
9142,539,0,14,0
9835,539,0,15,0
10528,539,0,16,0
11229,539,0,17,0
11930,539,0,18,0
12635,539,0,19,0
13344,539,0,20,0
14055,539,0,21,0
14779,539,0,22,0
15508,539,0,23,0
16243,539,0,24,0
16986,539,0,25,0
17745,539,0,26,0
18508,539,0,27,0
19272,539,0,28,0
20041,539,0,29,0
20810,539,0,30,0
21581,539,0,31,0
22353,539,0,32,0
23131,539,0,33,0
23910,539,0,34,0
24690,539,0,35,0
25471,539,0,36,0
26252,539,0,37,0
27033,539,0,38,0
538,540,0,1,0
1154,540,0,2,0
1782,540,0,3,0
2430,540,0,4,0
3089,540,0,5,0
3750,540,0,6,0
4414,540,0,7,0
5080,540,0,8,0
5747,540,0,9,0
6417,540,0,10,0
7091,540,0,11,0
7769,540,0,12,0
8453,540,0,13,0
9143,540,0,14,0
9836,540,0,15,0
10529,540,0,16,0
11230,540,0,17,0
11931,540,0,18,0
12636,540,0,19,0
13345,540,0,20,0
14056,540,0,21,0
14780,540,0,22,0
15509,540,0,23,0
16244,540,0,24,0
16987,540,0,25,0
17746,540,0,26,0
18509,540,0,27,0
19273,540,0,28,0
20042,540,0,29,0
20811,540,0,30,0
21582,540,0,31,0
22354,540,0,32,0
23132,540,0,33,0
23911,540,0,34,0
24691,540,0,35,0
25472,540,0,36,0
26253,540,0,37,0
27034,540,0,38,0
539,541,1,1,178
1155,541,6,2,177
1783,541,2,3,171
2431,541,2,4,169
3090,541,8,5,167
3751,541,2,6,159
4415,541,9,7,157
5081,541,2,8,148
5748,541,9,9,146
6418,541,6,10,137
7092,541,12,11,131
7770,541,16,12,119
8454,541,2,13,103
9144,541,2,14,101
9837,541,1,15,99
10530,541,9,16,98
11231,541,9,17,89
11932,541,12,18,80
12637,541,1,19,68
13346,541,0,20,67
14057,541,1,21,67
14781,541,2,22,66
15510,541,2,23,64
16245,541,7,24,62
16988,541,9,25,55
17747,541,9,26,46
18510,541,2,27,37
19274,541,0,28,35
20043,541,0,29,35
20812,541,0,30,35
21583,541,0,31,35
22355,541,7,32,35
23133,541,8,33,28
23912,541,15,34,20
24692,541,2,35,5
25473,541,0,36,3
26254,541,1,37,3
27035,541,2,38,2
540,542,1,1,17
1156,542,1,2,16
1784,542,2,3,15
2432,542,1,4,13
3091,542,1,5,12
3752,542,0,6,11
4416,542,-1,7,11
5082,542,1,8,12
5749,542,4,9,11
6419,542,1,10,7
7093,542,7,11,6
7771,542,0,12,-1
8455,542,0,13,-1
9145,542,-4,14,-1
9838,542,0,15,3
10531,542,0,16,3
11232,542,1,17,3
11933,542,1,18,2
12638,542,1,19,1
13347,542,0,20,0
14058,542,0,21,0
14782,542,0,22,0
15511,542,0,23,0
16246,542,0,24,0
16989,542,0,25,0
17748,542,0,26,0
18511,542,0,27,0
19275,542,0,28,0
20044,542,0,29,0
20813,542,0,30,0
21584,542,0,31,0
22356,542,0,32,0
23134,542,0,33,0
23913,542,0,34,0
24693,542,0,35,0
25474,542,0,36,0
26255,542,0,37,0
27036,542,0,38,0
541,543,1,1,75
1157,543,-1,2,74
1785,543,1,3,75
2433,543,1,4,74
3092,543,0,5,73
3753,543,0,6,73
4417,543,0,7,73
5083,543,0,8,73
5750,543,0,9,73
6420,543,0,10,73
7094,543,1,11,73
7772,543,1,12,72
8456,543,0,13,71
9146,543,0,14,71
9839,543,6,15,71
10532,543,0,16,65
11233,543,10,17,65
11934,543,6,18,55
12639,543,1,19,49
13348,543,1,20,48
14059,543,0,21,47
14783,543,7,22,47
15512,543,2,23,40
16247,543,6,24,38
16990,543,0,25,32
17749,543,5,26,32
18512,543,1,27,27
19276,543,2,28,26
20045,543,2,29,24
20814,543,7,30,22
21585,543,2,31,15
22357,543,1,32,13
23135,543,1,33,12
23914,543,6,34,11
24694,543,2,35,5
25475,543,1,36,3
26256,543,0,37,2
27037,543,2,38,2
542,544,0,1,28
1158,544,1,2,28
1786,544,1,3,27
2434,544,1,4,26
3093,544,1,5,25
3754,544,1,6,24
4418,544,0,7,23
5084,544,1,8,23
5751,544,5,9,22
6421,544,2,10,17
7095,544,0,11,15
7773,544,1,12,15
8457,544,0,13,14
9147,544,1,14,14
9840,544,1,15,13
10533,544,1,16,12
11234,544,1,17,11
11935,544,1,18,10
12640,544,1,19,9
13349,544,0,20,8
14060,544,1,21,8
14784,544,0,22,7
15513,544,1,23,7
16248,544,1,24,6
16991,544,1,25,5
17750,544,1,26,4
18513,544,1,27,3
19277,544,1,28,2
20046,544,1,29,1
20815,544,0,30,0
21586,544,0,31,0
22358,544,0,32,0
23136,544,0,33,0
23915,544,0,34,0
24695,544,0,35,0
25476,544,0,36,0
26257,544,0,37,0
27038,544,0,38,0
543,545,0,1,0
1159,545,0,2,0
1787,545,0,3,0
2435,545,0,4,0
3094,545,0,5,0
3755,545,0,6,0
4419,545,0,7,0
5085,545,0,8,0
5752,545,0,9,0
6422,545,0,10,0
7096,545,0,11,0
7774,545,0,12,0
8458,545,0,13,0
9148,545,0,14,0
9841,545,0,15,0
10534,545,0,16,0
11235,545,0,17,0
11936,545,0,18,0
12641,545,0,19,0
13350,545,0,20,0
14061,545,0,21,0
14785,545,0,22,0
15514,545,0,23,0
16249,545,0,24,0
16992,545,0,25,0
17751,545,0,26,0
18514,545,0,27,0
19278,545,0,28,0
20047,545,0,29,0
20816,545,0,30,0
21587,545,0,31,0
22359,545,0,32,0
23137,545,0,33,0
23916,545,0,34,0
24696,545,0,35,0
25477,545,0,36,0
26258,545,0,37,0
27039,545,0,38,0
544,546,0,1,0
1160,546,0,2,0
1788,546,0,3,0
2436,546,0,4,0
3095,546,0,5,0
3756,546,0,6,0
4420,546,0,7,0
5086,546,0,8,0
5753,546,0,9,0
6423,546,0,10,0
7097,546,0,11,0
7775,546,0,12,0
8459,546,0,13,0
9149,546,0,14,0
9842,546,0,15,0
10535,546,0,16,0
11236,546,0,17,0
11937,546,0,18,0
12642,546,0,19,0
13351,546,0,20,0
14062,546,0,21,0
14786,546,0,22,0
15515,546,0,23,0
16250,546,0,24,0
16993,546,0,25,0
17752,546,0,26,0
18515,546,0,27,0
19279,546,0,28,0
20048,546,0,29,0
20817,546,0,30,0
21588,546,0,31,0
22360,546,0,32,0
23138,546,0,33,0
23917,546,0,34,0
24697,546,0,35,0
25478,546,0,36,0
26259,546,0,37,0
27040,546,0,38,0
545,547,0,1,0
1161,547,0,2,0
1789,547,0,3,0
2437,547,0,4,0
3096,547,0,5,0
3757,547,0,6,0
4421,547,0,7,0
5087,547,0,8,0
5754,547,0,9,0
6424,547,0,10,0
7098,547,0,11,0
7776,547,0,12,0
8460,547,0,13,0
9150,547,0,14,0
9843,547,0,15,0
10536,547,0,16,0
11237,547,0,17,0
11938,547,0,18,0
12643,547,0,19,0
13352,547,0,20,0
14063,547,0,21,0
14787,547,0,22,0
15516,547,0,23,0
16251,547,0,24,0
16994,547,0,25,0
17753,547,0,26,0
18516,547,0,27,0
19280,547,0,28,0
20049,547,0,29,0
20818,547,0,30,0
21589,547,0,31,0
22361,547,0,32,0
23139,547,0,33,0
23918,547,0,34,0
24698,547,0,35,0
25479,547,0,36,0
26260,547,0,37,0
27041,547,0,38,0
546,548,0,1,62
1162,548,0,2,62
1790,548,1,3,62
2438,548,1,4,61
3097,548,1,5,60
3758,548,0,6,59
4422,548,1,7,59
5088,548,1,8,58
5755,548,1,9,57
6425,548,3,10,56
7099,548,1,11,53
7777,548,6,12,52
8461,548,4,13,46
9151,548,1,14,42
9844,548,1,15,41
10537,548,4,16,40
11238,548,13,17,36
11939,548,3,18,23
12644,548,1,19,20
13353,548,2,20,19
14064,548,2,21,17
14788,548,1,22,15
15517,548,1,23,14
16252,548,3,24,13
16995,548,1,25,10
17754,548,0,26,9
18517,548,0,27,9
19281,548,1,28,9
20050,548,1,29,8
20819,548,0,30,7
21590,548,0,31,7
22362,548,0,32,7
23140,548,0,33,7
23919,548,1,34,7
24699,548,1,35,6
25480,548,1,36,5
26261,548,2,37,4
27042,548,2,38,2
547,549,0,1,0
1163,549,0,2,0
1791,549,0,3,0
2439,549,0,4,0
3098,549,0,5,0
3759,549,0,6,0
4423,549,0,7,0
5089,549,0,8,0
5756,549,0,9,0
6426,549,0,10,0
7100,549,0,11,0
7778,549,0,12,0
8462,549,0,13,0
9152,549,0,14,0
9845,549,0,15,0
10538,549,0,16,0
11239,549,0,17,0
11940,549,0,18,0
12645,549,0,19,0
13354,549,0,20,0
14065,549,0,21,0
14789,549,0,22,0
15518,549,0,23,0
16253,549,0,24,0
16996,549,0,25,0
17755,549,0,26,0
18518,549,0,27,0
19282,549,0,28,0
20051,549,0,29,0
20820,549,0,30,0
21591,549,0,31,0
22363,549,0,32,0
23141,549,0,33,0
23920,549,0,34,0
24700,549,0,35,0
25481,549,0,36,0
26262,549,0,37,0
27043,549,0,38,0
548,550,2,1,37
1164,550,1,2,35
1792,550,1,3,34
2440,550,1,4,33
3099,550,0,5,32
3760,550,1,6,32
4424,550,1,7,31
5090,550,0,8,30
5757,550,0,9,30
6427,550,0,10,30
7101,550,0,11,30
7779,550,1,12,30
8463,550,1,13,29
9153,550,1,14,28
9846,550,0,15,27
10539,550,1,16,27
11240,550,1,17,26
11941,550,6,18,25
12646,550,7,19,19
13355,550,2,20,12
14066,550,1,21,10
14790,550,0,22,9
15519,550,1,23,9
16254,550,4,24,8
16997,550,0,25,4
17756,550,0,26,4
18519,550,0,27,4
19283,550,1,28,4
20052,550,0,29,3
20821,550,0,30,3
21592,550,0,31,3
22364,550,1,32,3
23142,550,0,33,2
23921,550,0,34,2
24701,550,1,35,2
25482,550,0,36,1
26263,550,1,37,1
27044,550,0,38,0
549,551,0,1,0
1165,551,0,2,0
1793,551,0,3,0
2441,551,0,4,0
3100,551,0,5,0
3761,551,0,6,0
4425,551,0,7,0
5091,551,0,8,0
5758,551,0,9,0
6428,551,0,10,0
7102,551,0,11,0
7780,551,0,12,0
8464,551,0,13,0
9154,551,0,14,0
9847,551,0,15,0
10540,551,0,16,0
11241,551,0,17,0
11942,551,0,18,0
12647,551,0,19,0
13356,551,0,20,0
14067,551,0,21,0
14791,551,0,22,0
15520,551,0,23,0
16255,551,0,24,0
16998,551,0,25,0
17757,551,0,26,0
18520,551,0,27,0
19284,551,0,28,0
20053,551,0,29,0
20822,551,0,30,0
21593,551,0,31,0
22365,551,0,32,0
23143,551,0,33,0
23922,551,0,34,0
24702,551,0,35,0
25483,551,0,36,0
26264,551,0,37,0
27045,551,0,38,0
550,552,0,1,0
1166,552,0,2,0
1794,552,0,3,0
2442,552,0,4,0
3101,552,0,5,0
3762,552,0,6,0
4426,552,0,7,0
5092,552,0,8,0
5759,552,0,9,0
6429,552,0,10,0
7103,552,0,11,0
7781,552,0,12,0
8465,552,0,13,0
9155,552,0,14,0
9848,552,0,15,0
10541,552,0,16,0
11242,552,0,17,0
11943,552,0,18,0
12648,552,0,19,0
13357,552,0,20,0
14068,552,0,21,0
14792,552,0,22,0
15521,552,0,23,0
16256,552,0,24,0
16999,552,0,25,0
17758,552,0,26,0
18521,552,0,27,0
19285,552,0,28,0
20054,552,0,29,0
20823,552,0,30,0
21594,552,0,31,0
22366,552,0,32,0
23144,552,0,33,0
23923,552,0,34,0
24703,552,0,35,0
25484,552,0,36,0
26265,552,0,37,0
27046,552,0,38,0
551,553,1,1,87
1167,553,2,2,86
1795,553,0,3,84
2443,553,2,4,84
3102,553,1,5,82
3763,553,2,6,81
4427,553,2,7,79
5093,553,1,8,77
5760,553,2,9,76
6430,553,10,10,74
7104,553,3,11,64
7782,553,12,12,61
8466,553,2,13,49
9156,553,2,14,47
9849,553,1,15,45
10542,553,0,16,44
11243,553,3,17,44
11944,553,2,18,41
12649,553,2,19,39
13358,553,2,20,37
14069,553,2,21,35
14793,553,4,22,33
15522,553,-1,23,29
16257,553,0,24,30
17000,553,2,25,30
17759,553,0,26,28
18522,553,7,27,28
19286,553,2,28,21
20055,553,2,29,19
20824,553,2,30,17
21595,553,2,31,15
22367,553,2,32,13
23145,553,3,33,11
23924,553,3,34,8
24704,553,2,35,5
25485,553,1,36,3
26266,553,1,37,2
27047,553,1,38,1
552,554,2,1,93
1168,554,-1,2,91
1796,554,0,3,92
2444,554,0,4,92
3103,554,0,5,92
3764,554,0,6,92
4428,554,0,7,92
5094,554,2,8,92
5761,554,2,9,90
6431,554,2,10,88
7105,554,6,11,86
7783,554,2,12,80
8467,554,0,13,78
9157,554,0,14,78
9850,554,0,15,78
10543,554,0,16,78
11244,554,7,17,78
11945,554,8,18,71
12650,554,6,19,63
13359,554,1,20,57
14070,554,1,21,56
14794,554,2,22,55
15523,554,2,23,53
16258,554,7,24,51
17001,554,1,25,44
17760,554,9,26,43
18523,554,2,27,34
19287,554,3,28,32
20056,554,2,29,29
20825,554,5,30,27
21596,554,2,31,22
22368,554,1,32,20
23146,554,0,33,19
23925,554,12,34,19
24705,554,2,35,7
25486,554,1,36,5
26267,554,0,37,4
27048,554,4,38,4
553,555,0,1,0
1169,555,0,2,0
1797,555,0,3,0
2445,555,0,4,0
3104,555,0,5,0
3765,555,0,6,0
4429,555,0,7,0
5095,555,0,8,0
5762,555,0,9,0
6432,555,0,10,0
7106,555,0,11,0
7784,555,0,12,0
8468,555,0,13,0
9158,555,0,14,0
9851,555,0,15,0
10544,555,0,16,0
11245,555,0,17,0
11946,555,0,18,0
12651,555,0,19,0
13360,555,0,20,0
14071,555,0,21,0
14795,555,0,22,0
15524,555,0,23,0
16259,555,0,24,0
17002,555,0,25,0
17761,555,0,26,0
18524,555,0,27,0
19288,555,0,28,0
20057,555,0,29,0
20826,555,0,30,0
21597,555,0,31,0
22369,555,0,32,0
23147,555,0,33,0
23926,555,0,34,0
24706,555,0,35,0
25487,555,0,36,0
26268,555,0,37,0
27049,555,0,38,0
554,556,0,1,1
1170,556,0,2,1
1798,556,0,3,1
2446,556,0,4,1
3105,556,0,5,1
3766,556,0,6,1
4430,556,0,7,1
5096,556,0,8,1
5763,556,0,9,1
6433,556,0,10,1
7107,556,0,11,1
7785,556,0,12,1
8469,556,0,13,1
9159,556,0,14,1
9852,556,0,15,1
10545,556,0,16,1
11246,556,0,17,1
11947,556,0,18,1
12652,556,0,19,1
13361,556,0,20,1
14072,556,0,21,1
14796,556,0,22,1
15525,556,0,23,1
16260,556,0,24,1
17003,556,0,25,1
17762,556,0,26,1
18525,556,0,27,1
19289,556,0,28,1
20058,556,0,29,1
20827,556,0,30,1
21598,556,0,31,1
22370,556,0,32,1
23148,556,0,33,1
23927,556,0,34,1
24707,556,0,35,1
25488,556,0,36,1
26269,556,0,37,1
27050,556,1,38,1
555,557,2,1,47
1171,557,2,2,45
1799,557,5,3,43
2447,557,10,4,38
3106,557,1,5,28
3767,557,2,6,27
4431,557,2,7,25
5097,557,2,8,23
5764,557,1,9,21
6434,557,1,10,20
7108,557,6,11,19
7786,557,6,12,13
8470,557,1,13,7
9160,557,2,14,6
9853,557,1,15,4
10546,557,2,16,3
11247,557,0,17,1
11948,557,0,18,1
12653,557,0,19,1
13362,557,1,20,1
14073,557,0,21,0
14797,557,0,22,0
15526,557,0,23,0
16261,557,0,24,0
17004,557,0,25,0
17763,557,0,26,0
18526,557,0,27,0
19290,557,0,28,0
20059,557,0,29,0
20828,557,0,30,0
21599,557,0,31,0
22371,557,0,32,0
23149,557,0,33,0
23928,557,0,34,0
24708,557,0,35,0
25489,557,0,36,0
26270,557,0,37,0
27051,557,0,38,0
556,558,1,1,3
1172,558,-2,2,2
1800,558,2,3,4
2448,558,1,4,2
3107,558,1,5,1
3768,558,0,6,0
4432,558,0,7,0
5098,558,0,8,0
5765,558,0,9,0
6435,558,0,10,0
7109,558,0,11,0
7787,558,0,12,0
8471,558,0,13,0
9161,558,0,14,0
9854,558,0,15,0
10547,558,0,16,0
11248,558,0,17,0
11949,558,0,18,0
12654,558,0,19,0
13363,558,0,20,0
14074,558,0,21,0
14798,558,0,22,0
15527,558,0,23,0
16262,558,0,24,0
17005,558,0,25,0
17764,558,0,26,0
18527,558,0,27,0
19291,558,0,28,0
20060,558,0,29,0
20829,558,0,30,0
21600,558,0,31,0
22372,558,0,32,0
23150,558,0,33,0
23929,558,0,34,0
24709,558,0,35,0
25490,558,0,36,0
26271,558,0,37,0
27052,558,0,38,0
557,559,0,1,84
1173,559,0,2,84
1801,559,2,3,84
2449,559,1,4,82
3108,559,0,5,81
3769,559,1,6,81
4433,559,2,7,80
5099,559,3,8,78
5766,559,1,9,75
6436,559,1,10,74
7110,559,6,11,73
7788,559,2,12,67
8472,559,-1,13,65
9162,559,0,14,66
9855,559,1,15,66
10548,559,1,16,65
11249,559,9,17,64
11950,559,6,18,55
12655,559,0,19,49
13364,559,0,20,49
14075,559,1,21,49
14799,559,0,22,48
15528,559,2,23,48
16263,559,6,24,46
17006,559,1,25,40
17765,559,6,26,39
18528,559,4,27,33
19292,559,2,28,29
20061,559,2,29,27
20830,559,6,30,25
21601,559,2,31,19
22373,559,1,32,17
23151,559,6,33,16
23930,559,6,34,10
24710,559,2,35,4
25491,559,1,36,2
26272,559,0,37,1
27053,559,1,38,1
558,560,1,1,104
1174,560,4,2,103
1802,560,0,3,99
2450,560,1,4,99
3109,560,1,5,98
3770,560,1,6,97
4434,560,0,7,96
5100,560,1,8,96
5767,560,5,9,95
6437,560,2,10,90
7111,560,9,11,88
7789,560,0,12,79
8473,560,3,13,79
9163,560,0,14,76
9856,560,1,15,76
10549,560,0,16,75
11250,560,3,17,75
11951,560,1,18,72
12656,560,1,19,71
13365,560,2,20,70
14076,560,1,21,68
14800,560,2,22,67
15529,560,1,23,65
16264,560,7,24,64
17007,560,2,25,57
17766,560,5,26,55
18529,560,11,27,50
19293,560,3,28,39
20062,560,1,29,36
20831,560,2,30,35
21602,560,1,31,33
22374,560,3,32,32
23152,560,10,33,29
23931,560,3,34,19
24711,560,5,35,16
25492,560,2,36,11
26273,560,3,37,9
27054,560,6,38,6
559,561,0,1,2
1175,561,0,2,2
1803,561,0,3,2
2451,561,0,4,2
3110,561,0,5,2
3771,561,0,6,2
4435,561,0,7,2
5101,561,0,8,2
5768,561,0,9,2
6438,561,0,10,2
7112,561,0,11,2
7790,561,0,12,2
8474,561,0,13,2
9164,561,0,14,2
9857,561,0,15,2
10550,561,0,16,2
11251,561,0,17,2
11952,561,0,18,2
12657,561,0,19,2
13366,561,0,20,2
14077,561,0,21,2
14801,561,0,22,2
15530,561,0,23,2
16265,561,0,24,2
17008,561,1,25,2
17767,561,1,26,1
18530,561,0,27,0
19294,561,0,28,0
20063,561,0,29,0
20832,561,0,30,0
21603,561,0,31,0
22375,561,0,32,0
23153,561,0,33,0
23932,561,0,34,0
24712,561,0,35,0
25493,561,0,36,0
26274,561,0,37,0
27055,561,0,38,0
560,562,1,1,2
1176,562,1,2,1
1804,562,0,3,0
2452,562,0,4,0
3111,562,0,5,0
3772,562,0,6,0
4436,562,0,7,0
5102,562,0,8,0
5769,562,0,9,0
6439,562,0,10,0
7113,562,0,11,0
7791,562,0,12,0
8475,562,0,13,0
9165,562,0,14,0
9858,562,0,15,0
10551,562,0,16,0
11252,562,0,17,0
11953,562,0,18,0
12658,562,0,19,0
13367,562,0,20,0
14078,562,0,21,0
14802,562,0,22,0
15531,562,0,23,0
16266,562,0,24,0
17009,562,0,25,0
17768,562,0,26,0
18531,562,0,27,0
19295,562,0,28,0
20064,562,0,29,0
20833,562,0,30,0
21604,562,0,31,0
22376,562,0,32,0
23154,562,0,33,0
23933,562,0,34,0
24713,562,0,35,0
25494,562,0,36,0
26275,562,0,37,0
27056,562,0,38,0
561,563,2,1,42
1177,563,1,2,40
1805,563,0,3,39
2453,563,0,4,39
3112,563,1,5,39
3773,563,0,6,38
4437,563,0,7,38
5103,563,0,8,38
5770,563,1,9,38
6440,563,0,10,37
7114,563,1,11,37
7792,563,2,12,36
8476,563,1,13,34
9166,563,1,14,33
9859,563,1,15,32
10552,563,0,16,31
11253,563,8,17,31
11954,563,1,18,23
12659,563,1,19,22
13368,563,2,20,21
14079,563,2,21,19
14803,563,1,22,17
15532,563,1,23,16
16267,563,1,24,15
17010,563,0,25,14
17769,563,0,26,14
18532,563,0,27,14
19296,563,0,28,14
20065,563,0,29,14
20834,563,0,30,14
21605,563,1,31,14
22377,563,1,32,13
23155,563,1,33,12
23934,563,6,34,11
24714,563,1,35,5
25495,563,1,36,4
26276,563,2,37,3
27057,563,1,38,1
562,564,0,1,52
1178,564,0,2,52
1806,564,0,3,52
2454,564,0,4,52
3113,564,0,5,52
3774,564,1,6,52
4438,564,0,7,51
5104,564,1,8,51
5771,564,1,9,50
6441,564,1,10,49
7115,564,6,11,48
7793,564,0,12,42
8477,564,0,13,42
9167,564,0,14,42
9860,564,1,15,42
10553,564,1,16,41
11254,564,6,17,40
11955,564,6,18,34
12660,564,1,19,28
13369,564,1,20,27
14080,564,1,21,26
14804,564,1,22,25
15533,564,2,23,24
16268,564,1,24,22
17011,564,1,25,21
17770,564,7,26,20
18533,564,0,27,13
19297,564,1,28,13
20066,564,1,29,12
20835,564,1,30,11
21606,564,1,31,10
22378,564,0,32,9
23156,564,6,33,9
23935,564,1,34,3
24715,564,1,35,2
25496,564,0,36,1
26277,564,0,37,1
27058,564,1,38,1
563,565,1,1,50
1179,565,1,2,49
1807,565,0,3,48
2455,565,0,4,48
3114,565,0,5,48
3775,565,0,6,48
4439,565,0,7,48
5105,565,-1,8,48
5772,565,1,9,49
6442,565,2,10,48
7116,565,6,11,46
7794,565,0,12,40
8478,565,0,13,40
9168,565,0,14,40
9861,565,0,15,40
10554,565,0,16,40
11255,565,0,17,40
11956,565,0,18,40
12661,565,0,19,40
13370,565,1,20,40
14081,565,1,21,39
14805,565,2,22,38
15534,565,2,23,36
16269,565,5,24,34
17012,565,1,25,29
17771,565,1,26,28
18534,565,1,27,27
19298,565,1,28,26
20067,565,1,29,25
20836,565,1,30,24
21607,565,12,31,23
22379,565,1,32,11
23157,565,5,33,10
23936,565,1,34,5
24716,565,1,35,4
25497,565,1,36,3
26278,565,2,37,2
27059,565,0,38,0
564,566,2,1,145
1180,566,6,2,143
1808,566,2,3,137
2456,566,5,4,135
3115,566,2,5,130
3776,566,2,6,128
4440,566,6,7,126
5106,566,9,8,120
5773,566,1,9,111
6443,566,8,10,110
7117,566,2,11,102
7795,566,5,12,100
8479,566,11,13,95
9169,566,2,14,84
9862,566,2,15,82
10555,566,2,16,80
11256,566,2,17,78
11957,566,2,18,76
12662,566,6,19,74
13371,566,2,20,68
14082,566,2,21,66
14806,566,2,22,64
15535,566,1,23,62
16270,566,0,24,61
17013,566,0,25,61
17772,566,1,26,61
18535,566,1,27,60
19299,566,1,28,59
20068,566,13,29,58
20837,566,9,30,45
21608,566,6,31,36
22380,566,6,32,30
23158,566,2,33,24
23937,566,6,34,22
24717,566,0,35,16
25498,566,1,36,16
26279,566,11,37,15
27060,566,4,38,4
565,567,0,1,79
1181,567,2,2,79
1809,567,1,3,77
2457,567,0,4,76
3116,567,0,5,76
3777,567,1,6,76
4441,567,0,7,75
5107,567,0,8,75
5774,567,0,9,75
6444,567,2,10,75
7118,567,8,11,73
7796,567,2,12,65
8480,567,1,13,63
9170,567,1,14,62
9863,567,1,15,61
10556,567,1,16,60
11257,567,6,17,59
11958,567,8,18,53
12663,567,0,19,45
13372,567,0,20,45
14083,567,0,21,45
14807,567,0,22,45
15536,567,0,23,45
16271,567,7,24,45
17014,567,1,25,38
17773,567,6,26,37
18536,567,1,27,31
19300,567,2,28,30
20069,567,2,29,28
20838,567,6,30,26
21609,567,2,31,20
22381,567,0,32,18
23159,567,9,33,18
23938,567,5,34,9
24718,567,2,35,4
25499,567,1,36,2
26280,567,-1,37,1
27061,567,2,38,2
566,568,0,1,49
1182,568,0,2,49
1810,568,3,3,49
2458,568,11,4,46
3117,568,2,5,35
3778,568,1,6,33
4442,568,2,7,32
5108,568,3,8,30
5775,568,2,9,27
6445,568,2,10,25
7119,568,3,11,23
7797,568,3,12,20
8481,568,3,13,17
9171,568,2,14,14
9864,568,2,15,12
10557,568,5,16,10
11258,568,1,17,5
11959,568,3,18,4
12664,568,0,19,1
13373,568,0,20,1
14084,568,0,21,1
14808,568,0,22,1
15537,568,0,23,1
16272,568,1,24,1
17015,568,0,25,0
17774,568,0,26,0
18537,568,0,27,0
19301,568,0,28,0
20070,568,0,29,0
20839,568,0,30,0
21610,568,0,31,0
22382,568,0,32,0
23160,568,0,33,0
23939,568,0,34,0
24719,568,0,35,0
25500,568,0,36,0
26281,568,0,37,0
27062,568,0,38,0
567,569,0,1,37
1183,569,0,2,37
1811,569,0,3,37
2459,569,1,4,37
3118,569,0,5,36
3779,569,1,6,36
4443,569,3,7,35
5109,569,-2,8,32
5776,569,0,9,34
6446,569,1,10,34
7120,569,1,11,33
7798,569,1,12,32
8482,569,1,13,31
9172,569,1,14,30
9865,569,1,15,29
10558,569,0,16,28
11259,569,0,17,28
11960,569,0,18,28
12665,569,0,19,28
13374,569,0,20,28
14085,569,0,21,28
14809,569,1,22,28
15538,569,2,23,27
16273,569,1,24,25
17016,569,0,25,24
17775,569,2,26,24
18538,569,15,27,22
19302,569,3,28,7
20071,569,2,29,4
20840,569,0,30,2
21611,569,1,31,2
22383,569,1,32,1
23161,569,0,33,0
23940,569,0,34,0
24720,569,0,35,0
25501,569,0,36,0
26282,569,0,37,0
27063,569,0,38,0
568,570,8,1,26
1184,570,2,2,18
1812,570,2,3,16
2460,570,1,4,14
3119,570,1,5,13
3780,570,1,6,12
4444,570,1,7,11
5110,570,4,8,10
5777,570,2,9,6
6447,570,2,10,4
7121,570,2,11,2
7799,570,0,12,0
8483,570,0,13,0
9173,570,0,14,0
9866,570,0,15,0
10559,570,0,16,0
11260,570,0,17,0
11961,570,0,18,0
12666,570,0,19,0
13375,570,0,20,0
14086,570,0,21,0
14810,570,0,22,0
15539,570,0,23,0
16274,570,0,24,0
17017,570,0,25,0
17776,570,0,26,0
18539,570,0,27,0
19303,570,0,28,0
20072,570,0,29,0
20841,570,0,30,0
21612,570,0,31,0
22384,570,0,32,0
23162,570,0,33,0
23941,570,0,34,0
24721,570,0,35,0
25502,570,0,36,0
26283,570,0,37,0
27064,570,0,38,0
569,571,1,1,106
1185,571,9,2,105
1813,571,0,3,96
2461,571,1,4,96
3120,571,7,5,95
3781,571,1,6,88
4445,571,0,7,87
5111,571,1,8,87
5778,571,6,9,86
6448,571,0,10,80
7122,571,3,11,80
7800,571,2,12,77
8484,571,1,13,75
9174,571,1,14,74
9867,571,2,15,73
10560,571,1,16,71
11261,571,1,17,70
11962,571,3,18,69
12667,571,14,19,66
13376,571,13,20,52
14087,571,5,21,39
14811,571,0,22,34
15540,571,0,23,34
16275,571,5,24,34
17018,571,6,25,29
17777,571,2,26,23
18540,571,3,27,21
19304,571,3,28,18
20073,571,0,29,15
20842,571,9,30,15
21613,571,0,31,6
22385,571,1,32,6
23163,571,3,33,5
23942,571,0,34,2
24722,571,0,35,2
25503,571,1,36,2
26284,571,0,37,1
27065,571,1,38,1
570,572,0,1,22
1186,572,0,2,22
1814,572,0,3,22
2462,572,0,4,22
3121,572,0,5,22
3782,572,0,6,22
4446,572,0,7,22
5112,572,0,8,22
5779,572,0,9,22
6449,572,0,10,22
7123,572,0,11,22
7801,572,0,12,22
8485,572,0,13,22
9175,572,1,14,22
9868,572,1,15,21
10561,572,1,16,20
11262,572,0,17,19
11963,572,1,18,19
12668,572,1,19,18
13377,572,1,20,17
14088,572,2,21,16
14812,572,0,22,14
15541,572,1,23,14
16276,572,1,24,13
17019,572,0,25,12
17778,572,1,26,12
18541,572,0,27,11
19305,572,1,28,11
20074,572,0,29,10
20843,572,2,30,10
21614,572,5,31,8
22386,572,-1,32,3
23164,572,1,33,4
23943,572,2,34,3
24723,572,0,35,1
25504,572,1,36,1
26285,572,0,37,0
27066,572,0,38,0
571,573,0,1,0
1187,573,0,2,0
1815,573,0,3,0
2463,573,0,4,0
3122,573,0,5,0
3783,573,0,6,0
4447,573,0,7,0
5113,573,0,8,0
5780,573,0,9,0
6450,573,0,10,0
7124,573,0,11,0
7802,573,0,12,0
8486,573,0,13,0
9176,573,0,14,0
9869,573,0,15,0
10562,573,0,16,0
11263,573,0,17,0
11964,573,0,18,0
12669,573,0,19,0
13378,573,0,20,0
14089,573,0,21,0
14813,573,0,22,0
15542,573,0,23,0
16277,573,0,24,0
17020,573,0,25,0
17779,573,0,26,0
18542,573,0,27,0
19306,573,0,28,0
20075,573,0,29,0
20844,573,0,30,0
21615,573,0,31,0
22387,573,0,32,0
23165,573,0,33,0
23944,573,0,34,0
24724,573,0,35,0
25505,573,0,36,0
26286,573,0,37,0
27067,573,0,38,0
572,574,0,1,145
1188,574,6,2,145
1816,574,2,3,139
2464,574,6,4,137
3123,574,1,5,131
3784,574,2,6,130
4448,574,5,7,128
5114,574,6,8,123
5781,574,1,9,117
6451,574,6,10,116
7125,574,1,11,110
7803,574,1,12,109
8487,574,6,13,108
9177,574,0,14,102
9870,574,7,15,102
10563,574,9,16,95
11264,574,6,17,86
11965,574,6,18,80
12670,574,6,19,74
13379,574,6,20,68
14090,574,2,21,62
14814,574,1,22,60
15543,574,0,23,59
16278,574,6,24,59
17021,574,1,25,53
17780,574,5,26,52
18543,574,5,27,47
19307,574,6,28,42
20076,574,11,29,36
20845,574,6,30,25
21616,574,1,31,19
22388,574,2,32,18
23166,574,2,33,16
23945,574,1,34,14
24725,574,2,35,13
25506,574,1,36,11
26287,574,8,37,10
27068,574,2,38,2
573,575,0,1,0
1189,575,0,2,0
1817,575,0,3,0
2465,575,0,4,0
3124,575,0,5,0
3785,575,0,6,0
4449,575,0,7,0
5115,575,0,8,0
5782,575,0,9,0
6452,575,0,10,0
7126,575,0,11,0
7804,575,0,12,0
8488,575,0,13,0
9178,575,0,14,0
9871,575,0,15,0
10564,575,0,16,0
11265,575,0,17,0
11966,575,0,18,0
12671,575,0,19,0
13380,575,0,20,0
14091,575,0,21,0
14815,575,0,22,0
15544,575,0,23,0
16279,575,0,24,0
17022,575,0,25,0
17781,575,0,26,0
18544,575,0,27,0
19308,575,0,28,0
20077,575,0,29,0
20846,575,0,30,0
21617,575,0,31,0
22389,575,0,32,0
23167,575,0,33,0
23946,575,0,34,0
24726,575,0,35,0
25507,575,0,36,0
26288,575,0,37,0
27069,575,0,38,0
574,576,0,1,9
1190,576,0,2,9
1818,576,0,3,9
2466,576,0,4,9
3125,576,1,5,9
3786,576,0,6,8
4450,576,0,7,8
5116,576,0,8,8
5783,576,0,9,8
6453,576,1,10,8
7127,576,0,11,7
7805,576,1,12,7
8489,576,1,13,6
9179,576,0,14,5
9872,576,0,15,5
10565,576,0,16,5
11266,576,0,17,5
11967,576,0,18,5
12672,576,1,19,5
13381,576,0,20,4
14092,576,1,21,4
14816,576,0,22,3
15545,576,1,23,3
16280,576,1,24,2
17023,576,0,25,1
17782,576,0,26,1
18545,576,1,27,1
19309,576,0,28,0
20078,576,0,29,0
20847,576,0,30,0
21618,576,0,31,0
22390,576,0,32,0
23168,576,0,33,0
23947,576,0,34,0
24727,576,0,35,0
25508,576,0,36,0
26289,576,0,37,0
27070,576,0,38,0
575,577,0,1,44
1191,577,1,2,44
1819,577,0,3,43
2467,577,1,4,43
3126,577,3,5,42
3787,577,1,6,39
4451,577,0,7,38
5117,577,0,8,38
5784,577,1,9,38
6454,577,2,10,37
7128,577,3,11,35
7806,577,3,12,32
8490,577,2,13,29
9180,577,1,14,27
9873,577,0,15,26
10566,577,1,16,26
11267,577,1,17,25
11968,577,1,18,24
12673,577,1,19,23
13382,577,1,20,22
14093,577,1,21,21
14817,577,3,22,20
15546,577,2,23,17
16281,577,4,24,15
17024,577,2,25,11
17783,577,1,26,9
18546,577,2,27,8
19310,577,5,28,6
20079,577,1,29,1
20848,577,0,30,0
21619,577,0,31,0
22391,577,0,32,0
23169,577,0,33,0
23948,577,0,34,0
24728,577,0,35,0
25509,577,0,36,0
26290,577,0,37,0
27071,577,0,38,0
576,578,0,1,39
1192,578,1,2,39
1820,578,1,3,38
2468,578,0,4,37
3127,578,9,5,37
3788,578,0,6,28
4452,578,2,7,28
5118,578,1,8,26
5785,578,0,9,25
6455,578,0,10,25
7129,578,0,11,25
7807,578,6,12,25
8491,578,0,13,19
9181,578,0,14,19
9874,578,0,15,19
10567,578,0,16,19
11268,578,4,17,19
11969,578,0,18,15
12674,578,1,19,15
13383,578,1,20,14
14094,578,0,21,13
14818,578,0,22,13
15547,578,7,23,13
16282,578,1,24,6
17025,578,1,25,5
17784,578,1,26,4
18547,578,0,27,3
19311,578,1,28,3
20080,578,0,29,2
20849,578,0,30,2
21620,578,0,31,2
22392,578,0,32,2
23170,578,0,33,2
23949,578,0,34,2
24729,578,0,35,2
25510,578,1,36,2
26291,578,1,37,1
27072,578,0,38,0
577,579,0,1,57
1193,579,0,2,57
1821,579,0,3,57
2469,579,0,4,57
3128,579,0,5,57
3789,579,0,6,57
4453,579,0,7,57
5119,579,0,8,57
5786,579,0,9,57
6456,579,0,10,57
7130,579,0,11,57
7808,579,0,12,57
8492,579,1,13,57
9182,579,0,14,56
9875,579,0,15,56
10568,579,0,16,56
11269,579,0,17,56
11970,579,1,18,56
12675,579,0,19,55
13384,579,0,20,55
14095,579,0,21,55
14819,579,0,22,55
15548,579,0,23,55
16283,579,1,24,55
17026,579,1,25,54
17785,579,0,26,53
18548,579,8,27,53
19312,579,1,28,45
20081,579,7,29,44
20850,579,4,30,37
21621,579,7,31,33
22393,579,1,32,26
23171,579,11,33,25
23950,579,11,34,14
24730,579,0,35,3
25511,579,1,36,3
26292,579,1,37,2
27073,579,1,38,1
578,580,2,1,104
1194,580,0,2,102
1822,580,1,3,102
2470,580,0,4,101
3129,580,0,5,101
3790,580,0,6,101
4454,580,0,7,101
5120,580,0,8,101
5787,580,0,9,101
6457,580,1,10,101
7131,580,1,11,100
7809,580,1,12,99
8493,580,1,13,98
9183,580,15,14,97
9876,580,2,15,82
10569,580,2,16,80
11270,580,14,17,78
11971,580,8,18,64
12676,580,1,19,56
13385,580,8,20,55
14096,580,0,21,47
14820,580,2,22,47
15549,580,6,23,45
16284,580,0,24,39
17027,580,2,25,39
17786,580,2,26,37
18549,580,1,27,35
19313,580,0,28,34
20082,580,1,29,34
20851,580,0,30,33
21622,580,4,31,33
22394,580,7,32,29
23172,580,8,33,22
23951,580,1,34,14
24731,580,8,35,13
25512,580,1,36,5
26293,580,0,37,4
27074,580,4,38,4
579,581,0,1,18
1195,581,0,2,18
1823,581,0,3,18
2471,581,0,4,18
3130,581,0,5,18
3791,581,0,6,18
4455,581,0,7,18
5121,581,0,8,18
5788,581,0,9,18
6458,581,0,10,18
7132,581,0,11,18
7810,581,0,12,18
8494,581,0,13,18
9184,581,3,14,18
9877,581,0,15,15
10570,581,0,16,15
11271,581,0,17,15
11972,581,0,18,15
12677,581,2,19,15
13386,581,0,20,13
14097,581,0,21,13
14821,581,0,22,13
15550,581,0,23,13
16285,581,3,24,13
17028,581,2,25,10
17787,581,2,26,8
18550,581,6,27,6
19314,581,0,28,0
20083,581,0,29,0
20852,581,0,30,0
21623,581,0,31,0
22395,581,0,32,0
23173,581,0,33,0
23952,581,0,34,0
24732,581,0,35,0
25513,581,0,36,0
26294,581,0,37,0
27075,581,0,38,0
580,582,0,1,65
1196,582,0,2,65
1824,582,0,3,65
2472,582,0,4,65
3131,582,0,5,65
3792,582,0,6,65
4456,582,0,7,65
5122,582,0,8,65
5789,582,0,9,65
6459,582,0,10,65
7133,582,0,11,65
7811,582,0,12,65
8495,582,1,13,65
9185,582,0,14,64
9878,582,0,15,64
10571,582,0,16,64
11272,582,0,17,64
11973,582,0,18,64
12678,582,0,19,64
13387,582,0,20,64
14098,582,1,21,64
14822,582,2,22,63
15551,582,5,23,61
16286,582,7,24,56
17029,582,2,25,49
17788,582,0,26,47
18551,582,10,27,47
19315,582,2,28,37
20084,582,10,29,35
20853,582,2,30,25
21624,582,1,31,23
22396,582,6,32,22
23174,582,1,33,16
23953,582,2,34,15
24733,582,0,35,13
25514,582,0,36,13
26295,582,7,37,13
27076,582,6,38,6
581,583,0,1,11
1197,583,0,2,11
1825,583,0,3,11
2473,583,0,4,11
3132,583,0,5,11
3793,583,0,6,11
4457,583,0,7,11
5123,583,0,8,11
5790,583,1,9,11
6460,583,0,10,10
7134,583,0,11,10
7812,583,0,12,10
8496,583,0,13,10
9186,583,0,14,10
9879,583,0,15,10
10572,583,0,16,10
11273,583,0,17,10
11974,583,0,18,10
12679,583,0,19,10
13388,583,0,20,10
14099,583,0,21,10
14823,583,0,22,10
15552,583,1,23,10
16287,583,0,24,9
17030,583,2,25,9
17789,583,0,26,7
18552,583,0,27,7
19316,583,0,28,7
20085,583,0,29,7
20854,583,4,30,7
21625,583,2,31,3
22397,583,1,32,1
23175,583,0,33,0
23954,583,0,34,0
24734,583,0,35,0
25515,583,0,36,0
26296,583,0,37,0
27077,583,0,38,0
582,584,1,1,13
1198,584,2,2,12
1826,584,2,3,10
2474,584,2,4,8
3133,584,1,5,6
3794,584,1,6,5
4458,584,0,7,4
5124,584,0,8,4
5791,584,0,9,4
6461,584,0,10,4
7135,584,1,11,4
7813,584,0,12,3
8497,584,1,13,3
9187,584,1,14,2
9880,584,1,15,1
10573,584,0,16,0
11274,584,0,17,0
11975,584,0,18,0
12680,584,0,19,0
13389,584,0,20,0
14100,584,0,21,0
14824,584,0,22,0
15553,584,0,23,0
16288,584,0,24,0
17031,584,0,25,0
17790,584,0,26,0
18553,584,0,27,0
19317,584,0,28,0
20086,584,0,29,0
20855,584,0,30,0
21626,584,0,31,0
22398,584,0,32,0
23176,584,0,33,0
23955,584,0,34,0
24735,584,0,35,0
25516,584,0,36,0
26297,584,0,37,0
27078,584,0,38,0
583,585,1,1,149
1199,585,1,2,148
1827,585,1,3,147
2475,585,4,4,146
3134,585,1,5,142
3795,585,1,6,141
4459,585,1,7,140
5125,585,1,8,139
5792,585,3,9,138
6462,585,2,10,135
7136,585,2,11,133
7814,585,13,12,131
8498,585,2,13,118
9188,585,2,14,116
9881,585,2,15,114
10574,585,17,16,112
11275,585,7,17,95
11976,585,3,18,88
12681,585,2,19,85
13390,585,2,20,83
14101,585,6,21,81
14825,585,3,22,75
15554,585,2,23,72
16289,585,3,24,70
17032,585,2,25,67
17791,585,3,26,65
18554,585,15,27,62
19318,585,11,28,47
20087,585,0,29,36
20856,585,2,30,36
21627,585,2,31,34
22399,585,7,32,32
23177,585,3,33,25
23956,585,0,34,22
24736,585,2,35,22
25517,585,6,36,20
26298,585,5,37,14
27079,585,9,38,9
584,586,0,1,9
1200,586,0,2,9
1828,586,0,3,9
2476,586,0,4,9
3135,586,0,5,9
3796,586,0,6,9
4460,586,0,7,9
5126,586,0,8,9
5793,586,1,9,9
6463,586,0,10,8
7137,586,0,11,8
7815,586,0,12,8
8499,586,0,13,8
9189,586,1,14,8
9882,586,1,15,7
10575,586,1,16,6
11276,586,0,17,5
11977,586,0,18,5
12682,586,0,19,5
13391,586,0,20,5
14102,586,0,21,5
14826,586,0,22,5
15555,586,0,23,5
16290,586,0,24,5
17033,586,0,25,5
17792,586,0,26,5
18555,586,2,27,5
19319,586,0,28,3
20088,586,0,29,3
20857,586,1,30,3
21628,586,0,31,2
22400,586,0,32,2
23178,586,0,33,2
23957,586,0,34,2
24737,586,0,35,2
25518,586,0,36,2
26299,586,1,37,2
27080,586,1,38,1
585,587,1,1,33
1201,587,0,2,32
1829,587,1,3,32
2477,587,1,4,31
3136,587,1,5,30
3797,587,1,6,29
4461,587,1,7,28
5127,587,1,8,27
5794,587,7,9,26
6464,587,1,10,19
7138,587,3,11,18
7816,587,3,12,15
8500,587,0,13,12
9190,587,4,14,12
9883,587,2,15,8
10576,587,1,16,6
11277,587,1,17,5
11978,587,1,18,4
12683,587,1,19,3
13392,587,2,20,2
14103,587,0,21,0
14827,587,0,22,0
15556,587,0,23,0
16291,587,0,24,0
17034,587,0,25,0
17793,587,0,26,0
18556,587,0,27,0
19320,587,0,28,0
20089,587,0,29,0
20858,587,0,30,0
21629,587,0,31,0
22401,587,0,32,0
23179,587,0,33,0
23958,587,0,34,0
24738,587,0,35,0
25519,587,0,36,0
26300,587,0,37,0
27081,587,0,38,0
586,588,2,1,36
1202,588,3,2,34
1830,588,1,3,31
2478,588,1,4,30
3137,588,1,5,29
3798,588,2,6,28
4462,588,2,7,26
5128,588,2,8,24
5795,588,2,9,22
6465,588,0,10,20
7139,588,3,11,20
7817,588,1,12,17
8501,588,1,13,16
9191,588,0,14,15
9884,588,0,15,15
10577,588,0,16,15
11278,588,1,17,15
11979,588,2,18,14
12684,588,0,19,12
13393,588,0,20,12
14104,588,2,21,12
14828,588,1,22,10
15557,588,1,23,9
16292,588,0,24,8
17035,588,0,25,8
17794,588,0,26,8
18557,588,0,27,8
19321,588,0,28,8
20090,588,1,29,8
20859,588,0,30,7
21630,588,0,31,7
22402,588,0,32,7
23180,588,0,33,7
23959,588,0,34,7
24739,588,0,35,7
25520,588,3,36,7
26301,588,0,37,4
27082,588,4,38,4
587,589,1,1,42
1203,589,1,2,41
1831,589,1,3,40
2479,589,0,4,39
3138,589,0,5,39
3799,589,0,6,39
4463,589,0,7,39
5129,589,0,8,39
5796,589,0,9,39
6466,589,0,10,39
7140,589,0,11,39
7818,589,0,12,39
8502,589,0,13,39
9192,589,6,14,39
9885,589,0,15,33
10578,589,1,16,33
11279,589,1,17,32
11980,589,5,18,31
12685,589,1,19,26
13394,589,5,20,25
14105,589,0,21,20
14829,589,0,22,20
15558,589,0,23,20
16293,589,0,24,20
17036,589,0,25,20
17795,589,0,26,20
18558,589,0,27,20
19322,589,0,28,20
20091,589,0,29,20
20860,589,0,30,20
21631,589,7,31,20
22403,589,1,32,13
23181,589,5,33,12
23960,589,1,34,7
24740,589,2,35,6
25521,589,1,36,4
26302,589,1,37,3
27083,589,2,38,2
588,590,0,1,19
1204,590,0,2,19
1832,590,0,3,19
2480,590,0,4,19
3139,590,1,5,19
3800,590,0,6,18
4464,590,0,7,18
5130,590,1,8,18
5797,590,1,9,17
6467,590,0,10,16
7141,590,1,11,16
7819,590,0,12,15
8503,590,0,13,15
9193,590,0,14,15
9886,590,0,15,15
10579,590,1,16,15
11280,590,0,17,14
11981,590,1,18,14
12686,590,0,19,13
13395,590,0,20,13
14106,590,1,21,13
14830,590,1,22,12
15559,590,0,23,11
16294,590,1,24,11
17037,590,0,25,10
17796,590,0,26,10
18559,590,1,27,10
19323,590,0,28,9
20092,590,0,29,9
20861,590,0,30,9
21632,590,1,31,9
22404,590,0,32,8
23182,590,0,33,8
23961,590,6,34,8
24741,590,0,35,2
25522,590,0,36,2
26303,590,1,37,2
27084,590,1,38,1
589,591,1,1,54
1205,591,1,2,53
1833,591,0,3,52
2481,591,0,4,52
3140,591,0,5,52
3801,591,2,6,52
4465,591,2,7,50
5131,591,0,8,48
5798,591,1,9,48
6468,591,1,10,47
7142,591,6,11,46
7820,591,1,12,40
8504,591,0,13,39
9194,591,0,14,39
9887,591,1,15,39
10580,591,0,16,38
11281,591,1,17,38
11982,591,7,18,37
12687,591,0,19,30
13396,591,0,20,30
14107,591,0,21,30
14831,591,0,22,30
15560,591,0,23,30
16295,591,0,24,30
17038,591,0,25,30
17797,591,5,26,30
18560,591,6,27,25
19324,591,2,28,19
20093,591,1,29,17
20862,591,0,30,16
21633,591,1,31,16
22405,591,2,32,15
23183,591,2,33,13
23962,591,1,34,11
24742,591,2,35,10
25523,591,6,36,8
26304,591,0,37,2
27085,591,2,38,2
590,592,1,1,12
1206,592,2,2,11
1834,592,1,3,9
2482,592,1,4,8
3141,592,1,5,7
3802,592,0,6,6
4466,592,0,7,6
5132,592,1,8,6
5799,592,0,9,5
6469,592,0,10,5
7143,592,1,11,5
7821,592,0,12,4
8505,592,0,13,4
9195,592,0,14,4
9888,592,0,15,4
10581,592,0,16,4
11282,592,0,17,4
11983,592,0,18,4
12688,592,0,19,4
13397,592,0,20,4
14108,592,0,21,4
14832,592,0,22,4
15561,592,0,23,4
16296,592,0,24,4
17039,592,0,25,4
17798,592,0,26,4
18561,592,0,27,4
19325,592,0,28,4
20094,592,0,29,4
20863,592,0,30,4
21634,592,0,31,4
22406,592,0,32,4
23184,592,1,33,4
23963,592,0,34,3
24743,592,2,35,3
25524,592,1,36,1
26305,592,0,37,0
27086,592,0,38,0
591,593,1,1,68
1207,593,1,2,67
1835,593,0,3,66
2483,593,15,4,66
3142,593,6,5,51
3803,593,1,6,45
4467,593,1,7,44
5133,593,2,8,43
5800,593,0,9,41
6470,593,2,10,41
7144,593,6,11,39
7822,593,2,12,33
8506,593,1,13,31
9196,593,1,14,30
9889,593,1,15,29
10582,593,2,16,28
11283,593,0,17,26
11984,593,0,18,26
12689,593,1,19,26
13398,593,0,20,25
14109,593,2,21,25
14833,593,1,22,23
15562,593,1,23,22
16297,593,1,24,21
17040,593,2,25,20
17799,593,1,26,18
18562,593,7,27,17
19326,593,2,28,10
20095,593,6,29,8
20864,593,2,30,2
21635,593,0,31,0
22407,593,0,32,0
23185,593,0,33,0
23964,593,0,34,0
24744,593,0,35,0
25525,593,0,36,0
26306,593,0,37,0
27087,593,0,38,0
592,594,8,1,88
1208,594,4,2,80
1836,594,1,3,76
2484,594,6,4,75
3143,594,6,5,69
3804,594,0,6,63
4468,594,1,7,63
5134,594,1,8,62
5801,594,2,9,61
6471,594,2,10,59
7145,594,8,11,57
7823,594,2,12,49
8507,594,1,13,47
9197,594,1,14,46
9890,594,1,15,45
10583,594,2,16,44
11284,594,1,17,42
11985,594,1,18,41
12690,594,1,19,40
13399,594,1,20,39
14110,594,2,21,38
14834,594,1,22,36
15563,594,6,23,35
16298,594,2,24,29
17041,594,2,25,27
17800,594,1,26,25
18563,594,0,27,24
19327,594,2,28,24
20096,594,6,29,22
20865,594,2,30,16
21636,594,7,31,14
22408,594,0,32,7
23186,594,2,33,7
23965,594,2,34,5
24745,594,0,35,3
25526,594,1,36,3
26307,594,1,37,2
27088,594,1,38,1
593,595,0,1,37
1209,595,0,2,37
1837,595,0,3,37
2485,595,0,4,37
3144,595,0,5,37
3805,595,0,6,37
4469,595,0,7,37
5135,595,0,8,37
5802,595,1,9,37
6472,595,0,10,36
7146,595,0,11,36
7824,595,0,12,36
8508,595,0,13,36
9198,595,0,14,36
9891,595,0,15,36
10584,595,3,16,36
11285,595,1,17,33
11986,595,3,18,32
12691,595,1,19,29
13400,595,0,20,28
14111,595,1,21,28
14835,595,2,22,27
15564,595,-2,23,25
16299,595,7,24,27
17042,595,3,25,20
17801,595,-2,26,17
18564,595,0,27,19
19328,595,1,28,19
20097,595,3,29,18
20866,595,2,30,15
21637,595,2,31,13
22409,595,1,32,11
23187,595,3,33,10
23966,595,0,34,7
24746,595,2,35,7
25527,595,1,36,5
26308,595,3,37,4
27089,595,1,38,1
594,596,0,1,6
1210,596,0,2,6
1838,596,1,3,6
2486,596,1,4,5
3145,596,0,5,4
3806,596,0,6,4
4470,596,0,7,4
5136,596,0,8,4
5803,596,0,9,4
6473,596,0,10,4
7147,596,0,11,4
7825,596,0,12,4
8509,596,0,13,4
9199,596,0,14,4
9892,596,0,15,4
10585,596,0,16,4
11286,596,0,17,4
11987,596,0,18,4
12692,596,0,19,4
13401,596,0,20,4
14112,596,0,21,4
14836,596,1,22,4
15565,596,0,23,3
16300,596,1,24,3
17043,596,1,25,2
17802,596,1,26,1
18565,596,0,27,0
19329,596,0,28,0
20098,596,0,29,0
20867,596,0,30,0
21638,596,0,31,0
22410,596,0,32,0
23188,596,0,33,0
23967,596,0,34,0
24747,596,0,35,0
25528,596,0,36,0
26309,596,0,37,0
27090,596,0,38,0
595,597,0,1,0
1211,597,0,2,0
1839,597,0,3,0
2487,597,0,4,0
3146,597,0,5,0
3807,597,0,6,0
4471,597,0,7,0
5137,597,0,8,0
5804,597,0,9,0
6474,597,0,10,0
7148,597,0,11,0
7826,597,0,12,0
8510,597,0,13,0
9200,597,0,14,0
9893,597,0,15,0
10586,597,0,16,0
11287,597,0,17,0
11988,597,0,18,0
12693,597,0,19,0
13402,597,0,20,0
14113,597,0,21,0
14837,597,0,22,0
15566,597,0,23,0
16301,597,0,24,0
17044,597,0,25,0
17803,597,0,26,0
18566,597,0,27,0
19330,597,0,28,0
20099,597,0,29,0
20868,597,0,30,0
21639,597,0,31,0
22411,597,0,32,0
23189,597,0,33,0
23968,597,0,34,0
24748,597,0,35,0
25529,597,0,36,0
26310,597,0,37,0
27091,597,0,38,0
596,598,0,1,1
1212,598,0,2,1
1840,598,0,3,1
2488,598,0,4,1
3147,598,1,5,1
3808,598,0,6,0
4472,598,0,7,0
5138,598,0,8,0
5805,598,0,9,0
6475,598,0,10,0
7149,598,0,11,0
7827,598,0,12,0
8511,598,0,13,0
9201,598,0,14,0
9894,598,0,15,0
10587,598,0,16,0
11288,598,0,17,0
11989,598,0,18,0
12694,598,0,19,0
13403,598,0,20,0
14114,598,0,21,0
14838,598,0,22,0
15567,598,0,23,0
16302,598,0,24,0
17045,598,0,25,0
17804,598,0,26,0
18567,598,0,27,0
19331,598,0,28,0
20100,598,0,29,0
20869,598,0,30,0
21640,598,0,31,0
22412,598,0,32,0
23190,598,0,33,0
23969,598,0,34,0
24749,598,0,35,0
25530,598,0,36,0
26311,598,0,37,0
27092,598,0,38,0
597,599,0,1,45
1213,599,0,2,45
1841,599,0,3,45
2489,599,0,4,45
3148,599,0,5,45
3809,599,0,6,45
4473,599,1,7,45
5139,599,0,8,44
5806,599,1,9,44
6476,599,1,10,43
7150,599,1,11,42
7828,599,0,12,41
8512,599,0,13,41
9202,599,1,14,41
9895,599,0,15,40
10588,599,1,16,40
11289,599,2,17,39
11990,599,3,18,37
12695,599,1,19,34
13404,599,1,20,33
14115,599,0,21,32
14839,599,0,22,32
15568,599,1,23,32
16303,599,0,24,31
17046,599,0,25,31
17805,599,4,26,31
18568,599,0,27,27
19332,599,0,28,27
20101,599,1,29,27
20870,599,2,30,26
21641,599,1,31,24
22413,599,1,32,23
23191,599,0,33,22
23970,599,7,34,22
24750,599,1,35,15
25531,599,6,36,14
26312,599,6,37,8
27093,599,2,38,2
598,600,1,1,74
1214,600,1,2,73
1842,600,2,3,72
2490,600,3,4,70
3149,600,0,5,67
3810,600,1,6,67
4474,600,0,7,66
5140,600,2,8,66
5807,600,2,9,64
6477,600,2,10,62
7151,600,0,11,60
7829,600,3,12,60
8513,600,2,13,57
9203,600,0,14,55
9896,600,3,15,55
10589,600,2,16,52
11290,600,1,17,50
11991,600,1,18,49
12696,600,1,19,48
13405,600,2,20,47
14116,600,3,21,45
14840,600,2,22,42
15569,600,2,23,40
16304,600,0,24,38
17047,600,1,25,38
17806,600,3,26,37
18569,600,1,27,34
19333,600,5,28,33
20102,600,1,29,28
20871,600,2,30,27
21642,600,1,31,25
22414,600,2,32,24
23192,600,1,33,22
23971,600,7,34,21
24751,600,1,35,14
25532,600,3,36,13
26313,600,9,37,10
27094,600,1,38,1
599,601,0,1,0
1215,601,0,2,0
1843,601,0,3,0
2491,601,0,4,0
3150,601,0,5,0
3811,601,0,6,0
4475,601,0,7,0
5141,601,0,8,0
5808,601,0,9,0
6478,601,0,10,0
7152,601,0,11,0
7830,601,0,12,0
8514,601,0,13,0
9204,601,0,14,0
9897,601,0,15,0
10590,601,0,16,0
11291,601,0,17,0
11992,601,0,18,0
12697,601,0,19,0
13406,601,0,20,0
14117,601,0,21,0
14841,601,0,22,0
15570,601,0,23,0
16305,601,0,24,0
17048,601,0,25,0
17807,601,0,26,0
18570,601,0,27,0
19334,601,0,28,0
20103,601,0,29,0
20872,601,0,30,0
21643,601,0,31,0
22415,601,0,32,0
23193,601,0,33,0
23972,601,0,34,0
24752,601,0,35,0
25533,601,0,36,0
26314,601,0,37,0
27095,601,0,38,0
600,602,0,1,2
1216,602,1,2,2
1844,602,0,3,1
2492,602,0,4,1
3151,602,0,5,1
3812,602,0,6,1
4476,602,0,7,1
5142,602,0,8,1
5809,602,0,9,1
6479,602,0,10,1
7153,602,0,11,1
7831,602,0,12,1
8515,602,0,13,1
9205,602,0,14,1
9898,602,0,15,1
10591,602,0,16,1
11292,602,0,17,1
11993,602,0,18,1
12698,602,0,19,1
13407,602,1,20,1
14118,602,0,21,0
14842,602,0,22,0
15571,602,0,23,0
16306,602,0,24,0
17049,602,0,25,0
17808,602,0,26,0
18571,602,0,27,0
19335,602,0,28,0
20104,602,0,29,0
20873,602,0,30,0
21644,602,0,31,0
22416,602,0,32,0
23194,602,0,33,0
23973,602,0,34,0
24753,602,0,35,0
25534,602,0,36,0
26315,602,0,37,0
27096,602,0,38,0
601,603,0,1,10
1217,603,0,2,10
1845,603,0,3,10
2493,603,0,4,10
3152,603,0,5,10
3813,603,0,6,10
4477,603,0,7,10
5143,603,0,8,10
5810,603,0,9,10
6480,603,0,10,10
7154,603,0,11,10
7832,603,0,12,10
8516,603,0,13,10
9206,603,1,14,10
9899,603,0,15,9
10592,603,0,16,9
11293,603,3,17,9
11994,603,0,18,6
12699,603,1,19,6
13408,603,0,20,5
14119,603,1,21,5
14843,603,1,22,4
15572,603,0,23,3
16307,603,0,24,3
17050,603,0,25,3
17809,603,0,26,3
18572,603,0,27,3
19336,603,0,28,3
20105,603,0,29,3
20874,603,0,30,3
21645,603,0,31,3
22417,603,0,32,3
23195,603,0,33,3
23974,603,0,34,3
24754,603,0,35,3
25535,603,1,36,3
26316,603,1,37,2
27097,603,1,38,1
602,604,0,1,2
1218,604,0,2,2
1846,604,0,3,2
2494,604,0,4,2
3153,604,0,5,2
3814,604,0,6,2
4478,604,0,7,2
5144,604,0,8,2
5811,604,0,9,2
6481,604,0,10,2
7155,604,0,11,2
7833,604,0,12,2
8517,604,0,13,2
9207,604,0,14,2
9900,604,0,15,2
10593,604,0,16,2
11294,604,1,17,2
11995,604,0,18,1
12700,604,0,19,1
13409,604,0,20,1
14120,604,0,21,1
14844,604,0,22,1
15573,604,0,23,1
16308,604,0,24,1
17051,604,0,25,1
17810,604,0,26,1
18573,604,0,27,1
19337,604,0,28,1
20106,604,0,29,1
20875,604,0,30,1
21646,604,0,31,1
22418,604,0,32,1
23196,604,0,33,1
23975,604,0,34,1
24755,604,0,35,1
25536,604,1,36,1
26317,604,0,37,0
27098,604,0,38,0
603,605,0,1,1
1219,605,0,2,1
1847,605,0,3,1
2495,605,0,4,1
3154,605,0,5,1
3815,605,0,6,1
4479,605,0,7,1
5145,605,0,8,1
5812,605,0,9,1
6482,605,0,10,1
7156,605,0,11,1
7834,605,0,12,1
8518,605,0,13,1
9208,605,0,14,1
9901,605,0,15,1
10594,605,0,16,1
11295,605,0,17,1
11996,605,0,18,1
12701,605,1,19,1
13410,605,0,20,0
14121,605,0,21,0
14845,605,0,22,0
15574,605,0,23,0
16309,605,0,24,0
17052,605,0,25,0
17811,605,0,26,0
18574,605,0,27,0
19338,605,0,28,0
20107,605,0,29,0
20876,605,0,30,0
21647,605,0,31,0
22419,605,0,32,0
23197,605,0,33,0
23976,605,0,34,0
24756,605,0,35,0
25537,605,0,36,0
26318,605,0,37,0
27099,605,0,38,0
604,606,0,1,31
1220,606,0,2,31
1848,606,0,3,31
2496,606,0,4,31
3155,606,0,5,31
3816,606,0,6,31
4480,606,0,7,31
5146,606,0,8,31
5813,606,0,9,31
6483,606,0,10,31
7157,606,0,11,31
7835,606,0,12,31
8519,606,0,13,31
9209,606,0,14,31
9902,606,0,15,31
10595,606,0,16,31
11296,606,0,17,31
11997,606,0,18,31
12702,606,0,19,31
13411,606,0,20,31
14122,606,0,21,31
14846,606,1,22,31
15575,606,0,23,30
16310,606,0,24,30
17053,606,1,25,30
17812,606,0,26,29
18575,606,0,27,29
19339,606,0,28,29
20108,606,0,29,29
20877,606,3,30,29
21648,606,3,31,26
22420,606,8,32,23
23198,606,13,33,15
23977,606,0,34,2
24757,606,1,35,2
25538,606,1,36,1
26319,606,0,37,0
27100,606,0,38,0
605,607,0,1,52
1221,607,1,2,52
1849,607,1,3,51
2497,607,1,4,50
3156,607,3,5,49
3817,607,1,6,46
4481,607,1,7,45
5147,607,1,8,44
5814,607,1,9,43
6484,607,1,10,42
7158,607,1,11,41
7836,607,1,12,40
8520,607,6,13,39
9210,607,2,14,33
9903,607,1,15,31
10596,607,1,16,30
11297,607,0,17,29
11998,607,1,18,29
12703,607,1,19,28
13412,607,1,20,27
14123,607,1,21,26
14847,607,1,22,25
15576,607,1,23,24
16311,607,6,24,23
17054,607,1,25,17
17813,607,0,26,16
18576,607,0,27,16
19340,607,0,28,16
20109,607,6,29,16
20878,607,0,30,10
21649,607,5,31,10
22421,607,1,32,5
23199,607,0,33,4
23978,607,1,34,4
24758,607,0,35,3
25539,607,1,36,3
26320,607,1,37,2
27101,607,1,38,1
606,608,1,1,68
1222,608,1,2,67
1850,608,1,3,66
2498,608,2,4,65
3157,608,11,5,63
3818,608,1,6,52
4482,608,1,7,51
5148,608,1,8,50
5815,608,1,9,49
6485,608,0,10,48
7159,608,1,11,48
7837,608,2,12,47
8521,608,1,13,45
9211,608,0,14,44
9904,608,2,15,44
10597,608,2,16,42
11298,608,1,17,40
11999,608,1,18,39
12704,608,8,19,38
13413,608,2,20,30
14124,608,5,21,28
14848,608,0,22,23
15577,608,0,23,23
16312,608,0,24,23
17055,608,1,25,23
17814,608,2,26,22
18577,608,1,27,20
19341,608,2,28,19
20110,608,5,29,17
20879,608,1,30,12
21650,608,2,31,11
22422,608,1,32,9
23200,608,1,33,8
23979,608,1,34,7
24759,608,1,35,6
25540,608,3,36,5
26321,608,2,37,2
27102,608,0,38,0
607,609,0,1,3
1223,609,0,2,3
1851,609,0,3,3
2499,609,0,4,3
3158,609,0,5,3
3819,609,0,6,3
4483,609,0,7,3
5149,609,0,8,3
5816,609,0,9,3
6486,609,0,10,3
7160,609,0,11,3
7838,609,0,12,3
8522,609,1,13,3
9212,609,0,14,2
9905,609,0,15,2
10598,609,1,16,2
11299,609,0,17,1
12000,609,0,18,1
12705,609,0,19,1
13414,609,0,20,1
14125,609,0,21,1
14849,609,0,22,1
15578,609,1,23,1
16313,609,0,24,0
17056,609,0,25,0
17815,609,0,26,0
18578,609,0,27,0
19342,609,0,28,0
20111,609,0,29,0
20880,609,0,30,0
21651,609,0,31,0
22423,609,0,32,0
23201,609,0,33,0
23980,609,0,34,0
24760,609,0,35,0
25541,609,0,36,0
26322,609,0,37,0
27103,609,0,38,0
608,610,0,1,19
1224,610,0,2,19
1852,610,0,3,19
2500,610,0,4,19
3159,610,1,5,19
3820,610,1,6,18
4484,610,1,7,17
5150,610,0,8,16
5817,610,2,9,16
6487,610,0,10,14
7161,610,0,11,14
7839,610,0,12,14
8523,610,0,13,14
9213,610,0,14,14
9906,610,0,15,14
10599,610,0,16,14
11300,610,0,17,14
12001,610,0,18,14
12706,610,0,19,14
13415,610,0,20,14
14126,610,0,21,14
14850,610,7,22,14
15579,610,1,23,7
16314,610,1,24,6
17057,610,0,25,5
17816,610,0,26,5
18579,610,0,27,5
19343,610,0,28,5
20112,610,0,29,5
20881,610,0,30,5
21652,610,0,31,5
22424,610,0,32,5
23202,610,0,33,5
23981,610,0,34,5
24761,610,1,35,5
25542,610,2,36,4
26323,610,2,37,2
27104,610,0,38,0
609,611,1,1,54
1225,611,6,2,53
1853,611,2,3,47
2501,611,1,4,45
3160,611,2,5,44
3821,611,1,6,42
4485,611,1,7,41
5151,611,1,8,40
5818,611,7,9,39
6488,611,3,10,32
7162,611,9,11,29
7840,611,2,12,20
8524,611,2,13,18
9214,611,0,14,16
9907,611,2,15,16
10600,611,0,16,14
11301,611,2,17,14
12002,611,2,18,12
12707,611,1,19,10
13416,611,7,20,9
14127,611,0,21,2
14851,611,0,22,2
15580,611,0,23,2
16315,611,0,24,2
17058,611,0,25,2
17817,611,0,26,2
18580,611,1,27,2
19344,611,0,28,1
20113,611,0,29,1
20882,611,0,30,1
21653,611,0,31,1
22425,611,0,32,1
23203,611,0,33,1
23982,611,0,34,1
24762,611,0,35,1
25543,611,0,36,1
26324,611,0,37,1
27105,611,1,38,1
610,612,0,1,34
1226,612,3,2,34
1854,612,2,3,31
2502,612,1,4,29
3161,612,0,5,28
3822,612,0,6,28
4486,612,0,7,28
5152,612,0,8,28
5819,612,0,9,28
6489,612,0,10,28
7163,612,0,11,28
7841,612,0,12,28
8525,612,0,13,28
9215,612,0,14,28
9908,612,0,15,28
10601,612,0,16,28
11302,612,0,17,28
12003,612,0,18,28
12708,612,0,19,28
13417,612,0,20,28
14128,612,0,21,28
14852,612,0,22,28
15581,612,0,23,28
16316,612,0,24,28
17059,612,1,25,28
17818,612,1,26,27
18581,612,2,27,26
19345,612,2,28,24
20114,612,1,29,22
20883,612,2,30,21
21654,612,1,31,19
22426,612,0,32,18
23204,612,2,33,18
23983,612,1,34,16
24763,612,10,35,15
25544,612,2,36,5
26325,612,2,37,3
27106,612,1,38,1
611,613,0,1,6
1227,613,0,2,6
1855,613,1,3,6
2503,613,0,4,5
3162,613,0,5,5
3823,613,0,6,5
4487,613,0,7,5
5153,613,0,8,5
5820,613,0,9,5
6490,613,0,10,5
7164,613,0,11,5
7842,613,0,12,5
8526,613,0,13,5
9216,613,0,14,5
9909,613,0,15,5
10602,613,0,16,5
11303,613,0,17,5
12004,613,0,18,5
12709,613,0,19,5
13418,613,0,20,5
14129,613,1,21,5
14853,613,1,22,4
15582,613,1,23,3
16317,613,0,24,2
17060,613,0,25,2
17819,613,0,26,2
18582,613,0,27,2
19346,613,1,28,2
20115,613,1,29,1
20884,613,0,30,0
21655,613,0,31,0
22427,613,0,32,0
23205,613,0,33,0
23984,613,0,34,0
24764,613,0,35,0
25545,613,0,36,0
26326,613,0,37,0
27107,613,0,38,0
613,614,0,1,0
1228,614,0,2,0
1856,614,0,3,0
2504,614,0,4,0
3163,614,0,5,0
3824,614,0,6,0
4488,614,0,7,0
5154,614,0,8,0
5821,614,0,9,0
6491,614,0,10,0
7165,614,0,11,0
7843,614,0,12,0
8527,614,0,13,0
9217,614,0,14,0
9910,614,0,15,0
10603,614,0,16,0
11304,614,0,17,0
12005,614,0,18,0
12710,614,0,19,0
13419,614,0,20,0
14130,614,0,21,0
14854,614,0,22,0
15583,614,0,23,0
16318,614,0,24,0
17061,614,0,25,0
17820,614,0,26,0
18583,614,0,27,0
19347,614,0,28,0
20116,614,0,29,0
20885,614,0,30,0
21656,614,0,31,0
22428,614,0,32,0
23206,614,0,33,0
23985,614,0,34,0
24765,614,0,35,0
25546,614,0,36,0
26327,614,0,37,0
27108,614,0,38,0
614,615,0,1,0
1229,615,0,2,0
1857,615,0,3,0
2505,615,0,4,0
3164,615,0,5,0
3825,615,0,6,0
4489,615,0,7,0
5155,615,0,8,0
5822,615,0,9,0
6492,615,0,10,0
7166,615,0,11,0
7844,615,0,12,0
8528,615,0,13,0
9218,615,0,14,0
9911,615,0,15,0
10604,615,0,16,0
11305,615,0,17,0
12006,615,0,18,0
12711,615,0,19,0
13420,615,0,20,0
14131,615,0,21,0
14855,615,0,22,0
15584,615,0,23,0
16319,615,0,24,0
17062,615,0,25,0
17821,615,0,26,0
18584,615,0,27,0
19348,615,0,28,0
20117,615,0,29,0
20886,615,0,30,0
21657,615,0,31,0
22429,615,0,32,0
23207,615,0,33,0
23986,615,0,34,0
24766,615,0,35,0
25547,615,0,36,0
26328,615,0,37,0
27109,615,0,38,0
615,616,0,1,0
1230,616,0,2,0
1858,616,0,3,0
2506,616,0,4,0
3165,616,0,5,0
3826,616,0,6,0
4490,616,0,7,0
5156,616,0,8,0
5823,616,0,9,0
6493,616,0,10,0
7167,616,0,11,0
7845,616,0,12,0
8529,616,0,13,0
9219,616,0,14,0
9912,616,0,15,0
10605,616,0,16,0
11306,616,0,17,0
12007,616,0,18,0
12712,616,0,19,0
13421,616,0,20,0
14132,616,0,21,0
14856,616,0,22,0
15585,616,0,23,0
16320,616,0,24,0
17063,616,0,25,0
17822,616,0,26,0
18585,616,0,27,0
19349,616,0,28,0
20118,616,0,29,0
20887,616,0,30,0
21658,616,0,31,0
22430,616,0,32,0
23208,616,0,33,0
23987,616,0,34,0
24767,616,0,35,0
25548,616,0,36,0
26329,616,0,37,0
27110,616,0,38,0
1231,617,2,2,128
1859,617,2,3,126
2507,617,0,4,124
3166,617,2,5,124
3827,617,9,6,122
4491,617,2,7,113
5157,617,5,8,111
5824,617,8,9,106
6494,617,7,10,98
7168,617,8,11,91
7846,617,2,12,83
8530,617,12,13,81
9220,617,2,14,69
9913,617,2,15,67
10606,617,2,16,65
11307,617,2,17,63
12008,617,1,18,61
12713,617,8,19,60
13422,617,2,20,52
14133,617,0,21,50
14857,617,0,22,50
15586,617,0,23,50
16321,617,0,24,50
17064,617,0,25,50
17823,617,0,26,50
18586,617,1,27,50
19350,617,8,28,49
20119,617,2,29,41
20888,617,8,30,39
21659,617,13,31,31
22431,617,2,32,18
23209,617,2,33,16
23988,617,2,34,14
24768,617,6,35,12
25549,617,2,36,6
26330,617,2,37,4
27111,617,2,38,2
1232,618,1,2,95
1860,618,1,3,94
2508,618,3,4,93
3167,618,2,5,90
3828,618,7,6,88
4492,618,11,7,81
5158,618,6,8,70
5825,618,5,9,64
6495,618,2,10,59
7169,618,2,11,57
7847,618,5,12,55
8531,618,2,13,50
9221,618,1,14,48
9914,618,2,15,47
10607,618,2,16,45
11308,618,2,17,43
12009,618,1,18,41
12714,618,1,19,40
13423,618,1,20,39
14134,618,6,21,38
14858,618,6,22,32
15587,618,1,23,26
16322,618,2,24,25
17065,618,3,25,23
17824,618,8,26,20
18587,618,5,27,12
19351,618,2,28,7
20120,618,5,29,5
20889,618,0,30,0
21660,618,0,31,0
22432,618,0,32,0
23210,618,0,33,0
23989,618,0,34,0
24769,618,0,35,0
25550,618,0,36,0
26331,618,0,37,0
27112,618,0,38,0
1233,619,0,2,63
1861,619,1,3,63
2509,619,0,4,62
3168,619,2,5,62
3829,619,0,6,60
4493,619,0,7,60
5159,619,0,8,60
5826,619,2,9,60
6496,619,0,10,58
7170,619,2,11,58
7848,619,2,12,56
8532,619,1,13,54
9222,619,2,14,53
9915,619,1,15,51
10608,619,2,16,50
11309,619,2,17,48
12010,619,2,18,46
12715,619,3,19,44
13424,619,2,20,41
14135,619,2,21,39
14859,619,2,22,37
15588,619,0,23,35
16323,619,2,24,35
17066,619,2,25,33
17825,619,1,26,31
18588,619,2,27,30
19352,619,2,28,28
20121,619,9,29,26
20890,619,2,30,17
21661,619,2,31,15
22433,619,2,32,13
23211,619,2,33,11
23990,619,0,34,9
24770,619,1,35,9
25551,619,1,36,8
26332,619,2,37,7
27113,619,5,38,5
1234,620,0,2,25
1862,620,1,3,25
2510,620,0,4,24
3169,620,6,5,24
3830,620,1,6,18
4494,620,0,7,17
5160,620,1,8,17
5827,620,1,9,16
6497,620,1,10,15
7171,620,1,11,14
7849,620,1,12,13
8533,620,1,13,12
9223,620,1,14,11
9916,620,0,15,10
10609,620,0,16,10
11310,620,0,17,10
12011,620,1,18,10
12716,620,3,19,9
13425,620,0,20,6
14136,620,0,21,6
14860,620,1,22,6
15589,620,0,23,5
16324,620,0,24,5
17067,620,0,25,5
17826,620,0,26,5
18589,620,0,27,5
19353,620,0,28,5
20122,620,0,29,5
20891,620,1,30,5
21662,620,1,31,4
22434,620,0,32,3
23212,620,1,33,3
23991,620,1,34,2
24771,620,1,35,1
25552,620,0,36,0
26333,620,0,37,0
27114,620,0,38,0
1235,621,6,2,24
1863,621,1,3,18
2511,621,0,4,17
3170,621,1,5,17
3831,621,0,6,16
4495,621,1,7,16
5161,621,0,8,15
5828,621,0,9,15
6498,621,0,10,15
7172,621,0,11,15
7850,621,3,12,15
8534,621,0,13,12
9224,621,5,14,12
9917,621,1,15,7
10610,621,0,16,6
11311,621,0,17,6
12012,621,0,18,6
12717,621,1,19,6
13426,621,0,20,5
14137,621,4,21,5
14861,621,1,22,1
15590,621,0,23,0
16325,621,0,24,0
17068,621,0,25,0
17827,621,0,26,0
18590,621,0,27,0
19354,621,0,28,0
20123,621,0,29,0
20892,621,0,30,0
21663,621,0,31,0
22435,621,0,32,0
23213,621,0,33,0
23992,621,0,34,0
24772,621,0,35,0
25553,621,0,36,0
26334,621,0,37,0
27115,621,0,38,0
1236,622,0,2,53
1864,622,1,3,53
2512,622,1,4,52
3171,622,1,5,51
3832,622,1,6,50
4496,622,2,7,49
5162,622,2,8,47
5829,622,2,9,45
6499,622,2,10,43
7173,622,3,11,41
7851,622,0,12,38
8535,622,2,13,38
9225,622,1,14,36
9918,622,4,15,35
10611,622,1,16,31
11312,622,3,17,30
12013,622,0,18,27
12718,622,0,19,27
13427,622,0,20,27
14138,622,0,21,27
14862,622,3,22,27
15591,622,2,23,24
16326,622,2,24,22
17069,622,2,25,20
17828,622,0,26,18
18591,622,1,27,18
19355,622,2,28,17
20124,622,3,29,15
20893,622,2,30,12
21664,622,2,31,10
22436,622,1,32,8
23214,622,2,33,7
23993,622,1,34,5
24773,622,1,35,4
25554,622,1,36,3
26335,622,1,37,2
27116,622,1,38,1
1237,623,1,2,95
1865,623,1,3,94
2513,623,2,4,93
3172,623,3,5,91
3833,623,1,6,88
4497,623,5,7,87
5163,623,1,8,82
5830,623,2,9,81
6500,623,2,10,79
7174,623,2,11,77
7852,623,7,12,75
8536,623,2,13,68
9226,623,2,14,66
9919,623,2,15,64
10612,623,1,16,62
11313,623,3,17,61
12014,623,2,18,58
12719,623,1,19,56
13428,623,0,20,55
14139,623,2,21,55
14863,623,7,22,53
15592,623,1,23,46
16327,623,2,24,45
17070,623,2,25,43
17829,623,2,26,41
18592,623,2,27,39
19356,623,2,28,37
20125,623,1,29,35
20894,623,8,30,34
21665,623,9,31,26
22437,623,1,32,17
23215,623,2,33,16
23994,623,2,34,14
24774,623,1,35,12
25555,623,3,36,11
26336,623,2,37,8
27117,623,6,38,6
1238,624,0,2,0
1866,624,0,3,0
2514,624,0,4,0
3173,624,0,5,0
3834,624,0,6,0
4498,624,0,7,0
5164,624,0,8,0
5831,624,0,9,0
6501,624,0,10,0
7175,624,0,11,0
7853,624,0,12,0
8537,624,0,13,0
9227,624,0,14,0
9920,624,0,15,0
10613,624,0,16,0
11314,624,0,17,0
12015,624,0,18,0
12720,624,0,19,0
13429,624,0,20,0
14140,624,0,21,0
14864,624,0,22,0
15593,624,0,23,0
16328,624,0,24,0
17071,624,0,25,0
17830,624,0,26,0
18593,624,0,27,0
19357,624,0,28,0
20126,624,0,29,0
20895,624,0,30,0
21666,624,0,31,0
22438,624,0,32,0
23216,624,0,33,0
23995,624,0,34,0
24775,624,0,35,0
25556,624,0,36,0
26337,624,0,37,0
27118,624,0,38,0
1239,625,1,2,97
1867,625,1,3,96
2515,625,2,4,95
3174,625,2,5,93
3835,625,2,6,91
4499,625,2,7,89
5165,625,2,8,87
5832,625,1,9,85
6502,625,5,10,84
7176,625,3,11,79
7854,625,2,12,76
8538,625,1,13,74
9228,625,2,14,73
9921,625,2,15,71
10614,625,2,16,69
11315,625,2,17,67
12016,625,1,18,65
12721,625,0,19,64
13430,625,1,20,64
14141,625,1,21,63
14865,625,3,22,62
15594,625,2,23,59
16329,625,0,24,57
17072,625,6,25,57
17831,625,1,26,51
18594,625,1,27,50
19358,625,0,28,49
20127,625,7,29,49
20896,625,3,30,42
21667,625,3,31,39
22439,625,5,32,36
23217,625,8,33,31
23996,625,0,34,23
24776,625,3,35,23
25557,625,0,36,20
26338,625,6,37,20
27119,625,14,38,14
1241,626,0,2,0
1868,626,0,3,0
2516,626,0,4,0
3175,626,0,5,0
3836,626,0,6,0
4500,626,0,7,0
5166,626,0,8,0
5833,626,0,9,0
6503,626,0,10,0
7177,626,0,11,0
7855,626,0,12,0
8539,626,0,13,0
9229,626,0,14,0
9922,626,0,15,0
10615,626,0,16,0
11316,626,0,17,0
12017,626,0,18,0
12722,626,0,19,0
13431,626,0,20,0
14142,626,0,21,0
14866,626,0,22,0
15595,626,0,23,0
16330,626,0,24,0
17073,626,0,25,0
17832,626,0,26,0
18595,626,0,27,0
19359,626,0,28,0
20128,626,0,29,0
20897,626,0,30,0
21668,626,0,31,0
22440,626,0,32,0
23218,626,0,33,0
23997,626,0,34,0
24777,626,0,35,0
25558,626,0,36,0
26339,626,0,37,0
27120,626,0,38,0
1242,627,0,2,0
1869,627,0,3,0
2517,627,0,4,0
3176,627,0,5,0
3837,627,0,6,0
4501,627,0,7,0
5167,627,0,8,0
5834,627,0,9,0
6504,627,0,10,0
7178,627,0,11,0
7856,627,0,12,0
8540,627,0,13,0
9230,627,0,14,0
9923,627,0,15,0
10616,627,0,16,0
11317,627,0,17,0
12018,627,0,18,0
12723,627,0,19,0
13432,627,0,20,0
14143,627,0,21,0
14867,627,0,22,0
15596,627,0,23,0
16331,627,0,24,0
17074,627,0,25,0
17833,627,0,26,0
18596,627,0,27,0
19360,627,0,28,0
20129,627,0,29,0
20898,627,0,30,0
21669,627,0,31,0
22441,627,0,32,0
23219,627,0,33,0
23998,627,0,34,0
24778,627,0,35,0
25559,627,0,36,0
26340,627,0,37,0
27121,627,0,38,0
1870,628,0,3,19
2518,628,1,4,19
3177,628,0,5,18
3838,628,0,6,18
4502,628,0,7,18
5168,628,6,8,18
5835,628,6,9,12
6505,628,6,10,6
7179,628,0,11,0
7857,628,0,12,0
8541,628,0,13,0
9231,628,0,14,0
9924,628,0,15,0
10617,628,0,16,0
11318,628,0,17,0
12019,628,0,18,0
12724,628,0,19,0
13433,628,0,20,0
14144,628,0,21,0
14868,628,0,22,0
15597,628,0,23,0
16332,628,0,24,0
17075,628,0,25,0
17834,628,0,26,0
18597,628,0,27,0
19361,628,0,28,0
20130,628,0,29,0
20899,628,0,30,0
21670,628,0,31,0
22442,628,0,32,0
23220,628,0,33,0
23999,628,0,34,0
24779,628,0,35,0
25560,628,0,36,0
26341,628,0,37,0
27122,628,0,38,0
1871,629,0,3,50
2519,629,0,4,50
3178,629,0,5,50
3839,629,0,6,50
4503,629,0,7,50
5169,629,0,8,50
5836,629,0,9,50
6506,629,0,10,50
7180,629,8,11,50
7858,629,1,12,42
8542,629,1,13,41
9232,629,0,14,40
9925,629,1,15,40
10618,629,0,16,39
11319,629,0,17,39
12020,629,3,18,39
12725,629,1,19,36
13434,629,1,20,35
14145,629,6,21,34
14869,629,0,22,28
15598,629,1,23,28
16333,629,1,24,27
17076,629,1,25,26
17835,629,0,26,25
18598,629,0,27,25
19362,629,0,28,25
20131,629,0,29,25
20900,629,1,30,25
21671,629,2,31,24
22443,629,5,32,22
23221,629,2,33,17
24000,629,2,34,15
24780,629,2,35,13
25561,629,1,36,11
26342,629,4,37,10
27123,629,6,38,6
1872,630,0,3,49
2520,630,7,4,49
3179,630,1,5,42
3840,630,1,6,41
4504,630,0,7,40
5170,630,1,8,40
5837,630,0,9,39
6507,630,2,10,39
7181,630,2,11,37
7859,630,2,12,35
8543,630,1,13,33
9233,630,1,14,32
9926,630,1,15,31
10619,630,2,16,30
11320,630,0,17,28
12021,630,2,18,28
12726,630,5,19,26
13435,630,0,20,21
14146,630,1,21,21
14870,630,-1,22,20
15599,630,0,23,21
16334,630,1,24,21
17077,630,2,25,20
17836,630,0,26,18
18599,630,0,27,18
19363,630,2,28,18
20132,630,3,29,16
20901,630,2,30,13
21672,630,4,31,11
22444,630,1,32,7
23222,630,0,33,6
24001,630,1,34,6
24781,630,1,35,5
25562,630,2,36,4
26343,630,1,37,2
27124,630,1,38,1
1873,631,1,3,53
2521,631,1,4,52
3180,631,1,5,51
3841,631,5,6,50
4505,631,1,7,45
5171,631,2,8,44
5838,631,1,9,42
6508,631,1,10,41
7182,631,1,11,40
7860,631,1,12,39
8544,631,1,13,38
9234,631,2,14,37
9927,631,1,15,35
10620,631,4,16,34
11321,631,0,17,30
12022,631,1,18,30
12727,631,0,19,29
13436,631,1,20,29
14147,631,1,21,28
14871,631,2,22,27
15600,631,0,23,25
16335,631,1,24,25
17078,631,1,25,24
17837,631,4,26,23
18600,631,2,27,19
19364,631,3,28,17
20133,631,4,29,14
20902,631,1,30,10
21673,631,0,31,9
22445,631,2,32,9
23223,631,1,33,7
24002,631,1,34,6
24782,631,1,35,5
25563,631,1,36,4
26344,631,2,37,3
27125,631,1,38,1
1874,632,2,3,7
2522,632,1,4,5
3181,632,0,5,4
3842,632,2,6,4
4506,632,1,7,2
5172,632,0,8,1
5839,632,1,9,1
6509,632,0,10,0
7183,632,0,11,0
7861,632,0,12,0
8545,632,0,13,0
9235,632,0,14,0
9928,632,0,15,0
10621,632,0,16,0
11322,632,0,17,0
12023,632,0,18,0
12728,632,0,19,0
13437,632,0,20,0
14148,632,0,21,0
14872,632,0,22,0
15601,632,0,23,0
16336,632,0,24,0
17079,632,0,25,0
17838,632,0,26,0
18601,632,0,27,0
19365,632,0,28,0
20134,632,0,29,0
20903,632,0,30,0
21674,632,0,31,0
22446,632,0,32,0
23224,632,0,33,0
24003,632,0,34,0
24783,632,0,35,0
25564,632,0,36,0
26345,632,0,37,0
27126,632,0,38,0
1875,633,0,3,92
2523,633,0,4,92
3182,633,0,5,92
3843,633,0,6,92
4507,633,1,7,92
5173,633,2,8,91
5840,633,8,9,89
6510,633,1,10,81
7184,633,1,11,80
7862,633,3,12,79
8546,633,0,13,76
9236,633,1,14,76
9929,633,1,15,75
10622,633,3,16,74
11323,633,1,17,71
12024,633,1,18,70
12729,633,8,19,69
13438,633,4,20,61
14149,633,1,21,57
14873,633,2,22,56
15602,633,0,23,54
16337,633,1,24,54
17080,633,13,25,53
17839,633,2,26,40
18602,633,3,27,38
19366,633,2,28,35
20135,633,9,29,33
20904,633,10,30,24
21675,633,2,31,14
22447,633,1,32,12
23225,633,4,33,11
24004,633,0,34,7
24784,633,1,35,7
25565,633,4,36,6
26346,633,0,37,2
27127,633,2,38,2
1876,634,0,3,3
2524,634,0,4,3
3183,634,0,5,3
3844,634,0,6,3
4508,634,0,7,3
5174,634,0,8,3
5841,634,0,9,3
6511,634,0,10,3
7185,634,0,11,3
7863,634,0,12,3
8547,634,0,13,3
9237,634,0,14,3
9930,634,0,15,3
10623,634,0,16,3
11324,634,0,17,3
12025,634,0,18,3
12730,634,0,19,3
13439,634,0,20,3
14150,634,0,21,3
14874,634,0,22,3
15603,634,0,23,3
16338,634,0,24,3
17081,634,0,25,3
17840,634,0,26,3
18603,634,0,27,3
19367,634,0,28,3
20136,634,0,29,3
20905,634,0,30,3
21676,634,0,31,3
22448,634,1,32,3
23226,634,1,33,2
24005,634,0,34,1
24785,634,1,35,1
25566,634,0,36,0
26347,634,0,37,0
27128,634,0,38,0
1877,635,1,3,83
2525,635,0,4,82
3184,635,1,5,82
3845,635,1,6,81
4509,635,0,7,80
5175,635,2,8,80
5842,635,1,9,78
6512,635,1,10,77
7186,635,1,11,76
7864,635,2,12,75
8548,635,0,13,73
9238,635,14,14,73
9931,635,2,15,59
10624,635,2,16,57
11325,635,1,17,55
12026,635,2,18,54
12731,635,1,19,52
13440,635,2,20,51
14151,635,2,21,49
14875,635,2,22,47
15604,635,9,23,45
16339,635,2,24,36
17082,635,1,25,34
17841,635,2,26,33
18604,635,2,27,31
19368,635,2,28,29
20137,635,1,29,27
20906,635,1,30,26
21677,635,2,31,25
22449,635,5,32,23
23227,635,2,33,18
24006,635,2,34,16
24786,635,6,35,14
25567,635,5,36,8
26348,635,3,37,3
27129,635,0,38,0
1878,636,0,3,7
2526,636,0,4,7
3185,636,1,5,7
3846,636,0,6,6
4510,636,0,7,6
5176,636,0,8,6
5843,636,0,9,6
6513,636,0,10,6
7187,636,0,11,6
7865,636,0,12,6
8549,636,0,13,6
9239,636,0,14,6
9932,636,0,15,6
10625,636,0,16,6
11326,636,0,17,6
12027,636,0,18,6
12732,636,0,19,6
13441,636,0,20,6
14152,636,0,21,6
14876,636,1,22,6
15605,636,1,23,5
16340,636,0,24,4
17083,636,0,25,4
17842,636,0,26,4
18605,636,0,27,4
19369,636,0,28,4
20138,636,0,29,4
20907,636,0,30,4
21678,636,1,31,4
22450,636,0,32,3
23228,636,0,33,3
24007,636,0,34,3
24787,636,1,35,3
25568,636,0,36,2
26349,636,2,37,2
27130,636,0,38,0
1879,637,0,3,0
2527,637,0,4,0
3186,637,0,5,0
3847,637,0,6,0
4511,637,0,7,0
5177,637,0,8,0
5844,637,0,9,0
6514,637,0,10,0
7188,637,0,11,0
7866,637,0,12,0
8550,637,0,13,0
9240,637,0,14,0
9933,637,0,15,0
10626,637,0,16,0
11327,637,0,17,0
12028,637,0,18,0
12733,637,0,19,0
13442,637,0,20,0
14153,637,0,21,0
14877,637,0,22,0
15606,637,0,23,0
16341,637,0,24,0
17084,637,0,25,0
17843,637,0,26,0
18606,637,0,27,0
19370,637,0,28,0
20139,637,0,29,0
20908,637,0,30,0
21679,637,0,31,0
22451,637,0,32,0
23229,637,0,33,0
24008,637,0,34,0
24788,637,0,35,0
25569,637,0,36,0
26350,637,0,37,0
27131,637,0,38,0
1880,638,0,3,0
2528,638,0,4,0
3187,638,0,5,0
3848,638,0,6,0
4512,638,0,7,0
5178,638,0,8,0
5845,638,0,9,0
6515,638,0,10,0
7189,638,0,11,0
7867,638,0,12,0
8551,638,0,13,0
9241,638,0,14,0
9934,638,0,15,0
10627,638,0,16,0
11328,638,0,17,0
12029,638,0,18,0
12734,638,0,19,0
13443,638,0,20,0
14154,638,0,21,0
14878,638,0,22,0
15607,638,0,23,0
16342,638,0,24,0
17085,638,0,25,0
17844,638,0,26,0
18607,638,0,27,0
19371,638,0,28,0
20140,638,0,29,0
20909,638,0,30,0
21680,638,0,31,0
22452,638,0,32,0
23230,638,0,33,0
24009,638,0,34,0
24789,638,0,35,0
25570,638,0,36,0
26351,638,0,37,0
27132,638,0,38,0
1881,639,0,3,0
2529,639,0,4,0
3188,639,0,5,0
3849,639,0,6,0
4513,639,0,7,0
5179,639,0,8,0
5846,639,0,9,0
6516,639,0,10,0
7190,639,0,11,0
7868,639,0,12,0
8552,639,0,13,0
9242,639,0,14,0
9935,639,0,15,0
10628,639,0,16,0
11329,639,0,17,0
12030,639,0,18,0
12735,639,0,19,0
13444,639,0,20,0
14155,639,0,21,0
14879,639,0,22,0
15608,639,0,23,0
16343,639,0,24,0
17086,639,0,25,0
17845,639,0,26,0
18608,639,0,27,0
19372,639,0,28,0
20141,639,0,29,0
20910,639,0,30,0
21681,639,0,31,0
22453,639,0,32,0
23231,639,0,33,0
24010,639,0,34,0
24790,639,0,35,0
25571,639,0,36,0
26352,639,0,37,0
27133,639,0,38,0
1882,640,0,3,0
2530,640,0,4,0
3189,640,0,5,0
3850,640,0,6,0
4514,640,0,7,0
5180,640,0,8,0
5847,640,0,9,0
6517,640,0,10,0
7191,640,0,11,0
7869,640,0,12,0
8553,640,0,13,0
9243,640,0,14,0
9936,640,0,15,0
10629,640,0,16,0
11330,640,0,17,0
12031,640,0,18,0
12736,640,0,19,0
13445,640,0,20,0
14156,640,0,21,0
14880,640,0,22,0
15609,640,0,23,0
16344,640,0,24,0
17087,640,0,25,0
17846,640,0,26,0
18609,640,0,27,0
19373,640,0,28,0
20142,640,0,29,0
20911,640,0,30,0
21682,640,0,31,0
22454,640,0,32,0
23232,640,0,33,0
24011,640,0,34,0
24791,640,0,35,0
25572,640,0,36,0
26353,640,0,37,0
27134,640,0,38,0
1883,641,0,3,0
2531,641,0,4,0
3190,641,0,5,0
3851,641,0,6,0
4515,641,0,7,0
5181,641,0,8,0
5848,641,0,9,0
6518,641,0,10,0
7192,641,0,11,0
7870,641,0,12,0
8554,641,0,13,0
9244,641,0,14,0
9937,641,0,15,0
10630,641,0,16,0
11331,641,0,17,0
12032,641,0,18,0
12737,641,0,19,0
13446,641,0,20,0
14157,641,0,21,0
14881,641,0,22,0
15610,641,0,23,0
16345,641,0,24,0
17088,641,0,25,0
17847,641,0,26,0
18610,641,0,27,0
19374,641,0,28,0
20143,641,0,29,0
20912,641,0,30,0
21683,641,0,31,0
22455,641,0,32,0
23233,641,0,33,0
24012,641,0,34,0
24792,641,0,35,0
25573,641,0,36,0
26354,641,0,37,0
27135,641,0,38,0
1884,642,0,3,1
2532,642,0,4,1
3191,642,0,5,1
3852,642,0,6,1
4516,642,0,7,1
5182,642,0,8,1
5849,642,0,9,1
6519,642,0,10,1
7193,642,0,11,1
7871,642,0,12,1
8555,642,0,13,1
9245,642,0,14,1
9938,642,0,15,1
10631,642,1,16,1
11332,642,0,17,0
12033,642,0,18,0
12738,642,0,19,0
13447,642,0,20,0
14158,642,0,21,0
14882,642,0,22,0
15611,642,0,23,0
16346,642,0,24,0
17089,642,0,25,0
17848,642,0,26,0
18611,642,0,27,0
19375,642,0,28,0
20144,642,0,29,0
20913,642,0,30,0
21684,642,0,31,0
22456,642,0,32,0
23234,642,0,33,0
24013,642,0,34,0
24793,642,0,35,0
25574,642,0,36,0
26355,642,0,37,0
27136,642,0,38,0
1885,643,1,3,61
2533,643,1,4,60
3192,643,2,5,59
3853,643,1,6,57
4517,643,1,7,56
5183,643,1,8,55
5850,643,1,9,54
6520,643,0,10,53
7194,643,0,11,53
7872,643,2,12,53
8556,643,2,13,51
9246,643,2,14,49
9939,643,2,15,47
10632,643,1,16,45
11333,643,3,17,44
12034,643,3,18,41
12739,643,2,19,38
13448,643,0,20,36
14159,643,2,21,36
14883,643,1,22,34
15612,643,2,23,33
16347,643,3,24,31
17090,643,2,25,28
17849,643,3,26,26
18612,643,2,27,23
19376,643,2,28,21
20145,643,2,29,19
20914,643,2,30,17
21685,643,1,31,15
22457,643,2,32,14
23235,643,2,33,12
24014,643,3,34,10
24794,643,2,35,7
25575,643,2,36,5
26356,643,1,37,3
27137,643,2,38,2
1886,644,0,3,0
2534,644,0,4,0
3193,644,0,5,0
3854,644,0,6,0
4518,644,0,7,0
5184,644,0,8,0
5851,644,0,9,0
6521,644,0,10,0
7195,644,0,11,0
7873,644,0,12,0
8557,644,0,13,0
9247,644,0,14,0
9940,644,0,15,0
10633,644,0,16,0
11334,644,0,17,0
12035,644,0,18,0
12740,644,0,19,0
13449,644,0,20,0
14160,644,0,21,0
14884,644,0,22,0
15613,644,0,23,0
16348,644,0,24,0
17091,644,0,25,0
17850,644,0,26,0
18613,644,0,27,0
19377,644,0,28,0
20146,644,0,29,0
20915,644,0,30,0
21686,644,0,31,0
22458,644,0,32,0
23236,644,0,33,0
24015,644,0,34,0
24795,644,0,35,0
25576,644,0,36,0
26357,644,0,37,0
27138,644,0,38,0
1887,645,0,3,34
2535,645,0,4,34
3194,645,0,5,34
3855,645,0,6,34
4519,645,0,7,34
5185,645,0,8,34
5852,645,0,9,34
6522,645,0,10,34
7196,645,2,11,34
7874,645,8,12,32
8558,645,1,13,24
9248,645,1,14,23
9941,645,1,15,22
10634,645,1,16,21
11335,645,1,17,20
12036,645,1,18,19
12741,645,0,19,18
13450,645,0,20,18
14161,645,1,21,18
14885,645,1,22,17
15614,645,0,23,16
16349,645,1,24,16
17092,645,1,25,15
17851,645,1,26,14
18614,645,0,27,13
19378,645,1,28,13
20147,645,0,29,12
20916,645,1,30,12
21687,645,1,31,11
22459,645,2,32,10
23237,645,2,33,8
24016,645,0,34,6
24796,645,0,35,6
25577,645,1,36,6
26358,645,4,37,5
27139,645,1,38,1
1888,646,0,3,2
2536,646,0,4,2
3195,646,0,5,2
3856,646,0,6,2
4520,646,0,7,2
5186,646,1,8,2
5853,646,0,9,1
6523,646,0,10,1
7197,646,1,11,1
7875,646,0,12,0
8559,646,0,13,0
9249,646,0,14,0
9942,646,0,15,0
10635,646,0,16,0
11336,646,0,17,0
12037,646,0,18,0
12742,646,0,19,0
13451,646,0,20,0
14162,646,0,21,0
14886,646,0,22,0
15615,646,0,23,0
16350,646,0,24,0
17093,646,0,25,0
17852,646,0,26,0
18615,646,0,27,0
19379,646,0,28,0
20148,646,0,29,0
20917,646,0,30,0
21688,646,0,31,0
22460,646,0,32,0
23238,646,0,33,0
24017,646,0,34,0
24797,646,0,35,0
25578,646,0,36,0
26359,646,0,37,0
27140,646,0,38,0
1889,647,0,3,0
2537,647,0,4,0
3196,647,0,5,0
3857,647,0,6,0
4521,647,0,7,0
5187,647,0,8,0
5854,647,0,9,0
6524,647,0,10,0
7198,647,0,11,0
7876,647,0,12,0
8560,647,0,13,0
9250,647,0,14,0
9943,647,0,15,0
10636,647,0,16,0
11337,647,0,17,0
12038,647,0,18,0
12743,647,0,19,0
13452,647,0,20,0
14163,647,0,21,0
14887,647,0,22,0
15616,647,0,23,0
16351,647,0,24,0
17094,647,0,25,0
17853,647,0,26,0
18616,647,0,27,0
19380,647,0,28,0
20149,647,0,29,0
20918,647,0,30,0
21689,647,0,31,0
22461,647,0,32,0
23239,647,0,33,0
24018,647,0,34,0
24798,647,0,35,0
25579,647,0,36,0
26360,647,0,37,0
27141,647,0,38,0
1890,648,0,3,0
2538,648,0,4,0
3197,648,0,5,0
3858,648,0,6,0
4522,648,0,7,0
5188,648,0,8,0
5855,648,0,9,0
6525,648,0,10,0
7199,648,0,11,0
7877,648,0,12,0
8561,648,0,13,0
9251,648,0,14,0
9944,648,0,15,0
10637,648,0,16,0
11338,648,0,17,0
12039,648,0,18,0
12744,648,0,19,0
13453,648,0,20,0
14164,648,0,21,0
14888,648,0,22,0
15617,648,0,23,0
16352,648,0,24,0
17095,648,0,25,0
17854,648,0,26,0
18617,648,0,27,0
19381,648,0,28,0
20150,648,0,29,0
20919,648,0,30,0
21690,648,0,31,0
22462,648,0,32,0
23240,648,0,33,0
24019,648,0,34,0
24799,648,0,35,0
25580,648,0,36,0
26361,648,0,37,0
27142,648,0,38,0
2539,649,0,4,1
3198,649,0,5,1
3859,649,0,6,1
4523,649,0,7,1
5189,649,0,8,1
5856,649,0,9,1
6526,649,0,10,1
7200,649,0,11,1
7878,649,0,12,1
8562,649,0,13,1
9252,649,0,14,1
9945,649,0,15,1
10638,649,1,16,1
11339,649,0,17,0
12040,649,0,18,0
12745,649,0,19,0
13454,649,0,20,0
14165,649,0,21,0
14889,649,0,22,0
15618,649,0,23,0
16353,649,0,24,0
17096,649,0,25,0
17855,649,0,26,0
18618,649,0,27,0
19382,649,0,28,0
20151,649,0,29,0
20920,649,0,30,0
21691,649,0,31,0
22463,649,0,32,0
23241,649,0,33,0
24020,649,0,34,0
24800,649,0,35,0
25581,649,0,36,0
26362,649,0,37,0
27143,649,0,38,0
2540,650,1,4,114
3199,650,5,5,113
3860,650,4,6,108
4524,650,2,7,104
5190,650,2,8,102
5857,650,5,9,100
6527,650,1,10,95
7201,650,0,11,94
7879,650,1,12,94
8563,650,2,13,93
9253,650,8,14,91
9946,650,7,15,83
10639,650,2,16,76
11340,650,0,17,74
12041,650,6,18,74
12746,650,2,19,68
13455,650,2,20,66
14166,650,8,21,64
14890,650,7,22,56
15619,650,0,23,49
16354,650,10,24,49
17097,650,1,25,39
17856,650,9,26,38
18619,650,2,27,29
19383,650,6,28,27
20152,650,0,29,21
20921,650,2,30,21
21692,650,2,31,19
22464,650,-1,32,17
23242,650,7,33,18
24021,650,0,34,11
24801,650,2,35,11
25582,650,6,36,9
26363,650,1,37,3
27144,650,2,38,2
2541,651,1,4,39
3200,651,2,5,38
3861,651,2,6,36
4525,651,1,7,34
5191,651,1,8,33
5858,651,1,9,32
6528,651,2,10,31
7202,651,3,11,29
7880,651,1,12,26
8564,651,1,13,25
9254,651,7,14,24
9947,651,0,15,17
10640,651,3,16,17
11341,651,3,17,14
12042,651,1,18,11
12747,651,2,19,10
13456,651,1,20,8
14167,651,2,21,7
14891,651,2,22,5
15620,651,3,23,3
16355,651,0,24,0
17098,651,0,25,0
17857,651,0,26,0
18620,651,0,27,0
19384,651,0,28,0
20153,651,0,29,0
20922,651,0,30,0
21693,651,0,31,0
22465,651,0,32,0
23243,651,0,33,0
24022,651,0,34,0
24802,651,0,35,0
25583,651,0,36,0
26364,651,0,37,0
27145,651,0,38,0
2542,652,1,4,49
3201,652,1,5,48
3862,652,1,6,47
4526,652,0,7,46
5192,652,1,8,46
5859,652,0,9,45
6529,652,1,10,45
7203,652,3,11,44
7881,652,1,12,41
8565,652,1,13,40
9255,652,1,14,39
9948,652,2,15,38
10641,652,2,16,36
11342,652,0,17,34
12043,652,1,18,34
12748,652,0,19,33
13457,652,2,20,33
14168,652,-1,21,31
14892,652,1,22,32
15621,652,2,23,31
16356,652,1,24,29
17099,652,0,25,28
17858,652,8,26,28
18621,652,2,27,20
19385,652,0,28,18
20154,652,3,29,18
20923,652,1,30,15
21694,652,3,31,14
22466,652,1,32,11
23244,652,1,33,10
24023,652,4,34,9
24803,652,4,35,5
25584,652,1,36,1
26365,652,0,37,0
27146,652,0,38,0
2543,653,1,4,36
3202,653,1,5,35
3863,653,0,6,34
4527,653,1,7,34
5193,653,1,8,33
5860,653,1,9,32
6530,653,0,10,31
7204,653,0,11,31
7882,653,0,12,31
8566,653,1,13,31
9256,653,1,14,30
9949,653,1,15,29
10642,653,1,16,28
11343,653,6,17,27
12044,653,1,18,21
12749,653,8,19,20
13458,653,1,20,12
14169,653,1,21,11
14893,653,1,22,10
15622,653,-1,23,9
16357,653,6,24,10
17100,653,1,25,4
17859,653,0,26,3
18622,653,0,27,3
19386,653,1,28,3
20155,653,0,29,2
20924,653,1,30,2
21695,653,0,31,1
22467,653,0,32,1
23245,653,1,33,1
24024,653,0,34,0
24804,653,0,35,0
25585,653,0,36,0
26366,653,0,37,0
27147,653,0,38,0
2544,654,0,4,47
3203,654,0,5,47
3864,654,1,6,47
4528,654,1,7,46
5194,654,0,8,45
5861,654,1,9,45
6531,654,1,10,44
7205,654,1,11,43
7883,654,3,12,42
8567,654,5,13,39
9257,654,2,14,34
9950,654,2,15,32
10643,654,0,16,30
11344,654,0,17,30
12045,654,1,18,30
12750,654,2,19,29
13459,654,0,20,27
14170,654,9,21,27
14894,654,1,22,18
15623,654,2,23,17
16358,654,2,24,15
17101,654,1,25,13
17860,654,1,26,12
18623,654,1,27,11
19387,654,1,28,10
20156,654,1,29,9
20925,654,1,30,8
21696,654,1,31,7
22468,654,2,32,6
23246,654,2,33,4
24025,654,0,34,2
24805,654,1,35,2
25586,654,1,36,1
26367,654,0,37,0
27148,654,0,38,0
2545,655,1,4,9
3204,655,0,5,8
3865,655,0,6,8
4529,655,1,7,8
5195,655,1,8,7
5862,655,1,9,6
6532,655,0,10,5
7206,655,0,11,5
7884,655,0,12,5
8568,655,1,13,5
9258,655,0,14,4
9951,655,0,15,4
10644,655,0,16,4
11345,655,1,17,4
12046,655,0,18,3
12751,655,1,19,3
13460,655,1,20,2
14171,655,0,21,1
14895,655,0,22,1
15624,655,0,23,1
16359,655,0,24,1
17102,655,0,25,1
17861,655,0,26,1
18624,655,0,27,1
19388,655,0,28,1
20157,655,0,29,1
20926,655,0,30,1
21697,655,0,31,1
22469,655,0,32,1
23247,655,0,33,1
24026,655,1,34,1
24806,655,0,35,0
25587,655,0,36,0
26368,655,0,37,0
27149,655,0,38,0
2546,656,0,4,0
3205,656,0,5,0
3866,656,0,6,0
4530,656,0,7,0
5196,656,0,8,0
5863,656,0,9,0
6533,656,0,10,0
7207,656,0,11,0
7885,656,0,12,0
8569,656,0,13,0
9259,656,0,14,0
9952,656,0,15,0
10645,656,0,16,0
11346,656,0,17,0
12047,656,0,18,0
12752,656,0,19,0
13461,656,0,20,0
14172,656,0,21,0
14896,656,0,22,0
15625,656,0,23,0
16360,656,0,24,0
17103,656,0,25,0
17862,656,0,26,0
18625,656,0,27,0
19389,656,0,28,0
20158,656,0,29,0
20927,656,0,30,0
21698,656,0,31,0
22470,656,0,32,0
23248,656,0,33,0
24027,656,0,34,0
24807,656,0,35,0
25588,656,0,36,0
26369,656,0,37,0
27150,656,0,38,0
2547,657,0,4,0
3206,657,0,5,0
3867,657,0,6,0
4531,657,0,7,0
5197,657,0,8,0
5864,657,0,9,0
6534,657,0,10,0
7208,657,0,11,0
7886,657,0,12,0
8570,657,0,13,0
9260,657,0,14,0
9953,657,0,15,0
10646,657,0,16,0
11347,657,0,17,0
12048,657,0,18,0
12753,657,0,19,0
13462,657,0,20,0
14173,657,0,21,0
14897,657,0,22,0
15626,657,0,23,0
16361,657,0,24,0
17104,657,0,25,0
17863,657,0,26,0
18626,657,0,27,0
19390,657,0,28,0
20159,657,0,29,0
20928,657,0,30,0
21699,657,0,31,0
22471,657,0,32,0
23249,657,0,33,0
24028,657,0,34,0
24808,657,0,35,0
25589,657,0,36,0
26370,657,0,37,0
27151,657,0,38,0
2548,658,0,4,10
3207,658,0,5,10
3868,658,0,6,10
4532,658,0,7,10
5198,658,0,8,10
5865,658,0,9,10
6535,658,0,10,10
7209,658,0,11,10
7887,658,0,12,10
8571,658,0,13,10
9261,658,0,14,10
9954,658,0,15,10
10647,658,0,16,10
11348,658,0,17,10
12049,658,0,18,10
12754,658,0,19,10
13463,658,0,20,10
14174,658,0,21,10
14898,658,0,22,10
15627,658,0,23,10
16362,658,0,24,10
17105,658,0,25,10
17864,658,0,26,10
18627,658,0,27,10
19391,658,1,28,10
20160,658,1,29,9
20929,658,0,30,8
21700,658,0,31,8
22472,658,0,32,8
23250,658,0,33,8
24029,658,0,34,8
24809,658,0,35,8
25590,658,0,36,8
26371,658,0,37,8
27152,658,8,38,8
2549,659,0,4,0
3208,659,0,5,0
3869,659,0,6,0
4533,659,0,7,0
5199,659,0,8,0
5866,659,0,9,0
6536,659,0,10,0
7210,659,0,11,0
7888,659,0,12,0
8572,659,0,13,0
9262,659,0,14,0
9955,659,0,15,0
10648,659,0,16,0
11349,659,0,17,0
12050,659,0,18,0
12755,659,0,19,0
13464,659,0,20,0
14175,659,0,21,0
14899,659,0,22,0
15628,659,0,23,0
16363,659,0,24,0
17106,659,0,25,0
17865,659,0,26,0
18628,659,0,27,0
19392,659,0,28,0
20161,659,0,29,0
20930,659,0,30,0
21701,659,0,31,0
22473,659,0,32,0
23251,659,0,33,0
24030,659,0,34,0
24810,659,0,35,0
25591,659,0,36,0
26372,659,0,37,0
27153,659,0,38,0
3209,660,0,5,0
3870,660,0,6,0
4534,660,0,7,0
5200,660,0,8,0
5867,660,0,9,0
6537,660,0,10,0
7211,660,0,11,0
7889,660,0,12,0
8573,660,0,13,0
9263,660,0,14,0
9956,660,0,15,0
10649,660,0,16,0
11350,660,0,17,0
12051,660,0,18,0
12756,660,0,19,0
13465,660,0,20,0
14176,660,0,21,0
14900,660,0,22,0
15629,660,0,23,0
16364,660,0,24,0
17107,660,0,25,0
17866,660,0,26,0
18629,660,0,27,0
19393,660,0,28,0
20162,660,0,29,0
20931,660,0,30,0
21702,660,0,31,0
22474,660,0,32,0
23252,660,0,33,0
24031,660,0,34,0
24811,660,0,35,0
25592,660,0,36,0
26373,660,0,37,0
27154,660,0,38,0
3210,661,0,5,1
3871,661,0,6,1
4535,661,1,7,1
5201,661,0,8,0
5868,661,0,9,0
6538,661,0,10,0
7212,661,0,11,0
7890,661,0,12,0
8574,661,0,13,0
9264,661,0,14,0
9957,661,0,15,0
10650,661,0,16,0
11351,661,0,17,0
12052,661,0,18,0
12757,661,0,19,0
13466,661,0,20,0
14177,661,0,21,0
14901,661,0,22,0
15630,661,0,23,0
16365,661,0,24,0
17108,661,0,25,0
17867,661,0,26,0
18630,661,0,27,0
19394,661,0,28,0
20163,661,0,29,0
20932,661,0,30,0
21703,661,0,31,0
22475,661,0,32,0
23253,661,0,33,0
24032,661,0,34,0
24812,661,0,35,0
25593,661,0,36,0
26374,661,0,37,0
27155,661,0,38,0
3872,662,0,6,0
4536,662,0,7,0
5202,662,0,8,0
5869,662,0,9,0
6539,662,0,10,0
7213,662,0,11,0
7891,662,0,12,0
8575,662,0,13,0
9265,662,0,14,0
9958,662,0,15,0
10651,662,0,16,0
11352,662,0,17,0
12053,662,0,18,0
12758,662,0,19,0
13467,662,0,20,0
14178,662,0,21,0
14902,662,0,22,0
15631,662,0,23,0
16366,662,0,24,0
17109,662,0,25,0
17868,662,0,26,0
18631,662,0,27,0
19395,662,0,28,0
20164,662,0,29,0
20933,662,0,30,0
21704,662,0,31,0
22476,662,0,32,0
23254,662,0,33,0
24033,662,0,34,0
24813,662,0,35,0
25594,662,0,36,0
26375,662,0,37,0
27156,662,0,38,0
3873,663,0,6,0
4537,663,0,7,0
5203,663,0,8,0
5870,663,0,9,0
6540,663,0,10,0
7214,663,0,11,0
7892,663,0,12,0
8576,663,0,13,0
9266,663,0,14,0
9959,663,0,15,0
10652,663,0,16,0
11353,663,0,17,0
12054,663,0,18,0
12759,663,0,19,0
13468,663,0,20,0
14179,663,0,21,0
14903,663,0,22,0
15632,663,0,23,0
16367,663,0,24,0
17110,663,0,25,0
17869,663,0,26,0
18632,663,0,27,0
19396,663,0,28,0
20165,663,0,29,0
20934,663,0,30,0
21705,663,0,31,0
22477,663,0,32,0
23255,663,0,33,0
24034,663,0,34,0
24814,663,0,35,0
25595,663,0,36,0
26376,663,0,37,0
27157,663,0,38,0
3874,664,0,6,1
4538,664,0,7,1
5204,664,0,8,1
5871,664,0,9,1
6541,664,0,10,1
7215,664,0,11,1
7893,664,1,12,1
8577,664,0,13,0
9267,664,0,14,0
9960,664,0,15,0
10653,664,0,16,0
11354,664,0,17,0
12055,664,0,18,0
12760,664,0,19,0
13469,664,0,20,0
14180,664,0,21,0
14904,664,0,22,0
15633,664,0,23,0
16368,664,0,24,0
17111,664,0,25,0
17870,664,0,26,0
18633,664,0,27,0
19397,664,0,28,0
20166,664,0,29,0
20935,664,0,30,0
21706,664,0,31,0
22478,664,0,32,0
23256,664,0,33,0
24035,664,0,34,0
24815,664,0,35,0
25596,664,0,36,0
26377,664,0,37,0
27158,664,0,38,0
4539,665,0,7,1
5205,665,0,8,1
5872,665,0,9,1
6542,665,0,10,1
7216,665,0,11,1
7894,665,0,12,1
8578,665,0,13,1
9268,665,0,14,1
9961,665,0,15,1
10654,665,0,16,1
11355,665,0,17,1
12056,665,0,18,1
12761,665,0,19,1
13470,665,0,20,1
14181,665,0,21,1
14905,665,0,22,1
15634,665,0,23,1
16369,665,0,24,1
17112,665,0,25,1
17871,665,0,26,1
18634,665,0,27,1
19398,665,0,28,1
20167,665,0,29,1
20936,665,0,30,1
21707,665,0,31,1
22479,665,0,32,1
23257,665,1,33,1
24036,665,0,34,0
24816,665,0,35,0
25597,665,0,36,0
26378,665,0,37,0
27159,665,0,38,0
4540,666,0,7,2
5206,666,0,8,2
5873,666,0,9,2
6543,666,0,10,2
7217,666,1,11,2
7895,666,0,12,1
8579,666,0,13,1
9269,666,0,14,1
9962,666,0,15,1
10655,666,0,16,1
11356,666,1,17,1
12057,666,0,18,0
12762,666,0,19,0
13471,666,0,20,0
14182,666,0,21,0
14906,666,0,22,0
15635,666,0,23,0
16370,666,0,24,0
17113,666,0,25,0
17872,666,0,26,0
18635,666,0,27,0
19399,666,0,28,0
20168,666,0,29,0
20937,666,0,30,0
21708,666,0,31,0
22480,666,0,32,0
23258,666,0,33,0
24037,666,0,34,0
24817,666,0,35,0
25598,666,0,36,0
26379,666,0,37,0
27160,666,0,38,0
5207,667,0,8,0
5874,667,0,9,0
6544,667,0,10,0
7218,667,0,11,0
7896,667,0,12,0
8580,667,0,13,0
9270,667,0,14,0
9963,667,0,15,0
10656,667,0,16,0
11357,667,0,17,0
12058,667,0,18,0
12763,667,0,19,0
13472,667,0,20,0
14183,667,0,21,0
14907,667,0,22,0
15636,667,0,23,0
16371,667,0,24,0
17114,667,0,25,0
17873,667,0,26,0
18636,667,0,27,0
19400,667,0,28,0
20169,667,0,29,0
20938,667,0,30,0
21709,667,0,31,0
22481,667,0,32,0
23259,667,0,33,0
24038,667,0,34,0
24818,667,0,35,0
25599,667,0,36,0
26380,667,0,37,0
27161,667,0,38,0
5875,668,0,9,0
6545,668,0,10,0
7219,668,0,11,0
7897,668,0,12,0
8581,668,0,13,0
9271,668,0,14,0
9964,668,0,15,0
10657,668,0,16,0
11358,668,0,17,0
12059,668,0,18,0
12764,668,0,19,0
13473,668,0,20,0
14184,668,0,21,0
14908,668,0,22,0
15637,668,0,23,0
16372,668,0,24,0
17115,668,0,25,0
17874,668,0,26,0
18637,668,0,27,0
19401,668,0,28,0
20170,668,0,29,0
20939,668,0,30,0
21710,668,0,31,0
22482,668,0,32,0
23260,668,0,33,0
24039,668,0,34,0
24819,668,0,35,0
25600,668,0,36,0
26381,668,0,37,0
27162,668,0,38,0
5876,669,0,9,0
6546,669,0,10,0
7220,669,0,11,0
7898,669,0,12,0
8582,669,0,13,0
9272,669,0,14,0
9965,669,0,15,0
10658,669,0,16,0
11359,669,0,17,0
12060,669,0,18,0
12765,669,0,19,0
13474,669,0,20,0
14185,669,0,21,0
14909,669,0,22,0
15638,669,0,23,0
16373,669,0,24,0
17116,669,0,25,0
17875,669,0,26,0
18638,669,0,27,0
19402,669,0,28,0
20171,669,0,29,0
20940,669,0,30,0
21711,669,0,31,0
22483,669,0,32,0
23261,669,0,33,0
24040,669,0,34,0
24820,669,0,35,0
25601,669,0,36,0
26382,669,0,37,0
27163,669,0,38,0
5877,670,0,9,4
6547,670,0,10,4
7221,670,0,11,4
7899,670,0,12,4
8583,670,0,13,4
9273,670,0,14,4
9966,670,0,15,4
10659,670,0,16,4
11360,670,0,17,4
12061,670,0,18,4
12766,670,0,19,4
13475,670,0,20,4
14186,670,0,21,4
14910,670,0,22,4
15639,670,0,23,4
16374,670,0,24,4
17117,670,0,25,4
17876,670,0,26,4
18639,670,0,27,4
19403,670,0,28,4
20172,670,1,29,4
20941,670,0,30,3
21712,670,0,31,3
22484,670,0,32,3
23262,670,2,33,3
24041,670,0,34,1
24821,670,0,35,1
25602,670,1,36,1
26383,670,0,37,0
27164,670,0,38,0
6548,671,0,10,0
7222,671,0,11,0
7900,671,0,12,0
8584,671,0,13,0
9274,671,0,14,0
9967,671,0,15,0
10660,671,0,16,0
11361,671,0,17,0
12062,671,0,18,0
12767,671,0,19,0
13476,671,0,20,0
14187,671,0,21,0
14911,671,0,22,0
15640,671,0,23,0
16375,671,0,24,0
17118,671,0,25,0
17877,671,0,26,0
18640,671,0,27,0
19404,671,0,28,0
20173,671,0,29,0
20942,671,0,30,0
21713,671,0,31,0
22485,671,0,32,0
23263,671,0,33,0
24042,671,0,34,0
24822,671,0,35,0
25603,671,0,36,0
26384,671,0,37,0
27165,671,0,38,0
6549,672,0,10,1
7223,672,0,11,1
7901,672,0,12,1
8585,672,0,13,1
9275,672,0,14,1
9968,672,0,15,1
10661,672,0,16,1
11362,672,0,17,1
12063,672,1,18,1
12768,672,0,19,0
13477,672,0,20,0
14188,672,0,21,0
14912,672,0,22,0
15641,672,0,23,0
16376,672,0,24,0
17119,672,0,25,0
17878,672,0,26,0
18641,672,0,27,0
19405,672,0,28,0
20174,672,0,29,0
20943,672,0,30,0
21714,672,0,31,0
22486,672,0,32,0
23264,672,0,33,0
24043,672,0,34,0
24823,672,0,35,0
25604,672,0,36,0
26385,672,0,37,0
27166,672,0,38,0
6550,673,0,10,0
7224,673,0,11,0
7902,673,0,12,0
8586,673,0,13,0
9276,673,0,14,0
9969,673,0,15,0
10662,673,0,16,0
11363,673,0,17,0
12064,673,0,18,0
12769,673,0,19,0
13478,673,0,20,0
14189,673,0,21,0
14913,673,0,22,0
15642,673,0,23,0
16377,673,0,24,0
17120,673,0,25,0
17879,673,0,26,0
18642,673,0,27,0
19406,673,0,28,0
20175,673,0,29,0
20944,673,0,30,0
21715,673,0,31,0
22487,673,0,32,0
23265,673,0,33,0
24044,673,0,34,0
24824,673,0,35,0
25605,673,0,36,0
26386,673,0,37,0
27167,673,0,38,0
6551,674,0,10,8
7225,674,0,11,8
7903,674,0,12,8
8587,674,0,13,8
9277,674,1,14,8
9970,674,1,15,7
10663,674,0,16,6
11364,674,1,17,6
12065,674,0,18,5
12770,674,1,19,5
13479,674,1,20,4
14190,674,0,21,3
14914,674,0,22,3
15643,674,0,23,3
16378,674,0,24,3
17121,674,0,25,3
17880,674,1,26,3
18643,674,1,27,2
19407,674,0,28,1
20176,674,0,29,1
20945,674,1,30,1
21716,674,0,31,0
22488,674,0,32,0
23266,674,0,33,0
24045,674,0,34,0
24825,674,0,35,0
25606,674,0,36,0
26387,674,0,37,0
27168,674,0,38,0
7226,675,0,11,0
7904,675,0,12,0
8588,675,0,13,0
9278,675,0,14,0
9971,675,0,15,0
10664,675,0,16,0
11365,675,0,17,0
12066,675,0,18,0
12771,675,0,19,0
13480,675,0,20,0
14191,675,0,21,0
14915,675,0,22,0
15644,675,0,23,0
16379,675,0,24,0
17122,675,0,25,0
17881,675,0,26,0
18644,675,0,27,0
19408,675,0,28,0
20177,675,0,29,0
20946,675,0,30,0
21717,675,0,31,0
22489,675,0,32,0
23267,675,0,33,0
24046,675,0,34,0
24826,675,0,35,0
25607,675,0,36,0
26388,675,0,37,0
27169,675,0,38,0
7227,676,0,11,0
7905,676,0,12,0
8589,676,0,13,0
9279,676,0,14,0
9972,676,0,15,0
10665,676,0,16,0
11366,676,0,17,0
12067,676,0,18,0
12772,676,0,19,0
13481,676,0,20,0
14192,676,0,21,0
14916,676,0,22,0
15645,676,0,23,0
16380,676,0,24,0
17123,676,0,25,0
17882,676,0,26,0
18645,676,0,27,0
19409,676,0,28,0
20178,676,0,29,0
20947,676,0,30,0
21718,676,0,31,0
22490,676,0,32,0
23268,676,0,33,0
24047,676,0,34,0
24827,676,0,35,0
25608,676,0,36,0
26389,676,0,37,0
27170,676,0,38,0
7228,677,0,11,0
7906,677,0,12,0
8590,677,0,13,0
9280,677,0,14,0
9973,677,0,15,0
10666,677,0,16,0
11367,677,0,17,0
12068,677,0,18,0
12773,677,0,19,0
13482,677,0,20,0
14193,677,0,21,0
14917,677,0,22,0
15646,677,0,23,0
16381,677,0,24,0
17124,677,0,25,0
17883,677,0,26,0
18646,677,0,27,0
19410,677,0,28,0
20179,677,0,29,0
20948,677,0,30,0
21719,677,0,31,0
22491,677,0,32,0
23269,677,0,33,0
24048,677,0,34,0
24828,677,0,35,0
25609,677,0,36,0
26390,677,0,37,0
27171,677,0,38,0
7229,678,0,11,29
7907,678,0,12,29
8591,678,0,13,29
9281,678,0,14,29
9974,678,0,15,29
10667,678,1,16,29
11368,678,1,17,28
12069,678,0,18,27
12774,678,0,19,27
13483,678,0,20,27
14194,678,1,21,27
14918,678,1,22,26
15647,678,1,23,25
16382,678,1,24,24
17125,678,1,25,23
17884,678,7,26,22
18647,678,6,27,15
19411,678,2,28,9
20180,678,0,29,7
20949,678,2,30,7
21720,678,1,31,5
22492,678,1,32,4
23270,678,1,33,3
24049,678,0,34,2
24829,678,0,35,2
25610,678,0,36,2
26391,678,0,37,2
27172,678,2,38,2
7908,679,0,12,0
8592,679,0,13,0
9282,679,0,14,0
9975,679,0,15,0
10668,679,0,16,0
11369,679,0,17,0
12070,679,0,18,0
12775,679,0,19,0
13484,679,0,20,0
14195,679,0,21,0
14919,679,0,22,0
15648,679,0,23,0
16383,679,0,24,0
17126,679,0,25,0
17885,679,0,26,0
18648,679,0,27,0
19412,679,0,28,0
20181,679,0,29,0
20950,679,0,30,0
21721,679,0,31,0
22493,679,0,32,0
23271,679,0,33,0
24050,679,0,34,0
24830,679,0,35,0
25611,679,0,36,0
26392,679,0,37,0
27173,679,0,38,0
7909,680,0,12,0
8593,680,0,13,0
9283,680,0,14,0
9976,680,0,15,0
10669,680,0,16,0
11370,680,0,17,0
12071,680,0,18,0
12776,680,0,19,0
13485,680,0,20,0
14196,680,0,21,0
14920,680,0,22,0
15649,680,0,23,0
16384,680,0,24,0
17127,680,0,25,0
17886,680,0,26,0
18649,680,0,27,0
19413,680,0,28,0
20182,680,0,29,0
20951,680,0,30,0
21722,680,0,31,0
22494,680,0,32,0
23272,680,0,33,0
24051,680,0,34,0
24831,680,0,35,0
25612,680,0,36,0
26393,680,0,37,0
27174,680,0,38,0
7910,681,0,12,0
8594,681,0,13,0
9284,681,0,14,0
9977,681,0,15,0
10670,681,0,16,0
11371,681,0,17,0
12072,681,0,18,0
12777,681,0,19,0
13486,681,0,20,0
14197,681,0,21,0
14921,681,0,22,0
15650,681,0,23,0
16385,681,0,24,0
17128,681,0,25,0
17887,681,0,26,0
18650,681,0,27,0
19414,681,0,28,0
20183,681,0,29,0
20952,681,0,30,0
21723,681,0,31,0
22495,681,0,32,0
23273,681,0,33,0
24052,681,0,34,0
24832,681,0,35,0
25613,681,0,36,0
26394,681,0,37,0
27175,681,0,38,0
7911,682,0,12,0
8595,682,0,13,0
9285,682,0,14,0
9978,682,0,15,0
10671,682,0,16,0
11372,682,0,17,0
12073,682,0,18,0
12778,682,0,19,0
13487,682,0,20,0
14198,682,0,21,0
14922,682,0,22,0
15651,682,0,23,0
16386,682,0,24,0
17129,682,0,25,0
17888,682,0,26,0
18651,682,0,27,0
19415,682,0,28,0
20184,682,0,29,0
20953,682,0,30,0
21724,682,0,31,0
22496,682,0,32,0
23274,682,0,33,0
24053,682,0,34,0
24833,682,0,35,0
25614,682,0,36,0
26395,682,0,37,0
27176,682,0,38,0
7912,683,0,12,0
8596,683,0,13,0
9286,683,0,14,0
9979,683,0,15,0
10672,683,0,16,0
11373,683,0,17,0
12074,683,0,18,0
12779,683,0,19,0
13488,683,0,20,0
14199,683,0,21,0
14923,683,0,22,0
15652,683,0,23,0
16387,683,0,24,0
17130,683,0,25,0
17889,683,0,26,0
18652,683,0,27,0
19416,683,0,28,0
20185,683,0,29,0
20954,683,0,30,0
21725,683,0,31,0
22497,683,0,32,0
23275,683,0,33,0
24054,683,0,34,0
24834,683,0,35,0
25615,683,0,36,0
26396,683,0,37,0
27177,683,0,38,0
7913,684,0,12,0
8597,684,0,13,0
9287,684,0,14,0
9980,684,0,15,0
10673,684,0,16,0
11374,684,0,17,0
12075,684,0,18,0
12780,684,0,19,0
13489,684,0,20,0
14200,684,0,21,0
14924,684,0,22,0
15653,684,0,23,0
16388,684,0,24,0
17131,684,0,25,0
17890,684,0,26,0
18653,684,0,27,0
19417,684,0,28,0
20186,684,0,29,0
20955,684,0,30,0
21726,684,0,31,0
22498,684,0,32,0
23276,684,0,33,0
24055,684,0,34,0
24835,684,0,35,0
25616,684,0,36,0
26397,684,0,37,0
27178,684,0,38,0
8598,685,0,13,0
9288,685,0,14,0
9981,685,0,15,0
10674,685,0,16,0
11375,685,0,17,0
12076,685,0,18,0
12781,685,0,19,0
13490,685,0,20,0
14201,685,0,21,0
14925,685,0,22,0
15654,685,0,23,0
16389,685,0,24,0
17132,685,0,25,0
17891,685,0,26,0
18654,685,0,27,0
19418,685,0,28,0
20187,685,0,29,0
20956,685,0,30,0
21727,685,0,31,0
22499,685,0,32,0
23277,685,0,33,0
24056,685,0,34,0
24836,685,0,35,0
25617,685,0,36,0
26398,685,0,37,0
27179,685,0,38,0
8599,686,0,13,4
9289,686,0,14,4
9982,686,0,15,4
10675,686,0,16,4
11376,686,0,17,4
12077,686,0,18,4
12782,686,1,19,4
13491,686,0,20,3
14202,686,0,21,3
14926,686,1,22,3
15655,686,0,23,2
16390,686,0,24,2
17133,686,0,25,2
17892,686,0,26,2
18655,686,0,27,2
19419,686,0,28,2
20188,686,0,29,2
20957,686,0,30,2
21728,686,1,31,2
22500,686,0,32,1
23278,686,0,33,1
24057,686,0,34,1
24837,686,0,35,1
25618,686,0,36,1
26399,686,0,37,1
27180,686,1,38,1
8600,687,0,13,0
9290,687,0,14,0
9983,687,0,15,0
10676,687,0,16,0
11377,687,0,17,0
12078,687,0,18,0
12783,687,0,19,0
13492,687,0,20,0
14203,687,0,21,0
14927,687,0,22,0
15656,687,0,23,0
16391,687,0,24,0
17134,687,0,25,0
17893,687,0,26,0
18656,687,0,27,0
19420,687,0,28,0
20189,687,0,29,0
20958,687,0,30,0
21729,687,0,31,0
22501,687,0,32,0
23279,687,0,33,0
24058,687,0,34,0
24838,687,0,35,0
25619,687,0,36,0
26400,687,0,37,0
27181,687,0,38,0
8601,688,0,13,0
9291,688,0,14,0
9984,688,0,15,0
10677,688,0,16,0
11378,688,0,17,0
12079,688,0,18,0
12784,688,0,19,0
13493,688,0,20,0
14204,688,0,21,0
14928,688,0,22,0
15657,688,0,23,0
16392,688,0,24,0
17135,688,0,25,0
17894,688,0,26,0
18657,688,0,27,0
19421,688,0,28,0
20190,688,0,29,0
20959,688,0,30,0
21730,688,0,31,0
22502,688,0,32,0
23280,688,0,33,0
24059,688,0,34,0
24839,688,0,35,0
25620,688,0,36,0
26401,688,0,37,0
27182,688,0,38,0
8602,689,0,13,0
9292,689,0,14,0
9985,689,0,15,0
10678,689,0,16,0
11379,689,0,17,0
12080,689,0,18,0
12785,689,0,19,0
13494,689,0,20,0
14205,689,0,21,0
14929,689,0,22,0
15658,689,0,23,0
16393,689,0,24,0
17136,689,0,25,0
17895,689,0,26,0
18658,689,0,27,0
19422,689,0,28,0
20191,689,0,29,0
20960,689,0,30,0
21731,689,0,31,0
22503,689,0,32,0
23281,689,0,33,0
24060,689,0,34,0
24840,689,0,35,0
25621,689,0,36,0
26402,689,0,37,0
27183,689,0,38,0
8603,690,0,13,0
9293,690,0,14,0
9986,690,0,15,0
10679,690,0,16,0
11380,690,0,17,0
12081,690,0,18,0
12786,690,0,19,0
13495,690,0,20,0
14206,690,0,21,0
14930,690,0,22,0
15659,690,0,23,0
16394,690,0,24,0
17137,690,0,25,0
17896,690,0,26,0
18659,690,0,27,0
19423,690,0,28,0
20192,690,0,29,0
20961,690,0,30,0
21732,690,0,31,0
22504,690,0,32,0
23282,690,0,33,0
24061,690,0,34,0
24841,690,0,35,0
25622,690,0,36,0
26403,690,0,37,0
27184,690,0,38,0
9294,691,0,14,0
9987,691,0,15,0
10680,691,0,16,0
11381,691,0,17,0
12082,691,0,18,0
12787,691,0,19,0
13496,691,0,20,0
14207,691,0,21,0
14931,691,0,22,0
15660,691,0,23,0
16395,691,0,24,0
17138,691,0,25,0
17897,691,0,26,0
18660,691,0,27,0
19424,691,0,28,0
20193,691,0,29,0
20962,691,0,30,0
21733,691,0,31,0
22505,691,0,32,0
23283,691,0,33,0
24062,691,0,34,0
24842,691,0,35,0
25623,691,0,36,0
26404,691,0,37,0
27185,691,0,38,0
9295,692,0,14,0
9988,692,0,15,0
10681,692,0,16,0
11382,692,0,17,0
12083,692,0,18,0
12788,692,0,19,0
13497,692,0,20,0
14208,692,0,21,0
14932,692,0,22,0
15661,692,0,23,0
16396,692,0,24,0
17139,692,0,25,0
17898,692,0,26,0
18661,692,0,27,0
19425,692,0,28,0
20194,692,0,29,0
20963,692,0,30,0
21734,692,0,31,0
22506,692,0,32,0
23284,692,0,33,0
24063,692,0,34,0
24843,692,0,35,0
25624,692,0,36,0
26405,692,0,37,0
27186,692,0,38,0
9296,693,0,14,0
9989,693,0,15,0
10682,693,0,16,0
11383,693,0,17,0
12084,693,0,18,0
12789,693,0,19,0
13498,693,0,20,0
14209,693,0,21,0
14933,693,0,22,0
15662,693,0,23,0
16397,693,0,24,0
17140,693,0,25,0
17899,693,0,26,0
18662,693,0,27,0
19426,693,0,28,0
20195,693,0,29,0
20964,693,0,30,0
21735,693,0,31,0
22507,693,0,32,0
23285,693,0,33,0
24064,693,0,34,0
24844,693,0,35,0
25625,693,0,36,0
26406,693,0,37,0
27187,693,0,38,0
10683,694,0,16,0
11384,694,0,17,0
12085,694,0,18,0
12790,694,0,19,0
13499,694,0,20,0
14210,694,0,21,0
14934,694,0,22,0
15663,694,0,23,0
16398,694,0,24,0
17141,694,0,25,0
17900,694,0,26,0
18663,694,0,27,0
19427,694,0,28,0
20196,694,0,29,0
20965,694,0,30,0
21736,694,0,31,0
22508,694,0,32,0
23286,694,0,33,0
24065,694,0,34,0
24845,694,0,35,0
25626,694,0,36,0
26407,694,0,37,0
27188,694,0,38,0
10684,695,0,16,0
11385,695,0,17,0
12086,695,0,18,0
12791,695,0,19,0
13500,695,0,20,0
14211,695,0,21,0
14935,695,0,22,0
15664,695,0,23,0
16399,695,0,24,0
17142,695,0,25,0
17901,695,0,26,0
18664,695,0,27,0
19428,695,0,28,0
20197,695,0,29,0
20966,695,0,30,0
21737,695,0,31,0
22509,695,0,32,0
23287,695,0,33,0
24066,695,0,34,0
24846,695,0,35,0
25627,695,0,36,0
26408,695,0,37,0
27189,695,0,38,0
10685,696,0,16,17
11386,696,0,17,17
12087,696,0,18,17
12792,696,0,19,17
13501,696,0,20,17
14212,696,0,21,17
14936,696,0,22,17
15665,696,0,23,17
16400,696,0,24,17
17143,696,1,25,17
17902,696,0,26,16
18665,696,4,27,16
19429,696,1,28,12
20198,696,1,29,11
20967,696,0,30,10
21738,696,0,31,10
22510,696,0,32,10
23288,696,6,33,10
24067,696,1,34,4
24847,696,0,35,3
25628,696,0,36,3
26409,696,3,37,3
27190,696,0,38,0
10686,697,0,16,4
11387,697,0,17,4
12088,697,0,18,4
12793,697,0,19,4
13502,697,2,20,4
14213,697,1,21,2
14937,697,0,22,1
15666,697,0,23,1
16401,697,0,24,1
17144,697,0,25,1
17903,697,0,26,1
18666,697,1,27,1
19430,697,0,28,0
20199,697,0,29,0
20968,697,0,30,0
21739,697,0,31,0
22511,697,0,32,0
23289,697,0,33,0
24068,697,0,34,0
24848,697,0,35,0
25629,697,0,36,0
26410,697,0,37,0
27191,697,0,38,0
10687,698,0,16,1
11388,698,0,17,1
12089,698,0,18,1
12794,698,0,19,1
13503,698,0,20,1
14214,698,0,21,1
14938,698,1,22,1
15667,698,0,23,0
16402,698,0,24,0
17145,698,0,25,0
17904,698,0,26,0
18667,698,0,27,0
19431,698,0,28,0
20200,698,0,29,0
20969,698,0,30,0
21740,698,0,31,0
22512,698,0,32,0
23290,698,0,33,0
24069,698,0,34,0
24849,698,0,35,0
25630,698,0,36,0
26411,698,0,37,0
27192,698,0,38,0
10688,699,1,16,1
11389,699,0,17,0
12090,699,0,18,0
12795,699,0,19,0
13504,699,0,20,0
14215,699,0,21,0
14939,699,0,22,0
15668,699,0,23,0
16403,699,0,24,0
17146,699,0,25,0
17905,699,0,26,0
18668,699,0,27,0
19432,699,0,28,0
20201,699,0,29,0
20970,699,0,30,0
21741,699,0,31,0
22513,699,0,32,0
23291,699,0,33,0
24070,699,0,34,0
24850,699,0,35,0
25631,699,0,36,0
26412,699,0,37,0
27193,699,0,38,0
10689,700,0,16,0
11390,700,0,17,0
12091,700,0,18,0
12796,700,0,19,0
13505,700,0,20,0
14216,700,0,21,0
14940,700,0,22,0
15669,700,0,23,0
16404,700,0,24,0
17147,700,0,25,0
17906,700,0,26,0
18669,700,0,27,0
19433,700,0,28,0
20202,700,0,29,0
20971,700,0,30,0
21742,700,0,31,0
22514,700,0,32,0
23292,700,0,33,0
24071,700,0,34,0
24851,700,0,35,0
25632,700,0,36,0
26413,700,0,37,0
27194,700,0,38,0
10690,701,0,16,2
11391,701,0,17,2
12092,701,0,18,2
12797,701,0,19,2
13506,701,0,20,2
14217,701,0,21,2
14941,701,1,22,2
15670,701,0,23,1
16405,701,1,24,1
17148,701,0,25,0
17907,701,0,26,0
18670,701,0,27,0
19434,701,0,28,0
20203,701,0,29,0
20972,701,0,30,0
21743,701,0,31,0
22515,701,0,32,0
23293,701,0,33,0
24072,701,0,34,0
24852,701,0,35,0
25633,701,0,36,0
26414,701,0,37,0
27195,701,0,38,0
12093,702,0,18,0
12798,702,0,19,0
13507,702,0,20,0
14218,702,0,21,0
14942,702,0,22,0
15671,702,0,23,0
16406,702,0,24,0
17149,702,0,25,0
17908,702,0,26,0
18671,702,0,27,0
19435,702,0,28,0
20204,702,0,29,0
20973,702,0,30,0
21744,702,0,31,0
22516,702,0,32,0
23294,702,0,33,0
24073,702,0,34,0
24853,702,0,35,0
25634,702,0,36,0
26415,702,0,37,0
27196,702,0,38,0
12094,703,0,18,0
12799,703,0,19,0
13508,703,0,20,0
14219,703,0,21,0
14943,703,0,22,0
15672,703,0,23,0
16407,703,0,24,0
17150,703,0,25,0
17909,703,0,26,0
18672,703,0,27,0
19436,703,0,28,0
20205,703,0,29,0
20974,703,0,30,0
21745,703,0,31,0
22517,703,0,32,0
23295,703,0,33,0
24074,703,0,34,0
24854,703,0,35,0
25635,703,0,36,0
26416,703,0,37,0
27197,703,0,38,0
12095,704,0,18,0
12800,704,0,19,0
13509,704,0,20,0
14220,704,0,21,0
14944,704,0,22,0
15673,704,0,23,0
16408,704,0,24,0
17151,704,0,25,0
17910,704,0,26,0
18673,704,0,27,0
19437,704,0,28,0
20206,704,0,29,0
20975,704,0,30,0
21746,704,0,31,0
22518,704,0,32,0
23296,704,0,33,0
24075,704,0,34,0
24855,704,0,35,0
25636,704,0,36,0
26417,704,0,37,0
27198,704,0,38,0
12096,705,0,18,0
12801,705,0,19,0
13510,705,0,20,0
14221,705,0,21,0
14945,705,0,22,0
15674,705,0,23,0
16409,705,0,24,0
17152,705,0,25,0
17911,705,0,26,0
18674,705,0,27,0
19438,705,0,28,0
20207,705,0,29,0
20976,705,0,30,0
21747,705,0,31,0
22519,705,0,32,0
23297,705,0,33,0
24076,705,0,34,0
24856,705,0,35,0
25637,705,0,36,0
26418,705,0,37,0
27199,705,0,38,0
12802,706,0,19,1
13511,706,0,20,1
14222,706,0,21,1
14946,706,1,22,1
15675,706,0,23,0
16410,706,0,24,0
17153,706,0,25,0
17912,706,0,26,0
18675,706,0,27,0
19439,706,0,28,0
20208,706,0,29,0
20977,706,0,30,0
21748,706,0,31,0
22520,706,0,32,0
23298,706,0,33,0
24077,706,0,34,0
24857,706,0,35,0
25638,706,0,36,0
26419,706,0,37,0
27200,706,0,38,0
12803,707,0,19,0
13512,707,0,20,0
14223,707,0,21,0
14947,707,0,22,0
15676,707,0,23,0
16411,707,0,24,0
17154,707,0,25,0
17913,707,0,26,0
18676,707,0,27,0
19440,707,0,28,0
20209,707,0,29,0
20978,707,0,30,0
21749,707,0,31,0
22521,707,0,32,0
23299,707,0,33,0
24078,707,0,34,0
24858,707,0,35,0
25639,707,0,36,0
26420,707,0,37,0
27201,707,0,38,0
12804,708,0,19,1
13513,708,0,20,1
14224,708,0,21,1
14948,708,0,22,1
15677,708,1,23,1
16412,708,0,24,0
17155,708,0,25,0
17914,708,0,26,0
18677,708,0,27,0
19441,708,0,28,0
20210,708,0,29,0
20979,708,0,30,0
21750,708,0,31,0
22522,708,0,32,0
23300,708,0,33,0
24079,708,0,34,0
24859,708,0,35,0
25640,708,0,36,0
26421,708,0,37,0
27202,708,0,38,0
12805,709,0,19,0
13514,709,0,20,0
14225,709,0,21,0
14949,709,0,22,0
15678,709,0,23,0
16413,709,0,24,0
17156,709,0,25,0
17915,709,0,26,0
18678,709,0,27,0
19442,709,0,28,0
20211,709,0,29,0
20980,709,0,30,0
21751,709,0,31,0
22523,709,0,32,0
23301,709,0,33,0
24080,709,0,34,0
24860,709,0,35,0
25641,709,0,36,0
26422,709,0,37,0
27203,709,0,38,0
13515,710,0,20,0
14226,710,0,21,0
14950,710,0,22,0
15679,710,0,23,0
16414,710,0,24,0
17157,710,0,25,0
17916,710,0,26,0
18679,710,0,27,0
19443,710,0,28,0
20212,710,0,29,0
20981,710,0,30,0
21752,710,0,31,0
22524,710,0,32,0
23302,710,0,33,0
24081,710,0,34,0
24861,710,0,35,0
25642,710,0,36,0
26423,710,0,37,0
27204,710,0,38,0
13516,711,0,20,0
14227,711,0,21,0
14951,711,0,22,0
15680,711,0,23,0
16415,711,0,24,0
17158,711,0,25,0
17917,711,0,26,0
18680,711,0,27,0
19444,711,0,28,0
20213,711,0,29,0
20982,711,0,30,0
21753,711,0,31,0
22525,711,0,32,0
23303,711,0,33,0
24082,711,0,34,0
24862,711,0,35,0
25643,711,0,36,0
26424,711,0,37,0
27205,711,0,38,0
14228,712,0,21,0
14952,712,0,22,0
15681,712,0,23,0
16416,712,0,24,0
17159,712,0,25,0
17918,712,0,26,0
18681,712,0,27,0
19445,712,0,28,0
20214,712,0,29,0
20983,712,0,30,0
21754,712,0,31,0
22526,712,0,32,0
23304,712,0,33,0
24083,712,0,34,0
24863,712,0,35,0
25644,712,0,36,0
26425,712,0,37,0
27206,712,0,38,0
14229,713,0,21,3
14953,713,0,22,3
15682,713,0,23,3
16417,713,0,24,3
17160,713,0,25,3
17919,713,0,26,3
18682,713,0,27,3
19446,713,0,28,3
20215,713,0,29,3
20984,713,0,30,3
21755,713,0,31,3
22527,713,1,32,3
23305,713,0,33,2
24084,713,0,34,2
24864,713,0,35,2
25645,713,0,36,2
26426,713,1,37,2
27207,713,1,38,1
14230,714,0,21,30
14954,714,1,22,30
15683,714,0,23,29
16418,714,1,24,29
17161,714,1,25,28
17920,714,1,26,27
18683,714,2,27,26
19447,714,1,28,24
20216,714,2,29,23
20985,714,2,30,21
21756,714,2,31,19
22528,714,1,32,17
23306,714,1,33,16
24085,714,1,34,15
24865,714,1,35,14
25646,714,1,36,13
26427,714,1,37,12
27208,714,11,38,11
14231,715,0,21,-1
14955,715,0,22,-1
15684,715,0,23,-1
16419,715,0,24,-1
17162,715,0,25,-1
17921,715,-1,26,-1
18684,715,0,27,0
19448,715,0,28,0
20217,715,0,29,0
20986,715,0,30,0
21757,715,0,31,0
22529,715,0,32,0
23307,715,0,33,0
24086,715,0,34,0
24866,715,0,35,0
25647,715,0,36,0
26428,715,0,37,0
27209,715,0,38,0
14232,716,0,21,14
14956,716,0,22,14
15685,716,0,23,14
16420,716,1,24,14
17163,716,0,25,13
17922,716,1,26,13
18685,716,1,27,12
19449,716,0,28,11
20218,716,0,29,11
20987,716,1,30,11
21758,716,1,31,10
22530,716,0,32,9
23308,716,1,33,9
24087,716,0,34,8
24867,716,0,35,8
25648,716,6,36,8
26429,716,1,37,2
27210,716,1,38,1
14233,717,2,21,17
14957,717,2,22,15
15686,717,1,23,13
16421,717,7,24,12
17164,717,0,25,5
17923,717,0,26,5
18686,717,0,27,5
19450,717,0,28,5
20219,717,0,29,5
20988,717,0,30,5
21759,717,0,31,5
22531,717,0,32,5
23309,717,0,33,5
24088,717,0,34,5
24868,717,0,35,5
25649,717,3,36,5
26430,717,2,37,2
27211,717,0,38,0
14234,718,0,21,0
14958,718,0,22,0
15687,718,0,23,0
16422,718,0,24,0
17165,718,0,25,0
17924,718,0,26,0
18687,718,0,27,0
19451,718,0,28,0
20220,718,0,29,0
20989,718,0,30,0
21760,718,0,31,0
22532,718,0,32,0
23310,718,0,33,0
24089,718,0,34,0
24869,718,0,35,0
25650,718,0,36,0
26431,718,0,37,0
27212,718,0,38,0
14235,719,0,21,2
14959,719,0,22,2
15688,719,0,23,2
16423,719,0,24,2
17166,719,0,25,2
17925,719,0,26,2
18688,719,0,27,2
19452,719,0,28,2
20221,719,0,29,2
20990,719,0,30,2
21761,719,0,31,2
22533,719,0,32,2
23311,719,0,33,2
24090,719,0,34,2
24870,719,0,35,2
25651,719,0,36,2
26432,719,1,37,2
27213,719,1,38,1
14236,720,0,21,45
14960,720,1,22,45
15689,720,2,23,44
16424,720,6,24,42
17167,720,0,25,36
17926,720,0,26,36
18689,720,0,27,36
19453,720,2,28,36
20222,720,2,29,34
20991,720,6,30,32
21762,720,2,31,26
22534,720,1,32,24
23312,720,7,33,23
24091,720,6,34,16
24871,720,2,35,10
25652,720,1,36,8
26433,720,5,37,7
27214,720,2,38,2
14237,721,0,21,0
14961,721,0,22,0
15690,721,0,23,0
16425,721,0,24,0
17168,721,0,25,0
17927,721,0,26,0
18690,721,0,27,0
19454,721,0,28,0
20223,721,0,29,0
20992,721,0,30,0
21763,721,0,31,0
22535,721,0,32,0
23313,721,0,33,0
24092,721,0,34,0
24872,721,0,35,0
25653,721,0,36,0
26434,721,0,37,0
27215,721,0,38,0
14238,722,0,21,0
14962,722,0,22,0
15691,722,0,23,0
16426,722,0,24,0
17169,722,0,25,0
17928,722,0,26,0
18691,722,0,27,0
19455,722,0,28,0
20224,722,0,29,0
20993,722,0,30,0
21764,722,0,31,0
22536,722,0,32,0
23314,722,0,33,0
24093,722,0,34,0
24873,722,0,35,0
25654,722,0,36,0
26435,722,0,37,0
27216,722,0,38,0
14239,723,0,21,0
14963,723,0,22,0
15692,723,0,23,0
16427,723,0,24,0
17170,723,0,25,0
17929,723,0,26,0
18692,723,0,27,0
19456,723,0,28,0
20225,723,0,29,0
20994,723,0,30,0
21765,723,0,31,0
22537,723,0,32,0
23315,723,0,33,0
24094,723,0,34,0
24874,723,0,35,0
25655,723,0,36,0
26436,723,0,37,0
27217,723,0,38,0
14240,724,0,21,0
14964,724,0,22,0
15693,724,0,23,0
16428,724,0,24,0
17171,724,0,25,0
17930,724,0,26,0
18693,724,0,27,0
19457,724,0,28,0
20226,724,0,29,0
20995,724,0,30,0
21766,724,0,31,0
22538,724,0,32,0
23316,724,0,33,0
24095,724,0,34,0
24875,724,0,35,0
25656,724,0,36,0
26437,724,0,37,0
27218,724,0,38,0
14965,725,0,22,34
15694,725,1,23,34
16429,725,1,24,33
17172,725,3,25,32
17931,725,1,26,29
18694,725,0,27,28
19458,725,1,28,28
20227,725,0,29,27
20996,725,6,30,27
21767,725,10,31,21
22539,725,6,32,11
23317,725,2,33,5
24096,725,0,34,3
24876,725,1,35,3
25657,725,0,36,2
26438,725,1,37,2
27219,725,1,38,1
14966,726,0,22,1
15695,726,1,23,1
16430,726,1,24,0
17173,726,0,25,-1
17932,726,-1,26,-1
18695,726,0,27,0
19459,726,0,28,0
20228,726,0,29,0
20997,726,0,30,0
21768,726,0,31,0
22540,726,0,32,0
23318,726,0,33,0
24097,726,0,34,0
24877,726,0,35,0
25658,726,0,36,0
26439,726,0,37,0
27220,726,0,38,0
14967,727,0,22,0
15696,727,0,23,0
16431,727,0,24,0
17174,727,0,25,0
17933,727,0,26,0
18696,727,0,27,0
19460,727,0,28,0
20229,727,0,29,0
20998,727,0,30,0
21769,727,0,31,0
22541,727,0,32,0
23319,727,0,33,0
24098,727,0,34,0
24878,727,0,35,0
25659,727,0,36,0
26440,727,0,37,0
27221,727,0,38,0
14968,728,0,22,1
15697,728,1,23,1
16432,728,0,24,0
17175,728,0,25,0
17934,728,0,26,0
18697,728,0,27,0
19461,728,0,28,0
20230,728,0,29,0
20999,728,0,30,0
21770,728,0,31,0
22542,728,0,32,0
23320,728,0,33,0
24099,728,0,34,0
24879,728,0,35,0
25660,728,0,36,0
26441,728,0,37,0
27222,728,0,38,0
14969,729,0,22,0
15698,729,0,23,0
16433,729,0,24,0
17176,729,0,25,0
17935,729,0,26,0
18698,729,0,27,0
19462,729,0,28,0
20231,729,0,29,0
21000,729,0,30,0
21771,729,0,31,0
22543,729,0,32,0
23321,729,0,33,0
24100,729,0,34,0
24880,729,0,35,0
25661,729,0,36,0
26442,729,0,37,0
27223,729,0,38,0
15699,730,8,23,22
16434,730,0,24,14
17177,730,0,25,14
17936,730,0,26,14
18699,730,0,27,14
19463,730,1,28,14
20232,730,0,29,13
21001,730,0,30,13
21772,730,0,31,13
22544,730,1,32,13
23322,730,1,33,12
24101,730,0,34,11
24881,730,0,35,11
25662,730,1,36,11
26443,730,9,37,10
27224,730,1,38,1
15700,731,0,23,8
16435,731,1,24,8
17178,731,3,25,7
17937,731,1,26,4
18700,731,1,27,3
19464,731,0,28,2
20233,731,0,29,2
21002,731,0,30,2
21773,731,1,31,2
22545,731,1,32,1
23323,731,0,33,0
24102,731,0,34,0
24882,731,0,35,0
25663,731,0,36,0
26444,731,0,37,0
27225,731,0,38,0
15701,732,0,23,14
16436,732,0,24,14
17179,732,6,25,14
17938,732,1,26,8
18701,732,6,27,7
19465,732,2,28,1
20234,732,-1,29,-1
21003,732,0,30,0
21774,732,0,31,0
22546,732,0,32,0
23324,732,0,33,0
24103,732,0,34,0
24883,732,0,35,0
25664,732,0,36,0
26445,732,0,37,0
27226,732,0,38,0
15702,733,0,23,1
16437,733,0,24,1
17180,733,0,25,1
17939,733,0,26,1
18702,733,0,27,1
19466,733,0,28,1
20235,733,0,29,1
21004,733,1,30,1
21775,733,0,31,0
22547,733,0,32,0
23325,733,0,33,0
24104,733,0,34,0
24884,733,0,35,0
25665,733,0,36,0
26446,733,0,37,0
27227,733,0,38,0
15703,734,0,23,6
16438,734,2,24,6
17181,734,0,25,4
17940,734,1,26,4
18703,734,0,27,3
19467,734,2,28,3
20236,734,1,29,1
21005,734,0,30,0
21776,734,0,31,0
22548,734,0,32,0
23326,734,0,33,0
24105,734,0,34,0
24885,734,0,35,0
25666,734,0,36,0
26447,734,0,37,0
27228,734,0,38,0
15704,735,2,23,73
16439,735,2,24,71
17182,735,17,25,69
17941,735,2,26,52
18704,735,2,27,50
19468,735,1,28,48
20237,735,12,29,47
21006,735,9,30,35
21777,735,2,31,26
22549,735,7,32,24
23327,735,4,33,17
24106,735,0,34,13
24886,735,2,35,13
25667,735,1,36,11
26448,735,8,37,10
27229,735,2,38,2
15705,736,0,23,0
16440,736,0,24,0
17183,736,0,25,0
17942,736,0,26,0
18705,736,0,27,0
19469,736,0,28,0
20238,736,0,29,0
21007,736,0,30,0
21778,736,0,31,0
22550,736,0,32,0
23328,736,0,33,0
24107,736,0,34,0
24887,736,0,35,0
25668,736,0,36,0
26449,736,0,37,0
27230,736,0,38,0
16441,737,1,24,27
17184,737,1,25,26
17943,737,1,26,25
18706,737,1,27,24
19470,737,0,28,23
20239,737,0,29,23
21008,737,0,30,23
21779,737,1,31,23
22551,737,1,32,22
23329,737,1,33,21
24108,737,6,34,20
24888,737,5,35,14
25669,737,5,36,9
26450,737,2,37,4
27231,737,2,38,2
16442,738,0,24,0
17185,738,0,25,0
17944,738,0,26,0
18707,738,0,27,0
19471,738,0,28,0
20240,738,0,29,0
21009,738,0,30,0
21780,738,0,31,0
22552,738,0,32,0
23330,738,0,33,0
24109,738,0,34,0
24889,738,0,35,0
25670,738,0,36,0
26451,738,0,37,0
27232,738,0,38,0
16443,739,0,24,0
17186,739,0,25,0
17945,739,0,26,0
18708,739,0,27,0
19472,739,0,28,0
20241,739,0,29,0
21010,739,0,30,0
21781,739,0,31,0
22553,739,0,32,0
23331,739,0,33,0
24110,739,0,34,0
24890,739,0,35,0
25671,739,0,36,0
26452,739,0,37,0
27233,739,0,38,0
16444,740,0,24,0
17187,740,0,25,0
17946,740,0,26,0
18709,740,0,27,0
19473,740,0,28,0
20242,740,0,29,0
21011,740,0,30,0
21782,740,0,31,0
22554,740,0,32,0
23332,740,0,33,0
24111,740,0,34,0
24891,740,0,35,0
25672,740,0,36,0
26453,740,0,37,0
27234,740,0,38,0
16445,741,0,24,0
17188,741,0,25,0
17947,741,0,26,0
18710,741,0,27,0
19474,741,0,28,0
20243,741,0,29,0
21012,741,0,30,0
21783,741,0,31,0
22555,741,0,32,0
23333,741,0,33,0
24112,741,0,34,0
24892,741,0,35,0
25673,741,0,36,0
26454,741,0,37,0
27235,741,0,38,0
17189,742,3,25,44
17948,742,15,26,41
18711,742,1,27,26
19475,742,0,28,25
20244,742,0,29,25
21013,742,12,30,25
21784,742,1,31,13
22556,742,2,32,12
23334,742,3,33,10
24113,742,0,34,7
24893,742,1,35,7
25674,742,2,36,6
26455,742,3,37,4
27236,742,1,38,1
17190,743,0,25,1
17949,743,0,26,1
18712,743,0,27,1
19476,743,0,28,1
20245,743,0,29,1
21014,743,0,30,1
21785,743,0,31,1
22557,743,0,32,1
23335,743,1,33,1
24114,743,0,34,0
24894,743,0,35,0
25675,743,0,36,0
26456,743,0,37,0
27237,743,0,38,0
17191,744,4,25,22
17950,744,0,26,18
18713,744,2,27,18
19477,744,3,28,16
20246,744,0,29,13
21015,744,3,30,13
21786,744,1,31,10
22558,744,2,32,9
23336,744,1,33,7
24115,744,1,34,6
24895,744,1,35,5
25676,744,3,36,4
26457,744,1,37,1
27238,744,0,38,0
17192,745,3,25,31
17951,745,2,26,28
18714,745,3,27,26
19478,745,2,28,23
20247,745,2,29,21
21016,745,2,30,19
21787,745,0,31,17
22559,745,4,32,17
23337,745,3,33,13
24116,745,0,34,10
24896,745,1,35,10
25677,745,0,36,9
26458,745,6,37,9
27239,745,3,38,3
17193,746,1,25,18
17952,746,1,26,17
18715,746,-3,27,16
19479,746,0,28,19
20248,746,0,29,19
21017,746,2,30,19
21788,746,6,31,17
22560,746,0,32,11
23338,746,0,33,11
24117,746,1,34,11
24897,746,0,35,10
25678,746,1,36,10
26459,746,2,37,9
27240,746,7,38,7
17194,747,6,25,16
17953,747,2,26,10
18716,747,2,27,8
19480,747,1,28,6
20249,747,0,29,5
21018,747,0,30,5
21789,747,0,31,5
22561,747,0,32,5
23339,747,1,33,5
24118,747,0,34,4
24898,747,2,35,4
25679,747,1,36,2
26460,747,1,37,1
27241,747,0,38,0
17195,748,3,25,42
17954,748,2,26,39
18717,748,2,27,37
19481,748,0,28,35
20250,748,3,29,35
21019,748,1,30,32
21790,748,6,31,31
22562,748,9,32,25
23340,748,2,33,16
24119,748,2,34,14
24899,748,4,35,12
25680,748,2,36,8
26461,748,1,37,6
27242,748,5,38,5
17196,749,0,25,4
17955,749,1,26,4
18718,749,0,27,3
19482,749,0,28,3
20251,749,1,29,3
21020,749,0,30,2
21791,749,1,31,2
22563,749,0,32,1
23341,749,1,33,1
24120,749,0,34,0
24900,749,0,35,0
25681,749,0,36,0
26462,749,0,37,0
27243,749,0,38,0
17197,750,1,25,50
17956,750,6,26,49
18719,750,2,27,43
19483,750,8,28,41
20252,750,3,29,33
21021,750,3,30,30
21792,750,2,31,27
22564,750,5,32,25
23342,750,3,33,20
24121,750,3,34,17
24901,750,2,35,14
25682,750,2,36,12
26463,750,1,37,10
27244,750,9,38,9
17198,751,0,25,1
17957,751,0,26,1
18720,751,1,27,1
19484,751,0,28,0
20253,751,0,29,0
21022,751,0,30,0
21793,751,0,31,0
22565,751,0,32,0
23343,751,0,33,0
24122,751,0,34,0
24902,751,0,35,0
25683,751,0,36,0
26464,751,0,37,0
27245,751,0,38,0
17199,752,1,25,13
17958,752,1,26,12
18721,752,1,27,11
19485,752,1,28,10
20254,752,3,29,9
21023,752,1,30,6
21794,752,0,31,5
22566,752,1,32,5
23344,752,0,33,4
24123,752,2,34,4
24903,752,1,35,2
25684,752,1,36,1
26465,752,0,37,0
27246,752,0,38,0
16447,753,0,24,0
17200,753,0,25,0
17959,753,0,26,0
18722,753,0,27,0
19486,753,0,28,0
20255,753,0,29,0
21024,753,0,30,0
21795,753,0,31,0
22567,753,0,32,0
23345,753,0,33,0
24124,753,0,34,0
24904,753,0,35,0
25685,753,0,36,0
26466,753,0,37,0
27247,753,0,38,0
17201,754,0,25,0
17960,754,0,26,0
18723,754,0,27,0
19487,754,0,28,0
20256,754,0,29,0
21025,754,0,30,0
21796,754,0,31,0
22568,754,0,32,0
23346,754,0,33,0
24125,754,0,34,0
24905,754,0,35,0
25686,754,0,36,0
26467,754,0,37,0
27248,754,0,38,0
17202,755,0,25,0
17961,755,0,26,0
18724,755,0,27,0
19488,755,0,28,0
20257,755,0,29,0
21026,755,0,30,0
21797,755,0,31,0
22569,755,0,32,0
23347,755,0,33,0
24126,755,0,34,0
24906,755,0,35,0
25687,755,0,36,0
26468,755,0,37,0
27249,755,0,38,0
17203,756,1,25,7
17962,756,0,26,6
18725,756,0,27,6
19489,756,0,28,6
20258,756,1,29,6
21027,756,0,30,5
21798,756,0,31,5
22570,756,0,32,5
23348,756,1,33,5
24127,756,1,34,4
24907,756,2,35,3
25688,756,0,36,1
26469,756,0,37,1
27250,756,1,38,1
17204,757,0,25,2
17963,757,0,26,2
18726,757,0,27,2
19490,757,0,28,2
20259,757,0,29,2
21028,757,0,30,2
21799,757,0,31,2
22571,757,0,32,2
23349,757,2,33,2
24128,757,0,34,0
24908,757,0,35,0
25689,757,0,36,0
26470,757,0,37,0
27251,757,0,38,0
17205,758,0,25,0
17964,758,0,26,0
18727,758,0,27,0
19491,758,0,28,0
20260,758,0,29,0
21029,758,0,30,0
21800,758,0,31,0
22572,758,0,32,0
23350,758,0,33,0
24129,758,0,34,0
24909,758,0,35,0
25690,758,0,36,0
26471,758,0,37,0
27252,758,0,38,0
17206,759,0,25,0
17965,759,0,26,0
18728,759,0,27,0
19492,759,0,28,0
20261,759,0,29,0
21030,759,0,30,0
21801,759,0,31,0
22573,759,0,32,0
23351,759,0,33,0
24130,759,0,34,0
24910,759,0,35,0
25691,759,0,36,0
26472,759,0,37,0
27253,759,0,38,0
17966,760,0,26,0
18729,760,0,27,0
19493,760,0,28,0
20262,760,0,29,0
21031,760,0,30,0
21802,760,0,31,0
22574,760,0,32,0
23352,760,0,33,0
24131,760,0,34,0
24911,760,0,35,0
25692,760,0,36,0
26473,760,0,37,0
27254,760,0,38,0
17967,761,0,26,1
18730,761,1,27,1
19494,761,0,28,0
20263,761,0,29,0
21032,761,0,30,0
21803,761,0,31,0
22575,761,0,32,0
23353,761,0,33,0
24132,761,0,34,0
24912,761,0,35,0
25693,761,0,36,0
26474,761,0,37,0
27255,761,0,38,0
17968,762,0,26,0
18731,762,0,27,0
19495,762,0,28,0
20264,762,0,29,0
21033,762,0,30,0
21804,762,0,31,0
22576,762,0,32,0
23354,762,0,33,0
24133,762,0,34,0
24913,762,0,35,0
25694,762,0,36,0
26475,762,0,37,0
27256,762,0,38,0
17969,763,0,26,0
18732,763,0,27,0
19496,763,0,28,0
20265,763,0,29,0
21034,763,0,30,0
21805,763,0,31,0
22577,763,0,32,0
23355,763,0,33,0
24134,763,0,34,0
24914,763,0,35,0
25695,763,0,36,0
26476,763,0,37,0
27257,763,0,38,0
18733,764,0,27,1
19497,764,0,28,1
20266,764,0,29,1
21035,764,0,30,1
21806,764,0,31,1
22578,764,0,32,1
23356,764,0,33,1
24135,764,0,34,1
24915,764,0,35,1
25696,764,1,36,1
26477,764,0,37,0
27258,764,0,38,0
19498,765,0,28,1
20267,765,0,29,1
21036,765,0,30,1
21807,765,0,31,1
22579,765,0,32,1
23357,765,0,33,1
24136,765,0,34,1
24916,765,0,35,1
25697,765,0,36,1
26478,765,0,37,1
27259,765,1,38,1
19499,766,0,28,0
20268,766,0,29,0
21037,766,0,30,0
21808,766,0,31,0
22580,766,0,32,0
23358,766,0,33,0
24137,766,0,34,0
24917,766,0,35,0
25698,766,0,36,0
26479,766,0,37,0
27260,766,0,38,0
19500,767,0,28,0
20269,767,0,29,0
21038,767,0,30,0
21809,767,0,31,0
22581,767,0,32,0
23359,767,0,33,0
24138,767,0,34,0
24918,767,0,35,0
25699,767,0,36,0
26480,767,0,37,0
27261,767,0,38,0
19501,768,0,28,0
20270,768,0,29,0
21039,768,0,30,0
21810,768,0,31,0
22582,768,0,32,0
23360,768,0,33,0
24139,768,0,34,0
24919,768,0,35,0
25700,768,0,36,0
26481,768,0,37,0
27262,768,0,38,0
19502,769,0,28,0
20271,769,0,29,0
21040,769,0,30,0
21811,769,0,31,0
22583,769,0,32,0
23361,769,0,33,0
24140,769,0,34,0
24920,769,0,35,0
25701,769,0,36,0
26482,769,0,37,0
27263,769,0,38,0
21041,770,0,30,0
21812,770,0,31,0
22584,770,0,32,0
23362,770,0,33,0
24141,770,0,34,0
24921,770,0,35,0
25702,770,0,36,0
26483,770,0,37,0
27264,770,0,38,0
21042,771,0,30,0
21813,771,0,31,0
22585,771,0,32,0
23363,771,0,33,0
24142,771,0,34,0
24922,771,0,35,0
25703,771,0,36,0
26484,771,0,37,0
27265,771,0,38,0
21814,772,1,31,7
22586,772,0,32,6
23364,772,1,33,6
24143,772,1,34,5
24923,772,1,35,4
25704,772,1,36,3
26485,772,1,37,2
27266,772,1,38,1
22587,773,0,32,0
23365,773,0,33,0
24144,773,0,34,0
24924,773,0,35,0
25705,773,0,36,0
26486,773,0,37,0
27267,773,0,38,0
22588,774,0,32,0
23366,774,0,33,0
24145,774,0,34,0
24925,774,0,35,0
25706,774,0,36,0
26487,774,0,37,0
27268,774,0,38,0
22589,775,0,32,1
23367,775,0,33,1
24146,775,0,34,1
24926,775,0,35,1
25707,775,0,36,1
26488,775,1,37,1
27269,775,0,38,0
22590,776,0,32,1
23368,776,0,33,1
24147,776,0,34,1
24927,776,0,35,1
25708,776,0,36,1
26489,776,0,37,1
27270,776,1,38,1
22591,777,1,32,4
23369,777,0,33,3
24148,777,0,34,3
24928,777,1,35,3
25709,777,0,36,2
26490,777,1,37,2
27271,777,1,38,1
22592,778,1,32,5
23370,778,0,33,4
24149,778,0,34,4
24929,778,1,35,4
25710,778,0,36,3
26491,778,1,37,3
27272,778,2,38,2
23371,779,0,33,0
24150,779,0,34,0
24930,779,0,35,0
25711,779,0,36,0
26492,779,0,37,0
27273,779,0,38,0
24151,780,0,34,0
24931,780,0,35,0
25712,780,0,36,0
26493,780,0,37,0
27274,780,0,38,0
24932,781,0,35,0
25713,781,0,36,0
26494,781,0,37,0
27275,781,0,38,0
27276,782,0,38,0
27277,783,0,38,0
27278,784,0,38,0
