,element,place,gameweek,short_name,league_code,originally_starting,id,total_points,points_before_auto_subs,web_name,position,team_id,points_scored,index,in_original_draft,optimal_points,total,points_scored_pct
0,91,1,1,MN,Conf,1,91,4,4,Flekken,GKP,4,4,100.0,1,4,1818,0.0022002200220022
1,91,12,2,MN,Conf,0,91,3,0,Flekken,GKP,4,0,100.0,1,3,1818,0.0
2,91,1,3,MN,Conf,1,91,3,3,Flekken,GKP,4,3,100.0,1,3,1818,0.0016501650165016502
3,91,12,4,MN,Conf,0,91,2,0,Flekken,GKP,4,0,100.0,1,2,1818,0.0
4,91,12,5,MN,Conf,0,91,3,0,Flekken,GKP,4,0,100.0,1,3,1818,0.0
5,91,12,6,MN,Conf,0,91,2,0,Flekken,GKP,4,0,100.0,1,2,1818,0.0
6,91,1,7,MN,Conf,1,91,2,2,Flekken,GKP,4,2,100.0,1,0,1818,0.0011001100110011
7,91,12,8,MN,Conf,0,91,4,0,Flekken,GKP,4,0,100.0,1,0,1818,0.0
8,91,12,9,MN,Conf,0,91,1,0,Flekken,GKP,4,0,100.0,1,0,1818,0.0
9,505,2,1,MN,Conf,0,505,2,0,Udogie,DEF,18,2,86.0,1,2,1818,0.0011001100110011
10,505,2,2,MN,Conf,1,505,6,6,Udogie,DEF,18,6,86.0,1,6,1818,0.0033003300330033004
11,505,2,3,MN,Conf,1,505,1,1,Udogie,DEF,18,1,86.0,1,1,1818,0.00055005500550055
12,505,14,4,MN,Conf,0,505,1,0,Udogie,DEF,18,0,86.0,1,0,1818,0.0
13,505,13,5,MN,Conf,0,505,2,0,Udogie,DEF,18,0,86.0,1,2,1818,0.0
14,505,14,6,MN,Conf,0,505,1,0,Udogie,DEF,18,0,86.0,1,1,1818,0.0
15,505,4,7,MN,Conf,1,505,0,0,Udogie,DEF,18,0,86.0,1,0,1818,0.0
16,498,3,1,MN,Conf,1,498,2,2,Romero,DEF,18,2,72.0,1,2,1818,0.0011001100110011
17,498,3,2,MN,Conf,1,498,14,14,Romero,DEF,18,14,72.0,1,14,1818,0.007700770077007701
18,498,3,3,MN,Conf,1,498,1,1,Romero,DEF,18,1,72.0,1,0,1818,0.00055005500550055
19,498,3,4,MN,Conf,1,498,2,2,Romero,DEF,18,2,72.0,1,2,1818,0.0011001100110011
20,498,3,5,MN,Conf,1,498,2,2,Romero,DEF,18,2,72.0,1,2,1818,0.0011001100110011
21,498,3,6,MN,Conf,1,498,6,6,Romero,DEF,18,6,72.0,1,6,1818,0.0033003300330033004
22,498,2,7,MN,Conf,1,498,1,1,Romero,DEF,18,1,72.0,1,1,1818,0.00055005500550055
23,498,2,8,MN,Conf,1,498,2,2,Romero,DEF,18,2,72.0,1,2,1818,0.0011001100110011
24,498,2,9,MN,Conf,1,498,2,2,Romero,DEF,18,2,72.0,1,2,1818,0.0011001100110011
25,498,4,10,MN,Conf,1,498,1,1,Romero,DEF,18,1,72.0,1,1,1818,0.00055005500550055
26,498,4,11,MN,Conf,1,498,1,1,Romero,DEF,18,1,72.0,1,1,1818,0.00055005500550055
27,171,4,1,MN,Conf,1,171,1,1,Gusto,DEF,6,1,83.0,1,1,1818,0.00055005500550055
28,171,4,2,MN,Conf,1,171,0,0,Gusto,DEF,6,0,83.0,1,0,1818,0.0
29,171,4,3,MN,Conf,1,171,2,2,Gusto,DEF,6,2,83.0,1,2,1818,0.0011001100110011
30,328,5,1,MN,Conf,1,328,14,14,M.Salah,MID,12,14,2.0,1,14,1818,0.007700770077007701
31,328,6,2,MN,Conf,1,328,10,10,M.Salah,MID,12,10,2.0,1,10,1818,0.005500550055005501
32,328,6,3,MN,Conf,1,328,17,17,M.Salah,MID,12,17,2.0,1,17,1818,0.00935093509350935
33,328,6,4,MN,Conf,1,328,2,2,M.Salah,MID,12,2,2.0,1,2,1818,0.0011001100110011
34,328,5,5,MN,Conf,1,328,6,6,M.Salah,MID,12,6,2.0,1,6,1818,0.0033003300330033004
35,328,5,6,MN,Conf,1,328,10,10,M.Salah,MID,12,10,2.0,1,10,1818,0.005500550055005501
36,328,6,7,MN,Conf,1,328,3,3,M.Salah,MID,12,3,2.0,1,3,1818,0.0016501650165016502
37,328,6,8,MN,Conf,1,328,12,12,M.Salah,MID,12,12,2.0,1,12,1818,0.006600660066006601
38,328,6,9,MN,Conf,1,328,10,10,M.Salah,MID,12,10,2.0,1,10,1818,0.005500550055005501
39,328,7,10,MN,Conf,1,328,9,9,M.Salah,MID,12,9,2.0,1,9,1818,0.0049504950495049506
40,328,7,11,MN,Conf,1,328,14,14,M.Salah,MID,12,14,2.0,1,14,1818,0.007700770077007701
41,328,7,12,MN,Conf,1,328,13,13,M.Salah,MID,12,13,2.0,1,13,1818,0.007150715071507151
42,328,8,13,MN,Conf,1,328,13,13,M.Salah,MID,12,13,2.0,1,13,1818,0.007150715071507151
43,328,6,14,MN,Conf,1,328,18,18,M.Salah,MID,12,18,2.0,1,18,1818,0.009900990099009901
44,328,13,15,MN,Conf,1,328,0,0,M.Salah,MID,12,0,2.0,1,0,1818,0.0
45,328,5,16,MN,Conf,1,328,5,5,M.Salah,MID,12,5,2.0,1,5,1818,0.0027502750275027505
46,328,6,17,MN,Conf,1,328,21,21,M.Salah,MID,12,21,2.0,1,21,1818,0.01155115511551155
47,328,6,18,MN,Conf,1,328,9,9,M.Salah,MID,12,9,2.0,1,9,1818,0.0049504950495049506
48,328,6,19,MN,Conf,1,328,16,16,M.Salah,MID,12,16,2.0,1,16,1818,0.0088008800880088
49,328,9,20,MN,Conf,1,328,7,7,M.Salah,MID,12,7,2.0,1,7,1818,0.0038503850385038503
50,328,8,21,MN,Conf,1,328,2,2,M.Salah,MID,12,2,2.0,1,2,1818,0.0011001100110011
51,328,9,22,MN,Conf,1,328,3,3,M.Salah,MID,12,3,2.0,1,3,1818,0.0016501650165016502
52,328,9,23,MN,Conf,1,328,8,8,M.Salah,MID,12,8,2.0,1,8,1818,0.0044004400440044
53,328,5,24,MN,Conf,1,328,29,29,M.Salah,MID,12,29,2.0,1,29,1818,0.01595159515951595
54,328,9,25,MN,Conf,1,328,20,20,M.Salah,MID,12,20,2.0,1,20,1818,0.011001100110011002
55,328,6,26,MN,Conf,1,328,14,14,M.Salah,MID,12,14,2.0,1,14,1818,0.007700770077007701
56,328,9,27,MN,Conf,1,328,6,6,M.Salah,MID,12,6,2.0,1,6,1818,0.0033003300330033004
57,328,8,28,MN,Conf,1,328,15,15,M.Salah,MID,12,15,2.0,1,15,1818,0.00825082508250825
58,328,14,29,MN,Conf,0,328,0,0,M.Salah,MID,12,0,2.0,1,0,1818,0.0
59,328,7,30,MN,Conf,1,328,3,3,M.Salah,MID,12,3,2.0,1,3,1818,0.0016501650165016502
60,328,7,31,MN,Conf,1,328,2,2,M.Salah,MID,12,2,2.0,1,2,1818,0.0011001100110011
61,328,6,32,MN,Conf,1,328,6,6,M.Salah,MID,12,6,2.0,1,6,1818,0.0033003300330033004
62,328,6,33,MN,Conf,1,328,3,3,M.Salah,MID,12,3,2.0,1,3,1818,0.0016501650165016502
63,328,7,34,MN,Conf,1,328,8,8,M.Salah,MID,12,8,2.0,1,8,1818,0.0044004400440044
64,328,6,35,MN,Conf,1,328,2,2,M.Salah,MID,12,2,2.0,1,2,1818,0.0011001100110011
65,328,7,36,MN,Conf,1,328,2,2,M.Salah,MID,12,2,2.0,1,2,1818,0.0011001100110011
66,328,7,37,MN,Conf,1,328,2,2,M.Salah,MID,12,2,2.0,1,2,1818,0.0011001100110011
67,328,8,38,MN,Conf,1,328,10,10,M.Salah,MID,12,10,2.0,1,10,1818,0.005500550055005501
68,366,6,1,MN,Conf,1,366,3,3,B.Fernandes,MID,14,3,13.0,1,3,1818,0.0016501650165016502
69,366,7,2,MN,Conf,1,366,2,2,B.Fernandes,MID,14,2,13.0,1,2,1818,0.0011001100110011
70,366,7,3,MN,Conf,1,366,2,2,B.Fernandes,MID,14,2,13.0,1,2,1818,0.0011001100110011
71,366,7,4,MN,Conf,1,366,5,5,B.Fernandes,MID,14,5,13.0,1,5,1818,0.0027502750275027505
72,366,6,5,MN,Conf,1,366,3,3,B.Fernandes,MID,14,3,13.0,1,3,1818,0.0016501650165016502
73,366,9,6,MN,Conf,1,366,-2,-2,B.Fernandes,MID,14,-2,13.0,1,0,1818,-0.0011001100110011
74,366,7,7,MN,Conf,1,366,3,3,B.Fernandes,MID,14,3,13.0,1,3,1818,0.0016501650165016502
75,514,7,1,MN,Conf,1,514,2,2,Bowen,MID,19,2,16.0,1,2,1818,0.0011001100110011
76,514,8,2,MN,Conf,1,514,8,8,Bowen,MID,19,8,16.0,1,8,1818,0.0044004400440044
77,514,8,3,MN,Conf,1,514,5,5,Bowen,MID,19,5,16.0,1,5,1818,0.0027502750275027505
78,514,8,4,MN,Conf,1,514,5,5,Bowen,MID,19,5,16.0,1,5,1818,0.0027502750275027505
79,514,7,5,MN,Conf,1,514,2,2,Bowen,MID,19,2,16.0,1,2,1818,0.0011001100110011
80,514,7,6,MN,Conf,1,514,2,2,Bowen,MID,19,2,16.0,1,2,1818,0.0011001100110011
81,514,8,7,MN,Conf,1,514,12,12,Bowen,MID,19,12,16.0,1,12,1818,0.006600660066006601
82,514,7,8,MN,Conf,1,514,2,2,Bowen,MID,19,2,16.0,1,2,1818,0.0011001100110011
83,514,7,9,MN,Conf,1,514,7,7,Bowen,MID,19,7,16.0,1,7,1818,0.0038503850385038503
84,514,8,10,MN,Conf,1,514,2,2,Bowen,MID,19,2,16.0,1,2,1818,0.0011001100110011
85,514,8,11,MN,Conf,1,514,3,3,Bowen,MID,19,3,16.0,1,3,1818,0.0016501650165016502
86,514,8,12,MN,Conf,1,514,7,7,Bowen,MID,19,7,16.0,1,7,1818,0.0038503850385038503
87,514,9,13,MN,Conf,1,514,2,2,Bowen,MID,19,2,16.0,1,2,1818,0.0011001100110011
88,514,8,14,MN,Conf,1,514,2,2,Bowen,MID,19,2,16.0,1,2,1818,0.0011001100110011
89,514,8,15,MN,Conf,1,514,12,12,Bowen,MID,19,12,16.0,1,12,1818,0.006600660066006601
90,514,7,16,MN,Conf,1,514,2,2,Bowen,MID,19,2,16.0,1,2,1818,0.0011001100110011
91,514,8,17,MN,Conf,1,514,6,6,Bowen,MID,19,6,16.0,1,6,1818,0.0033003300330033004
92,514,8,18,MN,Conf,1,514,8,8,Bowen,MID,19,8,16.0,1,8,1818,0.0044004400440044
93,514,7,19,MN,Conf,1,514,1,1,Bowen,MID,19,1,16.0,1,1,1818,0.00055005500550055
94,514,15,20,MN,Conf,0,514,0,0,Bowen,MID,19,0,16.0,1,0,1818,0.0
95,514,13,21,MN,Conf,0,514,0,0,Bowen,MID,19,0,16.0,1,0,1818,0.0
96,514,15,22,MN,Conf,0,514,0,0,Bowen,MID,19,0,16.0,1,0,1818,0.0
97,514,15,23,MN,Conf,0,514,0,0,Bowen,MID,19,0,16.0,1,0,1818,0.0
98,514,6,24,MN,Conf,1,514,10,10,Bowen,MID,19,10,16.0,1,10,1818,0.005500550055005501
99,514,7,25,MN,Conf,1,514,2,2,Bowen,MID,19,2,16.0,1,2,1818,0.0011001100110011
100,514,8,26,MN,Conf,1,514,10,10,Bowen,MID,19,10,16.0,1,10,1818,0.005500550055005501
101,514,7,27,MN,Conf,1,514,6,6,Bowen,MID,19,6,16.0,1,6,1818,0.0033003300330033004
102,514,7,28,MN,Conf,1,514,2,2,Bowen,MID,19,2,16.0,1,2,1818,0.0011001100110011
103,514,8,29,MN,Conf,1,514,5,5,Bowen,MID,19,5,16.0,1,5,1818,0.0027502750275027505
104,514,8,30,MN,Conf,1,514,2,2,Bowen,MID,19,2,16.0,1,2,1818,0.0011001100110011
105,514,9,31,MN,Conf,1,514,7,7,Bowen,MID,19,7,16.0,1,7,1818,0.0038503850385038503
106,514,15,32,MN,Conf,0,514,2,0,Bowen,MID,19,0,16.0,1,2,1818,0.0
107,514,8,33,MN,Conf,1,514,9,9,Bowen,MID,19,9,16.0,1,9,1818,0.0049504950495049506
108,514,6,34,MN,Conf,1,514,10,10,Bowen,MID,19,10,16.0,1,10,1818,0.005500550055005501
109,514,8,35,MN,Conf,1,514,9,9,Bowen,MID,19,9,16.0,1,9,1818,0.0049504950495049506
110,514,9,36,MN,Conf,1,514,8,8,Bowen,MID,19,8,16.0,1,8,1818,0.0044004400440044
111,514,6,37,MN,Conf,1,514,8,8,Bowen,MID,19,8,16.0,1,8,1818,0.0044004400440044
112,514,7,38,MN,Conf,1,514,13,13,Bowen,MID,19,13,16.0,1,13,1818,0.007150715071507151
113,531,8,1,MN,Conf,1,531,1,1,Ward-Prowse,MID,19,1,27.0,1,1,1818,0.00055005500550055
114,531,14,2,MN,Conf,0,531,0,0,Ward-Prowse,MID,19,0,27.0,1,0,1818,0.0
115,531,14,3,MN,Conf,0,531,0,0,Ward-Prowse,MID,19,0,27.0,1,0,1818,0.0
116,531,15,4,MN,Conf,0,531,3,0,Ward-Prowse,MID,19,0,27.0,1,3,1818,0.0
117,531,15,5,MN,Conf,0,531,1,0,Ward-Prowse,MID,19,0,27.0,1,1,1818,0.0
118,394,9,1,MN,Conf,1,394,3,3,Bruno G.,MID,15,3,55.0,1,3,1818,0.0016501650165016502
119,394,9,2,MN,Conf,1,394,2,2,Bruno G.,MID,15,2,55.0,1,2,1818,0.0011001100110011
120,394,5,21,MN,Conf,1,394,6,6,Bruno G.,MID,15,6,55.0,1,6,1818,0.0033003300330033004
121,394,6,22,MN,Conf,1,394,9,9,Bruno G.,MID,15,9,55.0,1,9,1818,0.0049504950495049506
122,394,6,23,MN,Conf,1,394,2,2,Bruno G.,MID,15,2,55.0,1,2,1818,0.0011001100110011
123,394,8,24,MN,Conf,1,394,2,2,Bruno G.,MID,15,2,55.0,1,2,1818,0.0011001100110011
124,394,15,29,MN,Conf,0,394,0,0,Bruno G.,MID,15,0,55.0,1,0,1818,0.0
125,394,14,30,MN,Conf,0,394,2,0,Bruno G.,MID,15,0,55.0,1,2,1818,0.0
126,207,10,1,MN,Conf,1,207,1,1,Mateta,FWD,7,1,41.0,1,1,1818,0.00055005500550055
127,207,11,2,MN,Conf,1,207,2,2,Mateta,FWD,7,2,41.0,1,2,1818,0.0011001100110011
128,207,11,3,MN,Conf,1,207,2,2,Mateta,FWD,7,2,41.0,1,2,1818,0.0011001100110011
129,207,11,4,MN,Conf,1,207,13,13,Mateta,FWD,7,13,41.0,1,13,1818,0.007150715071507151
130,207,11,5,MN,Conf,1,207,1,1,Mateta,FWD,7,1,41.0,1,1,1818,0.00055005500550055
131,207,11,6,MN,Conf,1,207,2,2,Mateta,FWD,7,2,41.0,1,2,1818,0.0011001100110011
132,207,10,7,MN,Conf,0,207,1,0,Mateta,FWD,7,1,41.0,1,1,1818,0.00055005500550055
133,207,10,8,MN,Conf,1,207,1,1,Mateta,FWD,7,1,41.0,1,1,1818,0.00055005500550055
134,207,10,9,MN,Conf,1,207,8,8,Mateta,FWD,7,8,41.0,1,8,1818,0.0044004400440044
135,207,11,10,MN,Conf,1,207,2,2,Mateta,FWD,7,2,41.0,1,2,1818,0.0011001100110011
136,207,11,11,MN,Conf,1,207,2,2,Mateta,FWD,7,2,41.0,1,2,1818,0.0011001100110011
137,207,11,12,MN,Conf,1,207,5,5,Mateta,FWD,7,5,41.0,1,5,1818,0.0027502750275027505
138,207,11,13,MN,Conf,1,207,2,2,Mateta,FWD,7,2,41.0,1,2,1818,0.0011001100110011
139,207,11,14,MN,Conf,1,207,8,8,Mateta,FWD,7,8,41.0,1,8,1818,0.0044004400440044
140,207,11,15,MN,Conf,1,207,2,2,Mateta,FWD,7,2,41.0,1,2,1818,0.0011001100110011
141,207,10,16,MN,Conf,1,207,1,1,Mateta,FWD,7,1,41.0,1,1,1818,0.00055005500550055
142,207,10,17,MN,Conf,1,207,2,2,Mateta,FWD,7,2,41.0,1,2,1818,0.0011001100110011
143,207,10,18,MN,Conf,1,207,2,2,Mateta,FWD,7,2,41.0,1,2,1818,0.0011001100110011
144,497,11,1,MN,Conf,1,497,1,1,Richarlison,FWD,18,1,44.0,1,0,1818,0.00055005500550055
145,47,12,1,MN,Conf,0,47,3,0,Martinez,GKP,2,0,69.0,1,0,1818,0.0
146,47,1,2,MN,Conf,1,47,1,1,Martinez,GKP,2,1,69.0,1,0,1818,0.00055005500550055
147,47,12,3,MN,Conf,0,47,2,0,Martinez,GKP,2,0,69.0,1,0,1818,0.0
148,47,1,4,MN,Conf,1,47,0,0,Martinez,GKP,2,0,69.0,1,0,1818,0.0
149,47,1,5,MN,Conf,1,47,3,3,Martinez,GKP,2,3,69.0,1,0,1818,0.0016501650165016502
150,47,1,6,MN,Conf,1,47,2,2,Martinez,GKP,2,2,69.0,1,0,1818,0.0011001100110011
151,47,12,7,MN,Conf,0,47,9,0,Martinez,GKP,2,0,69.0,1,9,1818,0.0
152,47,1,8,MN,Conf,1,47,8,8,Martinez,GKP,2,8,69.0,1,8,1818,0.0044004400440044
153,47,1,9,MN,Conf,1,47,2,2,Martinez,GKP,2,2,69.0,1,2,1818,0.0011001100110011
154,47,12,10,MN,Conf,0,47,0,0,Martinez,GKP,2,0,69.0,1,0,1818,0.0
155,47,12,11,MN,Conf,0,47,2,0,Martinez,GKP,2,0,69.0,1,2,1818,0.0
156,47,1,12,MN,Conf,1,47,2,2,Martinez,GKP,2,2,69.0,1,0,1818,0.0011001100110011
157,47,12,13,MN,Conf,0,47,1,0,Martinez,GKP,2,0,69.0,1,0,1818,0.0
158,47,12,14,MN,Conf,0,47,2,0,Martinez,GKP,2,0,69.0,1,0,1818,0.0
159,47,1,15,MN,Conf,1,47,6,6,Martinez,GKP,2,6,69.0,1,6,1818,0.0033003300330033004
160,321,13,1,MN,Conf,0,321,0,0,Gakpo,FWD,12,0,30.0,1,0,1818,0.0
161,363,14,1,MN,Conf,1,363,0,0,Walker,DEF,13,0,58.0,1,0,1818,0.0
162,52,15,1,MN,Conf,0,52,2,0,Pau,DEF,2,0,97.0,1,2,1818,0.0
163,52,15,2,MN,Conf,0,52,1,0,Pau,DEF,2,0,97.0,1,1,1818,0.0
164,52,13,3,MN,Conf,0,52,2,0,Pau,DEF,2,0,97.0,1,2,1818,0.0
165,52,2,4,MN,Conf,1,52,1,1,Pau,DEF,2,1,97.0,1,0,1818,0.00055005500550055
166,52,2,5,MN,Conf,1,52,1,1,Pau,DEF,2,1,97.0,1,0,1818,0.00055005500550055
167,52,2,6,MN,Conf,1,52,1,1,Pau,DEF,2,1,97.0,1,1,1818,0.00055005500550055
168,52,5,7,MN,Conf,1,52,6,6,Pau,DEF,2,6,97.0,1,6,1818,0.0033003300330033004
169,336,9,18,MN,Conf,1,336,0,0,Szoboszlai,MID,12,0,,0,0,1818,0.0
170,383,12,32,MN,Conf,0,383,0,0,Onana,GKP,14,0,,0,0,1818,0.0
171,383,12,33,MN,Conf,0,383,2,0,Onana,GKP,14,0,,0,2,1818,0.0
172,383,12,34,MN,Conf,0,383,2,0,Onana,GKP,14,0,,0,2,1818,0.0
173,383,12,35,MN,Conf,0,383,0,0,Onana,GKP,14,0,,0,0,1818,0.0
174,383,12,36,MN,Conf,0,383,0,0,Onana,GKP,14,0,,0,0,1818,0.0
175,383,12,37,MN,Conf,0,383,2,0,Onana,GKP,14,0,,0,0,1818,0.0
176,383,12,38,MN,Conf,0,383,0,0,Onana,GKP,14,0,,0,0,1818,0.0
177,494,6,31,MN,Conf,1,494,7,7,Maddison,MID,18,7,,0,7,1818,0.0038503850385038503
178,494,8,32,MN,Conf,1,494,2,2,Maddison,MID,18,2,,0,2,1818,0.0011001100110011
179,494,13,33,MN,Conf,1,494,0,0,Maddison,MID,18,0,,0,0,1818,0.0
180,392,13,10,MN,Conf,0,392,1,0,Barnes,MID,15,0,,0,0,1818,0.0
181,392,9,11,MN,Conf,1,392,7,7,Barnes,MID,15,7,,0,7,1818,0.0038503850385038503
182,392,13,12,MN,Conf,0,392,1,0,Barnes,MID,15,0,,0,1,1818,0.0
183,392,7,13,MN,Conf,1,392,2,2,Barnes,MID,15,2,,0,2,1818,0.0011001100110011
184,392,7,14,MN,Conf,1,392,1,1,Barnes,MID,15,1,,0,1,1818,0.00055005500550055
185,211,4,16,MN,Conf,1,211,1,1,Muñoz,DEF,7,1,,0,0,1818,0.00055005500550055
186,375,10,36,MN,Conf,1,375,2,2,Højlund,FWD,14,2,,0,2,1818,0.0011001100110011
187,13,5,37,MN,Conf,1,13,6,6,Ødegaard,MID,1,6,,0,6,1818,0.0033003300330033004
188,13,6,38,MN,Conf,1,13,7,7,Ødegaard,MID,1,7,,0,7,1818,0.0038503850385038503
189,369,14,32,MN,Conf,0,369,3,0,Dalot,DEF,14,0,,0,3,1818,0.0
190,369,4,33,MN,Conf,1,369,1,1,Dalot,DEF,14,1,,0,0,1818,0.00055005500550055
191,380,5,2,MN,Conf,1,380,1,1,Martinez,DEF,14,1,,0,0,1818,0.00055005500550055
192,380,5,3,MN,Conf,1,380,0,0,Martinez,DEF,14,0,,0,0,1818,0.0
193,380,5,4,MN,Conf,1,380,6,6,Martinez,DEF,14,6,,0,6,1818,0.0033003300330033004
194,380,4,5,MN,Conf,1,380,5,5,Martinez,DEF,14,5,,0,5,1818,0.0027502750275027505
195,380,15,6,MN,Conf,0,380,0,0,Martinez,DEF,14,0,,0,0,1818,0.0
196,380,13,7,MN,Conf,1,380,0,0,Martinez,DEF,14,0,,0,0,1818,0.0
197,380,4,8,MN,Conf,1,380,2,2,Martinez,DEF,14,2,,0,2,1818,0.0011001100110011
198,380,4,9,MN,Conf,1,380,1,1,Martinez,DEF,14,1,,0,0,1818,0.00055005500550055
199,148,10,2,MN,Conf,1,148,9,9,Welbeck,FWD,5,9,,0,9,1818,0.0049504950495049506
200,148,10,3,MN,Conf,1,148,2,2,Welbeck,FWD,5,2,,0,2,1818,0.0011001100110011
201,148,10,4,MN,Conf,1,148,2,2,Welbeck,FWD,5,2,,0,2,1818,0.0011001100110011
202,148,10,5,MN,Conf,1,148,6,6,Welbeck,FWD,5,6,,0,6,1818,0.0033003300330033004
203,148,13,6,MN,Conf,0,148,2,0,Welbeck,FWD,5,0,,0,2,1818,0.0
204,148,11,7,MN,Conf,1,148,8,8,Welbeck,FWD,5,8,,0,8,1818,0.0044004400440044
205,148,11,8,MN,Conf,1,148,9,9,Welbeck,FWD,5,9,,0,9,1818,0.0049504950495049506
206,148,11,9,MN,Conf,1,148,7,7,Welbeck,FWD,5,7,,0,7,1818,0.0038503850385038503
207,148,14,10,MN,Conf,0,148,5,0,Welbeck,FWD,5,0,,0,5,1818,0.0
208,148,14,11,MN,Conf,0,148,2,0,Welbeck,FWD,5,0,,0,2,1818,0.0
209,148,9,12,MN,Conf,1,148,2,2,Welbeck,FWD,5,2,,0,2,1818,0.0011001100110011
210,148,10,13,MN,Conf,1,148,2,2,Welbeck,FWD,5,2,,0,2,1818,0.0011001100110011
211,148,13,14,MN,Conf,1,148,0,0,Welbeck,FWD,5,0,,0,0,1818,0.0
212,148,10,15,MN,Conf,1,148,1,1,Welbeck,FWD,5,1,,0,1,1818,0.00055005500550055
213,148,13,16,MN,Conf,1,148,0,0,Welbeck,FWD,5,0,,0,0,1818,0.0
214,148,13,17,MN,Conf,0,148,0,0,Welbeck,FWD,5,0,,0,0,1818,0.0
215,148,15,18,MN,Conf,0,148,0,0,Welbeck,FWD,5,0,,0,0,1818,0.0
216,148,14,19,MN,Conf,0,148,0,0,Welbeck,FWD,5,0,,0,0,1818,0.0
217,148,14,20,MN,Conf,0,148,0,0,Welbeck,FWD,5,0,,0,0,1818,0.0
218,148,9,21,MN,Conf,1,148,1,1,Welbeck,FWD,5,1,,0,1,1818,0.00055005500550055
219,148,10,22,MN,Conf,1,148,2,2,Welbeck,FWD,5,2,,0,2,1818,0.0011001100110011
220,148,10,23,MN,Conf,1,148,2,2,Welbeck,FWD,5,2,,0,2,1818,0.0011001100110011
221,148,10,24,MN,Conf,1,148,1,1,Welbeck,FWD,5,1,,0,1,1818,0.00055005500550055
222,148,10,25,MN,Conf,1,148,8,8,Welbeck,FWD,5,8,,0,8,1818,0.0044004400440044
223,148,13,26,MN,Conf,1,148,0,0,Welbeck,FWD,5,0,,0,0,1818,0.0
224,148,13,27,MN,Conf,0,148,7,0,Welbeck,FWD,5,0,,0,7,1818,0.0
225,148,9,28,MN,Conf,1,148,1,1,Welbeck,FWD,5,1,,0,0,1818,0.00055005500550055
226,148,9,29,MN,Conf,1,148,1,1,Welbeck,FWD,5,1,,0,1,1818,0.00055005500550055
227,148,10,30,MN,Conf,1,148,0,0,Welbeck,FWD,5,0,,0,0,1818,0.0
228,148,10,31,MN,Conf,1,148,9,9,Welbeck,FWD,5,9,,0,9,1818,0.0049504950495049506
229,148,10,32,MN,Conf,1,148,2,2,Welbeck,FWD,5,2,,0,2,1818,0.0011001100110011
230,148,10,33,MN,Conf,1,148,5,5,Welbeck,FWD,5,5,,0,5,1818,0.0027502750275027505
231,148,11,34,MN,Conf,1,148,2,2,Welbeck,FWD,5,2,,0,2,1818,0.0011001100110011
232,148,11,35,MN,Conf,0,148,1,0,Welbeck,FWD,5,1,,0,0,1818,0.00055005500550055
233,512,13,2,MN,Conf,0,512,2,0,Antonio,FWD,19,0,,0,2,1818,0.0
234,512,15,3,MN,Conf,0,512,2,0,Antonio,FWD,19,0,,0,2,1818,0.0
235,512,13,4,MN,Conf,0,512,1,0,Antonio,FWD,19,0,,0,0,1818,0.0
236,512,9,5,MN,Conf,1,512,0,0,Antonio,FWD,19,0,,0,0,1818,0.0
237,395,13,29,MN,Conf,0,395,0,0,Burn,DEF,15,0,,0,0,1818,0.0
238,395,5,30,MN,Conf,1,395,2,2,Burn,DEF,15,2,,0,2,1818,0.0011001100110011
239,395,4,31,MN,Conf,1,395,6,6,Burn,DEF,15,6,,0,6,1818,0.0033003300330033004
240,395,5,32,MN,Conf,1,395,7,7,Burn,DEF,15,7,,0,7,1818,0.0038503850385038503
241,395,5,33,MN,Conf,0,395,-2,0,Burn,DEF,15,-2,,0,0,1818,-0.0011001100110011
242,395,5,34,MN,Conf,1,395,13,13,Burn,DEF,15,13,,0,13,1818,0.007150715071507151
243,395,4,35,MN,Conf,1,395,2,2,Burn,DEF,15,2,,0,2,1818,0.0011001100110011
244,136,8,22,MN,Conf,1,136,12,12,Mitoma,MID,5,12,,0,12,1818,0.006600660066006601
245,136,8,23,MN,Conf,1,136,2,2,Mitoma,MID,5,2,,0,2,1818,0.0011001100110011
246,136,7,24,MN,Conf,1,136,1,1,Mitoma,MID,5,1,,0,0,1818,0.00055005500550055
247,136,14,25,MN,Conf,0,136,10,0,Mitoma,MID,5,0,,0,10,1818,0.0
248,136,9,26,MN,Conf,1,136,8,8,Mitoma,MID,5,8,,0,8,1818,0.0044004400440044
249,136,5,27,MN,Conf,1,136,2,2,Mitoma,MID,5,2,,0,2,1818,0.0011001100110011
250,136,5,28,MN,Conf,1,136,2,2,Mitoma,MID,5,2,,0,2,1818,0.0011001100110011
251,136,7,29,MN,Conf,1,136,1,1,Mitoma,MID,5,1,,0,1,1818,0.00055005500550055
252,136,9,30,MN,Conf,1,136,2,2,Mitoma,MID,5,2,,0,2,1818,0.0011001100110011
253,136,8,31,MN,Conf,1,136,2,2,Mitoma,MID,5,2,,0,2,1818,0.0011001100110011
254,136,13,32,MN,Conf,1,136,0,0,Mitoma,MID,5,0,,0,0,1818,0.0
255,255,15,16,MN,Conf,0,255,6,0,Robinson,DEF,9,0,,0,6,1818,0.0
256,255,4,17,MN,Conf,1,255,6,6,Robinson,DEF,9,6,,0,6,1818,0.0033003300330033004
257,255,4,18,MN,Conf,1,255,1,1,Robinson,DEF,9,1,,0,1,1818,0.00055005500550055
258,255,5,19,MN,Conf,0,255,4,0,Robinson,DEF,9,4,,0,4,1818,0.0022002200220022
259,255,5,20,MN,Conf,1,255,1,1,Robinson,DEF,9,1,,0,1,1818,0.00055005500550055
260,255,4,21,MN,Conf,1,255,7,7,Robinson,DEF,9,7,,0,7,1818,0.0038503850385038503
261,255,4,22,MN,Conf,1,255,8,8,Robinson,DEF,9,8,,0,8,1818,0.0044004400440044
262,255,4,23,MN,Conf,1,255,2,2,Robinson,DEF,9,2,,0,2,1818,0.0011001100110011
263,255,4,24,MN,Conf,1,255,4,4,Robinson,DEF,9,4,,0,4,1818,0.0022002200220022
264,255,4,25,MN,Conf,1,255,2,2,Robinson,DEF,9,2,,0,2,1818,0.0011001100110011
265,255,4,26,MN,Conf,1,255,1,1,Robinson,DEF,9,1,,0,1,1818,0.00055005500550055
266,255,3,27,MN,Conf,1,255,0,0,Robinson,DEF,9,0,,0,0,1818,0.0
267,255,3,28,MN,Conf,1,255,0,0,Robinson,DEF,9,0,,0,0,1818,0.0
268,354,8,8,MN,Conf,1,354,2,2,Kovačić,MID,13,2,,0,2,1818,0.0011001100110011
269,354,8,9,MN,Conf,1,354,2,2,Kovačić,MID,13,2,,0,2,1818,0.0011001100110011
270,19,9,3,MN,Conf,1,19,2,2,Smith Rowe,MID,9,2,,0,2,1818,0.0011001100110011
271,19,9,4,MN,Conf,1,19,7,7,Smith Rowe,MID,9,7,,0,7,1818,0.0038503850385038503
272,19,8,5,MN,Conf,1,19,8,8,Smith Rowe,MID,9,8,,0,8,1818,0.0044004400440044
273,19,8,6,MN,Conf,1,19,3,3,Smith Rowe,MID,9,3,,0,3,1818,0.0016501650165016502
274,19,14,7,MN,Conf,0,19,1,0,Smith Rowe,MID,9,0,,0,0,1818,0.0
275,19,13,8,MN,Conf,0,19,1,0,Smith Rowe,MID,9,0,,0,0,1818,0.0
276,19,13,9,MN,Conf,0,19,6,0,Smith Rowe,MID,9,0,,0,6,1818,0.0
277,19,6,10,MN,Conf,1,19,2,2,Smith Rowe,MID,9,2,,0,2,1818,0.0011001100110011
278,19,6,11,MN,Conf,1,19,11,11,Smith Rowe,MID,9,11,,0,11,1818,0.00605060506050605
279,19,6,12,MN,Conf,1,19,1,1,Smith Rowe,MID,9,1,,0,0,1818,0.00055005500550055
280,19,14,13,MN,Conf,0,19,2,0,Smith Rowe,MID,9,0,,0,0,1818,0.0
281,19,14,14,MN,Conf,0,19,2,0,Smith Rowe,MID,9,0,,0,2,1818,0.0
282,19,15,15,MN,Conf,0,19,1,0,Smith Rowe,MID,9,0,,0,1,1818,0.0
283,19,9,16,MN,Conf,0,19,1,0,Smith Rowe,MID,9,1,,0,0,1818,0.00055005500550055
284,19,14,17,MN,Conf,1,19,0,0,Smith Rowe,MID,9,0,,0,0,1818,0.0
285,177,6,6,MN,Conf,1,177,5,5,Madueke,MID,6,5,,0,5,1818,0.0027502750275027505
286,177,9,7,MN,Conf,1,177,10,10,Madueke,MID,6,10,,0,10,1818,0.005500550055005501
287,177,5,8,MN,Conf,1,177,2,2,Madueke,MID,6,2,,0,2,1818,0.0011001100110011
288,177,5,9,MN,Conf,1,177,1,1,Madueke,MID,6,1,,0,0,1818,0.00055005500550055
289,177,9,10,MN,Conf,1,177,2,2,Madueke,MID,6,2,,0,2,1818,0.0011001100110011
290,177,13,11,MN,Conf,0,177,1,0,Madueke,MID,6,0,,0,0,1818,0.0
291,177,5,12,MN,Conf,1,177,3,3,Madueke,MID,6,3,,0,3,1818,0.0016501650165016502
292,177,6,13,MN,Conf,1,177,3,3,Madueke,MID,6,3,,0,3,1818,0.0016501650165016502
293,177,9,14,MN,Conf,1,177,13,13,Madueke,MID,6,13,,0,13,1818,0.007150715071507151
294,177,9,15,MN,Conf,1,177,1,1,Madueke,MID,6,1,,0,1,1818,0.00055005500550055
295,177,8,16,MN,Conf,1,177,6,6,Madueke,MID,6,6,,0,6,1818,0.0033003300330033004
296,177,9,17,MN,Conf,1,177,1,1,Madueke,MID,6,1,,0,1,1818,0.00055005500550055
297,177,13,18,MN,Conf,1,177,0,0,Madueke,MID,6,0,,0,0,1818,0.0
298,177,8,19,MN,Conf,1,177,2,2,Madueke,MID,6,2,,0,2,1818,0.0011001100110011
299,177,8,20,MN,Conf,1,177,1,1,Madueke,MID,6,1,,0,0,1818,0.00055005500550055
300,177,7,21,MN,Conf,1,177,2,2,Madueke,MID,6,2,,0,2,1818,0.0011001100110011
301,566,10,19,MN,Conf,1,566,6,6,Strand Larsen,FWD,20,6,,0,6,1818,0.0033003300330033004
302,566,11,20,MN,Conf,1,566,2,2,Strand Larsen,FWD,20,2,,0,2,1818,0.0011001100110011
303,566,11,21,MN,Conf,1,566,2,2,Strand Larsen,FWD,20,2,,0,2,1818,0.0011001100110011
304,566,13,22,MN,Conf,0,566,2,0,Strand Larsen,FWD,20,0,,0,2,1818,0.0
305,566,13,23,MN,Conf,0,566,1,0,Strand Larsen,FWD,20,0,,0,1,1818,0.0
306,566,13,24,MN,Conf,1,566,0,0,Strand Larsen,FWD,20,0,,0,0,1818,0.0
307,566,15,25,MN,Conf,0,566,0,0,Strand Larsen,FWD,20,0,,0,0,1818,0.0
308,566,15,26,MN,Conf,0,566,1,0,Strand Larsen,FWD,20,0,,0,1,1818,0.0
309,566,10,27,MN,Conf,1,566,1,1,Strand Larsen,FWD,20,1,,0,0,1818,0.00055005500550055
310,566,10,28,MN,Conf,1,566,1,1,Strand Larsen,FWD,20,1,,0,0,1818,0.00055005500550055
311,566,10,29,MN,Conf,1,566,13,13,Strand Larsen,FWD,20,13,,0,13,1818,0.007150715071507151
312,566,11,30,MN,Conf,1,566,9,9,Strand Larsen,FWD,20,9,,0,9,1818,0.0049504950495049506
313,566,11,31,MN,Conf,1,566,6,6,Strand Larsen,FWD,20,6,,0,6,1818,0.0033003300330033004
314,566,9,32,MN,Conf,0,566,6,0,Strand Larsen,FWD,20,6,,0,6,1818,0.0033003300330033004
315,566,11,33,MN,Conf,1,566,2,2,Strand Larsen,FWD,20,2,,0,2,1818,0.0011001100110011
316,566,10,34,MN,Conf,1,566,6,6,Strand Larsen,FWD,20,6,,0,6,1818,0.0033003300330033004
317,566,13,35,MN,Conf,1,566,0,0,Strand Larsen,FWD,20,0,,0,0,1818,0.0
318,566,15,36,MN,Conf,0,566,1,0,Strand Larsen,FWD,20,0,,0,1,1818,0.0
319,566,9,37,MN,Conf,1,566,11,11,Strand Larsen,FWD,20,11,,0,11,1818,0.00605060506050605
320,566,11,38,MN,Conf,1,566,4,4,Strand Larsen,FWD,20,4,,0,4,1818,0.0022002200220022
321,122,4,34,MN,Conf,1,122,1,1,Estupiñan,DEF,5,1,,0,1,1818,0.00055005500550055
322,524,4,4,MN,Conf,1,524,2,2,Kilman,DEF,19,2,,0,2,1818,0.0011001100110011
323,524,14,5,MN,Conf,0,524,0,0,Kilman,DEF,19,0,,0,0,1818,0.0
324,524,4,6,MN,Conf,1,524,1,1,Kilman,DEF,19,1,,0,0,1818,0.00055005500550055
325,524,3,7,MN,Conf,1,524,2,2,Kilman,DEF,19,2,,0,2,1818,0.0011001100110011
326,524,14,8,MN,Conf,0,524,0,0,Kilman,DEF,19,0,,0,0,1818,0.0
327,524,14,9,MN,Conf,0,524,2,0,Kilman,DEF,19,0,,0,2,1818,0.0
328,524,5,36,MN,Conf,0,524,6,0,Kilman,DEF,19,6,,0,6,1818,0.0033003300330033004
329,524,14,37,MN,Conf,0,524,1,0,Kilman,DEF,19,0,,0,1,1818,0.0
330,524,2,38,MN,Conf,1,524,1,1,Kilman,DEF,19,1,,0,0,1818,0.00055005500550055
331,36,4,12,MN,Conf,1,36,1,1,Digne,DEF,2,1,,0,1,1818,0.00055005500550055
332,36,15,13,MN,Conf,0,36,1,0,Digne,DEF,2,0,,0,0,1818,0.0
333,36,15,14,MN,Conf,0,36,2,0,Digne,DEF,2,0,,0,2,1818,0.0
334,36,5,15,MN,Conf,1,36,1,1,Digne,DEF,2,1,,0,1,1818,0.00055005500550055
335,145,15,10,MN,Conf,0,145,1,0,Veltman,DEF,5,0,,0,0,1818,0.0
336,252,10,6,MN,Conf,1,252,9,9,Raúl,FWD,9,9,,0,9,1818,0.0049504950495049506
337,252,15,7,MN,Conf,0,252,5,0,Raúl,FWD,9,0,,0,5,1818,0.0
338,252,9,8,MN,Conf,1,252,7,7,Raúl,FWD,9,7,,0,7,1818,0.0038503850385038503
339,252,9,9,MN,Conf,1,252,2,2,Raúl,FWD,9,2,,0,2,1818,0.0011001100110011
340,252,10,10,MN,Conf,1,252,2,2,Raúl,FWD,9,2,,0,2,1818,0.0011001100110011
341,252,10,11,MN,Conf,1,252,5,5,Raúl,FWD,9,5,,0,5,1818,0.0027502750275027505
342,252,10,12,MN,Conf,1,252,2,2,Raúl,FWD,9,2,,0,2,1818,0.0011001100110011
343,252,13,13,MN,Conf,0,252,2,0,Raúl,FWD,9,0,,0,0,1818,0.0
344,252,10,14,MN,Conf,0,252,1,0,Raúl,FWD,9,1,,0,1,1818,0.00055005500550055
345,252,14,15,MN,Conf,0,252,8,0,Raúl,FWD,9,0,,0,8,1818,0.0
346,252,11,16,MN,Conf,1,252,2,2,Raúl,FWD,9,2,,0,2,1818,0.0011001100110011
347,252,11,17,MN,Conf,1,252,0,0,Raúl,FWD,9,0,,0,0,1818,0.0
348,252,11,18,MN,Conf,1,252,2,2,Raúl,FWD,9,2,,0,2,1818,0.0011001100110011
349,252,11,19,MN,Conf,1,252,9,9,Raúl,FWD,9,9,,0,9,1818,0.0049504950495049506
350,252,10,20,MN,Conf,1,252,13,13,Raúl,FWD,9,13,,0,13,1818,0.007150715071507151
351,252,10,21,MN,Conf,1,252,1,1,Raúl,FWD,9,1,,0,0,1818,0.00055005500550055
352,252,11,22,MN,Conf,1,252,2,2,Raúl,FWD,9,2,,0,2,1818,0.0011001100110011
353,252,11,23,MN,Conf,1,252,2,2,Raúl,FWD,9,2,,0,2,1818,0.0011001100110011
354,252,11,24,MN,Conf,1,252,8,8,Raúl,FWD,9,8,,0,8,1818,0.0044004400440044
355,252,11,25,MN,Conf,1,252,5,5,Raúl,FWD,9,5,,0,5,1818,0.0027502750275027505
356,252,11,26,MN,Conf,1,252,2,2,Raúl,FWD,9,2,,0,2,1818,0.0011001100110011
357,252,11,27,MN,Conf,1,252,1,1,Raúl,FWD,9,1,,0,0,1818,0.00055005500550055
358,252,11,28,MN,Conf,1,252,8,8,Raúl,FWD,9,8,,0,8,1818,0.0044004400440044
359,252,11,29,MN,Conf,1,252,2,2,Raúl,FWD,9,2,,0,2,1818,0.0011001100110011
360,252,15,30,MN,Conf,0,252,2,0,Raúl,FWD,9,0,,0,2,1818,0.0
361,252,13,31,MN,Conf,0,252,1,0,Raúl,FWD,9,0,,0,1,1818,0.0
362,252,11,32,MN,Conf,1,252,1,1,Raúl,FWD,9,1,,0,0,1818,0.00055005500550055
363,252,14,33,MN,Conf,0,252,2,0,Raúl,FWD,9,0,,0,2,1818,0.0
364,252,9,34,MN,Conf,1,252,1,1,Raúl,FWD,9,1,,0,1,1818,0.00055005500550055
365,252,14,35,MN,Conf,0,252,2,0,Raúl,FWD,9,0,,0,2,1818,0.0
366,252,11,36,MN,Conf,1,252,9,9,Raúl,FWD,9,9,,0,9,1818,0.0049504950495049506
367,252,10,37,MN,Conf,1,252,9,9,Raúl,FWD,9,9,,0,9,1818,0.0049504950495049506
368,252,13,38,MN,Conf,0,252,2,0,Raúl,FWD,9,0,,0,2,1818,0.0
369,443,1,16,MN,Conf,1,443,2,2,Sels,GKP,16,2,,0,2,1818,0.0011001100110011
370,443,1,17,MN,Conf,1,443,7,7,Sels,GKP,16,7,,0,7,1818,0.0038503850385038503
371,443,1,18,MN,Conf,1,443,8,8,Sels,GKP,16,8,,0,8,1818,0.0044004400440044
372,443,12,19,MN,Conf,0,443,6,0,Sels,GKP,16,0,,0,6,1818,0.0
373,443,1,20,MN,Conf,1,443,9,9,Sels,GKP,16,9,,0,9,1818,0.0049504950495049506
374,443,12,21,MN,Conf,0,443,3,0,Sels,GKP,16,0,,0,0,1818,0.0
375,443,1,22,MN,Conf,1,443,1,1,Sels,GKP,16,1,,0,0,1818,0.00055005500550055
376,443,12,23,MN,Conf,0,443,1,0,Sels,GKP,16,0,,0,1,1818,0.0
377,443,12,24,MN,Conf,0,443,8,0,Sels,GKP,16,0,,0,8,1818,0.0
378,443,1,25,MN,Conf,1,443,3,3,Sels,GKP,16,3,,0,3,1818,0.0016501650165016502
379,443,12,26,MN,Conf,0,443,0,0,Sels,GKP,16,0,,0,0,1818,0.0
380,443,12,27,MN,Conf,0,443,6,0,Sels,GKP,16,0,,0,6,1818,0.0
381,443,12,28,MN,Conf,0,443,8,0,Sels,GKP,16,0,,0,0,1818,0.0
382,443,1,29,MN,Conf,1,443,1,1,Sels,GKP,16,1,,0,1,1818,0.00055005500550055
383,443,12,30,MN,Conf,0,443,8,0,Sels,GKP,16,0,,0,8,1818,0.0
384,443,1,31,MN,Conf,1,443,3,3,Sels,GKP,16,3,,0,3,1818,0.0016501650165016502
385,443,1,32,MN,Conf,1,443,3,3,Sels,GKP,16,3,,0,3,1818,0.0016501650165016502
386,443,1,33,MN,Conf,1,443,2,2,Sels,GKP,16,2,,0,0,1818,0.0011001100110011
387,443,1,34,MN,Conf,1,443,1,1,Sels,GKP,16,1,,0,0,1818,0.00055005500550055
388,443,1,35,MN,Conf,1,443,1,1,Sels,GKP,16,1,,0,1,1818,0.00055005500550055
389,443,1,36,MN,Conf,1,443,2,2,Sels,GKP,16,2,,0,2,1818,0.0011001100110011
390,443,1,37,MN,Conf,1,443,3,3,Sels,GKP,16,3,,0,3,1818,0.0016501650165016502
391,443,1,38,MN,Conf,1,443,2,2,Sels,GKP,16,2,,0,2,1818,0.0011001100110011
392,200,3,8,MN,Conf,1,200,2,2,Guéhi,DEF,7,2,,0,2,1818,0.0011001100110011
393,200,3,9,MN,Conf,1,200,6,6,Guéhi,DEF,7,6,,0,6,1818,0.0033003300330033004
394,200,3,10,MN,Conf,1,200,7,7,Guéhi,DEF,7,7,,0,7,1818,0.0038503850385038503
395,200,3,11,MN,Conf,1,200,1,1,Guéhi,DEF,7,1,,0,1,1818,0.00055005500550055
396,200,3,12,MN,Conf,1,200,1,1,Guéhi,DEF,7,1,,0,1,1818,0.00055005500550055
397,200,3,13,MN,Conf,1,200,3,3,Guéhi,DEF,7,3,,0,3,1818,0.0016501650165016502
398,200,5,14,MN,Conf,1,200,6,6,Guéhi,DEF,7,6,,0,6,1818,0.0033003300330033004
399,200,6,15,MN,Conf,0,200,1,0,Guéhi,DEF,7,1,,0,1,1818,0.00055005500550055
400,200,15,17,MN,Conf,0,200,-1,0,Guéhi,DEF,7,0,,0,0,1818,0.0
401,88,15,8,MN,Conf,0,88,1,0,Collins,DEF,4,0,,0,0,1818,0.0
402,88,15,9,MN,Conf,0,88,1,0,Collins,DEF,4,0,,0,0,1818,0.0
403,88,5,10,MN,Conf,1,88,1,1,Collins,DEF,4,1,,0,0,1818,0.00055005500550055
404,88,5,11,MN,Conf,1,88,1,1,Collins,DEF,4,1,,0,0,1818,0.00055005500550055
405,201,1,10,MN,Conf,1,201,2,2,Henderson,GKP,7,2,,0,2,1818,0.0011001100110011
406,201,1,11,MN,Conf,1,201,2,2,Henderson,GKP,7,2,,0,0,1818,0.0011001100110011
407,201,12,12,MN,Conf,0,201,7,0,Henderson,GKP,7,0,,0,7,1818,0.0
408,201,1,13,MN,Conf,1,201,2,2,Henderson,GKP,7,2,,0,2,1818,0.0011001100110011
409,201,1,14,MN,Conf,1,201,7,7,Henderson,GKP,7,7,,0,7,1818,0.0038503850385038503
410,201,12,15,MN,Conf,0,201,1,0,Henderson,GKP,7,0,,0,0,1818,0.0
411,201,12,16,MN,Conf,0,201,2,0,Henderson,GKP,7,0,,0,0,1818,0.0
412,201,12,17,MN,Conf,0,201,0,0,Henderson,GKP,7,0,,0,0,1818,0.0
413,201,12,18,MN,Conf,0,201,7,0,Henderson,GKP,7,0,,0,0,1818,0.0
414,201,1,19,MN,Conf,1,201,2,2,Henderson,GKP,7,2,,0,0,1818,0.0011001100110011
415,201,12,20,MN,Conf,0,201,2,0,Henderson,GKP,7,0,,0,0,1818,0.0
416,201,1,21,MN,Conf,1,201,7,7,Henderson,GKP,7,7,,0,7,1818,0.0038503850385038503
417,201,12,22,MN,Conf,0,201,6,0,Henderson,GKP,7,0,,0,6,1818,0.0
418,201,1,23,MN,Conf,1,201,1,1,Henderson,GKP,7,1,,0,0,1818,0.00055005500550055
419,201,1,24,MN,Conf,1,201,6,6,Henderson,GKP,7,6,,0,0,1818,0.0033003300330033004
420,201,12,25,MN,Conf,0,201,2,0,Henderson,GKP,7,0,,0,0,1818,0.0
421,201,1,26,MN,Conf,1,201,6,6,Henderson,GKP,7,6,,0,6,1818,0.0033003300330033004
422,201,1,27,MN,Conf,1,201,2,2,Henderson,GKP,7,2,,0,0,1818,0.0011001100110011
423,201,1,28,MN,Conf,1,201,10,10,Henderson,GKP,7,10,,0,10,1818,0.005500550055005501
424,201,12,29,MN,Conf,0,201,0,0,Henderson,GKP,7,0,,0,0,1818,0.0
425,201,1,30,MN,Conf,1,201,2,2,Henderson,GKP,7,2,,0,0,1818,0.0011001100110011
426,201,12,31,MN,Conf,0,201,3,0,Henderson,GKP,7,0,,0,0,1818,0.0
427,422,2,10,MN,Conf,1,422,15,15,Aina,DEF,16,15,,0,15,1818,0.00825082508250825
428,422,2,11,MN,Conf,1,422,1,1,Aina,DEF,16,1,,0,0,1818,0.00055005500550055
429,422,15,12,MN,Conf,0,422,0,0,Aina,DEF,16,0,,0,0,1818,0.0
430,422,4,13,MN,Conf,1,422,8,8,Aina,DEF,16,8,,0,8,1818,0.0044004400440044
431,422,4,14,MN,Conf,1,422,1,1,Aina,DEF,16,1,,0,0,1818,0.00055005500550055
432,422,4,15,MN,Conf,1,422,1,1,Aina,DEF,16,1,,0,0,1818,0.00055005500550055
433,422,3,16,MN,Conf,1,422,2,2,Aina,DEF,16,2,,0,2,1818,0.0011001100110011
434,422,3,17,MN,Conf,1,422,15,15,Aina,DEF,16,15,,0,15,1818,0.00825082508250825
435,422,3,18,MN,Conf,1,422,6,6,Aina,DEF,16,6,,0,6,1818,0.0033003300330033004
436,422,4,19,MN,Conf,1,422,8,8,Aina,DEF,16,8,,0,8,1818,0.0044004400440044
437,422,2,20,MN,Conf,1,422,6,6,Aina,DEF,16,6,,0,6,1818,0.0033003300330033004
438,422,2,21,MN,Conf,1,422,2,2,Aina,DEF,16,2,,0,2,1818,0.0011001100110011
439,422,2,22,MN,Conf,1,422,4,4,Aina,DEF,16,4,,0,4,1818,0.0022002200220022
440,422,2,23,MN,Conf,1,422,1,1,Aina,DEF,16,1,,0,1,1818,0.00055005500550055
441,422,3,24,MN,Conf,1,422,6,6,Aina,DEF,16,6,,0,6,1818,0.0033003300330033004
442,422,2,25,MN,Conf,1,422,1,1,Aina,DEF,16,1,,0,1,1818,0.00055005500550055
443,422,3,26,MN,Conf,1,422,0,0,Aina,DEF,16,0,,0,0,1818,0.0
444,422,2,27,MN,Conf,1,422,6,6,Aina,DEF,16,6,,0,6,1818,0.0033003300330033004
445,422,2,28,MN,Conf,1,422,6,6,Aina,DEF,16,6,,0,6,1818,0.0033003300330033004
446,422,2,29,MN,Conf,1,422,1,1,Aina,DEF,16,1,,0,1,1818,0.00055005500550055
447,422,4,30,MN,Conf,1,422,1,1,Aina,DEF,16,1,,0,1,1818,0.00055005500550055
448,422,15,31,MN,Conf,0,422,0,0,Aina,DEF,16,0,,0,0,1818,0.0
449,436,15,11,MN,Conf,0,436,7,0,Murillo,DEF,16,0,,0,7,1818,0.0
450,436,2,12,MN,Conf,1,436,1,1,Murillo,DEF,16,1,,0,1,1818,0.00055005500550055
451,436,2,13,MN,Conf,1,436,7,7,Murillo,DEF,16,7,,0,7,1818,0.0038503850385038503
452,436,2,14,MN,Conf,1,436,0,0,Murillo,DEF,16,0,,0,0,1818,0.0
453,436,2,15,MN,Conf,1,436,1,1,Murillo,DEF,16,1,,0,0,1818,0.00055005500550055
454,436,14,16,MN,Conf,0,436,2,0,Murillo,DEF,16,0,,0,2,1818,0.0
455,436,5,18,MN,Conf,0,436,8,0,Murillo,DEF,16,8,,0,8,1818,0.0044004400440044
456,436,13,19,MN,Conf,1,436,0,0,Murillo,DEF,16,0,,0,0,1818,0.0
457,436,6,20,MN,Conf,1,436,9,9,Murillo,DEF,16,9,,0,9,1818,0.0049504950495049506
458,436,15,21,MN,Conf,0,436,3,0,Murillo,DEF,16,0,,0,3,1818,0.0
459,436,5,22,MN,Conf,1,436,1,1,Murillo,DEF,16,1,,0,0,1818,0.00055005500550055
460,436,14,23,MN,Conf,0,436,0,0,Murillo,DEF,16,0,,0,0,1818,0.0
461,436,14,24,MN,Conf,0,436,5,0,Murillo,DEF,16,0,,0,5,1818,0.0
462,436,6,25,MN,Conf,1,436,1,1,Murillo,DEF,16,1,,0,0,1818,0.00055005500550055
463,436,5,26,MN,Conf,0,436,0,0,Murillo,DEF,16,0,,0,0,1818,0.0
464,436,15,27,MN,Conf,0,436,6,0,Murillo,DEF,16,0,,0,6,1818,0.0
465,70,14,12,MN,Conf,0,70,1,0,Kerkez,DEF,3,0,,0,0,1818,0.0
466,70,5,13,MN,Conf,1,70,7,7,Kerkez,DEF,3,7,,0,7,1818,0.0038503850385038503
467,70,3,14,MN,Conf,1,70,8,8,Kerkez,DEF,3,8,,0,8,1818,0.0044004400440044
468,70,3,15,MN,Conf,1,70,2,2,Kerkez,DEF,3,2,,0,2,1818,0.0011001100110011
469,70,2,16,MN,Conf,1,70,2,2,Kerkez,DEF,3,2,,0,2,1818,0.0011001100110011
470,70,2,17,MN,Conf,1,70,6,6,Kerkez,DEF,3,6,,0,6,1818,0.0033003300330033004
471,70,2,18,MN,Conf,1,70,6,6,Kerkez,DEF,3,6,,0,6,1818,0.0033003300330033004
472,70,3,19,MN,Conf,1,70,1,1,Kerkez,DEF,3,1,,0,1,1818,0.00055005500550055
473,70,3,20,MN,Conf,1,70,12,12,Kerkez,DEF,3,12,,0,12,1818,0.006600660066006601
474,70,14,21,MN,Conf,0,70,1,0,Kerkez,DEF,3,0,,0,0,1818,0.0
475,70,14,22,MN,Conf,0,70,7,0,Kerkez,DEF,3,0,,0,7,1818,0.0
476,70,5,23,MN,Conf,1,70,6,6,Kerkez,DEF,3,6,,0,6,1818,0.0033003300330033004
477,70,15,24,MN,Conf,0,70,1,0,Kerkez,DEF,3,0,,0,0,1818,0.0
478,70,5,25,MN,Conf,1,70,2,2,Kerkez,DEF,3,2,,0,2,1818,0.0011001100110011
479,70,2,26,MN,Conf,1,70,1,1,Kerkez,DEF,3,1,,0,1,1818,0.00055005500550055
480,70,4,27,MN,Conf,1,70,4,4,Kerkez,DEF,3,4,,0,4,1818,0.0022002200220022
481,70,4,28,MN,Conf,1,70,4,4,Kerkez,DEF,3,4,,0,4,1818,0.0022002200220022
482,70,3,29,MN,Conf,1,70,4,4,Kerkez,DEF,3,4,,0,4,1818,0.0022002200220022
483,70,3,30,MN,Conf,1,70,1,1,Kerkez,DEF,3,1,,0,1,1818,0.00055005500550055
484,70,2,31,MN,Conf,1,70,1,1,Kerkez,DEF,3,1,,0,1,1818,0.00055005500550055
485,70,3,32,MN,Conf,1,70,6,6,Kerkez,DEF,3,6,,0,6,1818,0.0033003300330033004
486,70,2,33,MN,Conf,1,70,8,8,Kerkez,DEF,3,8,,0,8,1818,0.0044004400440044
487,70,2,34,MN,Conf,1,70,2,2,Kerkez,DEF,3,2,,0,2,1818,0.0011001100110011
488,70,15,35,MN,Conf,0,70,2,0,Kerkez,DEF,3,0,,0,2,1818,0.0
489,70,6,36,MN,Conf,0,70,2,0,Kerkez,DEF,3,2,,0,2,1818,0.0011001100110011
490,70,15,37,MN,Conf,0,70,1,0,Kerkez,DEF,3,0,,0,1,1818,0.0
491,70,5,38,MN,Conf,1,70,6,6,Kerkez,DEF,3,6,,0,6,1818,0.0033003300330033004
492,144,6,30,MN,Conf,0,144,1,0,Van Hecke,DEF,5,1,,0,0,1818,0.00055005500550055
493,144,5,31,MN,Conf,1,144,-2,-2,Van Hecke,DEF,5,-2,,0,0,1818,-0.0011001100110011
494,144,4,38,MN,Conf,1,144,2,2,Van Hecke,DEF,5,2,,0,2,1818,0.0011001100110011
495,388,3,35,MN,Conf,1,388,7,7,Wan-Bissaka,DEF,19,7,,0,7,1818,0.0038503850385038503
496,388,3,36,MN,Conf,1,388,12,12,Wan-Bissaka,DEF,19,12,,0,12,1818,0.006600660066006601
497,388,3,37,MN,Conf,1,388,1,1,Wan-Bissaka,DEF,19,1,,0,0,1818,0.00055005500550055
498,388,3,38,MN,Conf,1,388,5,5,Wan-Bissaka,DEF,19,5,,0,5,1818,0.0027502750275027505
499,71,7,15,MN,Conf,1,71,2,2,Kluivert,MID,3,2,,0,2,1818,0.0011001100110011
500,71,6,16,MN,Conf,1,71,3,3,Kluivert,MID,3,3,,0,3,1818,0.0016501650165016502
501,71,7,17,MN,Conf,1,71,8,8,Kluivert,MID,3,8,,0,8,1818,0.0044004400440044
502,71,7,18,MN,Conf,1,71,2,2,Kluivert,MID,3,2,,0,2,1818,0.0011001100110011
503,71,15,19,MN,Conf,0,71,0,0,Kluivert,MID,3,0,,0,0,1818,0.0
504,71,7,20,MN,Conf,1,71,3,3,Kluivert,MID,3,3,,0,3,1818,0.0016501650165016502
505,71,6,21,MN,Conf,1,71,8,8,Kluivert,MID,3,8,,0,8,1818,0.0044004400440044
506,71,7,22,MN,Conf,1,71,22,22,Kluivert,MID,3,22,,0,22,1818,0.0121012101210121
507,71,7,23,MN,Conf,1,71,13,13,Kluivert,MID,3,13,,0,13,1818,0.007150715071507151
508,71,9,24,MN,Conf,0,71,2,0,Kluivert,MID,3,2,,0,2,1818,0.0011001100110011
509,71,8,25,MN,Conf,1,71,5,5,Kluivert,MID,3,5,,0,5,1818,0.0027502750275027505
510,71,7,26,MN,Conf,1,71,2,2,Kluivert,MID,3,2,,0,2,1818,0.0011001100110011
511,71,8,27,MN,Conf,1,71,10,10,Kluivert,MID,3,10,,0,10,1818,0.005500550055005501
512,71,13,28,MN,Conf,0,71,5,0,Kluivert,MID,3,0,,0,5,1818,0.0
513,71,6,29,MN,Conf,1,71,2,2,Kluivert,MID,3,2,,0,2,1818,0.0011001100110011
514,71,13,30,MN,Conf,1,71,0,0,Kluivert,MID,3,0,,0,0,1818,0.0
515,71,14,31,MN,Conf,0,71,0,0,Kluivert,MID,3,0,,0,0,1818,0.0
516,71,13,37,MN,Conf,0,71,1,0,Kluivert,MID,3,0,,0,0,1818,0.0
517,71,9,38,MN,Conf,1,71,3,3,Kluivert,MID,3,3,,0,3,1818,0.0016501650165016502
518,574,5,17,MN,Conf,0,574,6,0,Milenković,DEF,16,6,,0,6,1818,0.0033003300330033004
519,574,14,18,MN,Conf,0,574,6,0,Milenković,DEF,16,0,,0,6,1818,0.0
520,574,2,19,MN,Conf,1,574,6,6,Milenković,DEF,16,6,,0,6,1818,0.0033003300330033004
521,574,4,20,MN,Conf,1,574,6,6,Milenković,DEF,16,6,,0,6,1818,0.0033003300330033004
522,574,3,21,MN,Conf,1,574,2,2,Milenković,DEF,16,2,,0,2,1818,0.0011001100110011
523,574,3,22,MN,Conf,1,574,1,1,Milenković,DEF,16,1,,0,0,1818,0.00055005500550055
524,574,3,23,MN,Conf,1,574,0,0,Milenković,DEF,16,0,,0,0,1818,0.0
525,574,2,24,MN,Conf,1,574,6,6,Milenković,DEF,16,6,,0,6,1818,0.0033003300330033004
526,574,3,25,MN,Conf,1,574,1,1,Milenković,DEF,16,1,,0,0,1818,0.00055005500550055
527,574,14,26,MN,Conf,0,574,5,0,Milenković,DEF,16,0,,0,5,1818,0.0
528,574,14,27,MN,Conf,0,574,5,0,Milenković,DEF,16,0,,0,5,1818,0.0
529,574,14,28,MN,Conf,0,574,6,0,Milenković,DEF,16,0,,0,6,1818,0.0
530,574,4,29,MN,Conf,1,574,11,11,Milenković,DEF,16,11,,0,11,1818,0.00605060506050605
531,574,2,30,MN,Conf,1,574,6,6,Milenković,DEF,16,6,,0,6,1818,0.0033003300330033004
532,574,3,31,MN,Conf,1,574,1,1,Milenković,DEF,16,1,,0,1,1818,0.00055005500550055
533,574,2,32,MN,Conf,1,574,2,2,Milenković,DEF,16,2,,0,2,1818,0.0011001100110011
534,574,15,33,MN,Conf,0,574,2,0,Milenković,DEF,16,0,,0,2,1818,0.0
535,574,13,34,MN,Conf,0,574,1,0,Milenković,DEF,16,0,,0,0,1818,0.0
536,574,2,35,MN,Conf,1,574,2,2,Milenković,DEF,16,2,,0,2,1818,0.0011001100110011
537,574,2,36,MN,Conf,1,574,1,1,Milenković,DEF,16,1,,0,0,1818,0.00055005500550055
538,574,2,37,MN,Conf,1,574,8,8,Milenković,DEF,16,8,,0,8,1818,0.0044004400440044
539,574,14,38,MN,Conf,0,574,2,0,Milenković,DEF,16,0,,0,2,1818,0.0
540,585,9,19,MN,Conf,1,585,2,2,I.Sarr,MID,7,2,,0,2,1818,0.0011001100110011
541,585,13,20,MN,Conf,0,585,2,0,I.Sarr,MID,7,0,,0,2,1818,0.0
542,106,13,25,MN,Conf,0,106,9,0,Schade,MID,4,0,,0,9,1818,0.0
543,106,10,26,MN,Conf,1,106,3,3,Schade,MID,4,3,,0,3,1818,0.0016501650165016502
544,106,6,27,MN,Conf,1,106,3,3,Schade,MID,4,3,,0,3,1818,0.0016501650165016502
545,106,6,28,MN,Conf,1,106,2,2,Schade,MID,4,2,,0,2,1818,0.0011001100110011
546,231,15,28,MN,Conf,0,231,2,0,Mykolenko,DEF,8,0,,0,2,1818,0.0
547,231,5,29,MN,Conf,1,231,2,2,Mykolenko,DEF,8,2,,0,2,1818,0.0011001100110011
548,232,11,37,MN,Conf,1,232,13,13,Ndiaye,FWD,8,13,,0,13,1818,0.007150715071507151
549,232,15,38,MN,Conf,0,232,2,0,Ndiaye,FWD,8,0,,0,0,1818,0.0
550,329,7,32,MN,Conf,1,329,5,5,Mac Allister,MID,12,5,,0,5,1818,0.0027502750275027505
551,329,7,33,MN,Conf,1,329,3,3,Mac Allister,MID,12,3,,0,3,1818,0.0016501650165016502
552,329,8,34,MN,Conf,1,329,10,10,Mac Allister,MID,12,10,,0,10,1818,0.005500550055005501
553,159,4,32,MN,Conf,1,159,1,1,Chalobah,DEF,6,1,,0,0,1818,0.00055005500550055
554,159,3,33,MN,Conf,1,159,2,2,Chalobah,DEF,6,2,,0,2,1818,0.0011001100110011
555,625,9,33,MN,Conf,1,625,8,8,Gündogan,MID,13,8,,0,8,1818,0.0044004400440044
556,625,15,34,MN,Conf,0,625,0,0,Gündogan,MID,13,0,,0,0,1818,0.0
557,625,9,35,MN,Conf,1,625,3,3,Gündogan,MID,13,3,,0,3,1818,0.0016501650165016502
558,625,13,36,MN,Conf,1,625,0,0,Gündogan,MID,13,0,,0,0,1818,0.0
559,720,3,34,MN,Conf,1,720,6,6,Agbadou,DEF,20,6,,0,6,1818,0.0033003300330033004
560,356,14,34,MN,Conf,0,356,0,0,Matheus N.,MID,13,0,,0,0,1818,0.0
561,356,10,35,MN,Conf,1,356,3,3,Matheus N.,MID,13,3,,0,3,1818,0.0016501650165016502
562,356,14,36,MN,Conf,1,356,0,0,Matheus N.,MID,13,0,,0,0,1818,0.0
563,338,5,35,MN,Conf,1,338,1,1,Van den Berg,DEF,4,1,,0,0,1818,0.00055005500550055
564,338,4,36,MN,Conf,1,338,6,6,Van den Berg,DEF,4,6,,0,6,1818,0.0033003300330033004
565,338,4,37,MN,Conf,1,338,0,0,Van den Berg,DEF,4,0,,0,0,1818,0.0
566,423,7,35,MN,Conf,1,423,2,2,Anderson,MID,16,2,,0,2,1818,0.0011001100110011
567,423,8,36,MN,Conf,1,423,1,1,Anderson,MID,16,1,,0,1,1818,0.00055005500550055
568,423,8,37,MN,Conf,1,423,2,2,Anderson,MID,16,2,,0,2,1818,0.0011001100110011
569,530,10,38,MN,Conf,1,530,2,2,Souček,MID,19,2,,0,0,1818,0.0011001100110011
570,91,1,23,AN,Conf,0,91,3,0,Flekken,GKP,4,3,,0,3,1724,0.0017401392111368909
571,91,1,24,AN,Conf,1,91,0,0,Flekken,GKP,4,0,,0,0,1724,0.0
572,505,14,27,AN,Conf,0,505,2,0,Udogie,DEF,18,0,,0,2,1724,0.0
573,505,14,28,AN,Conf,0,505,1,0,Udogie,DEF,18,0,,0,1,1724,0.0
574,497,13,36,AN,Conf,0,497,0,0,Richarlison,FWD,18,0,,0,0,1724,0.0
575,497,14,37,AN,Conf,0,497,1,0,Richarlison,FWD,18,0,,0,1,1724,0.0
576,497,13,38,AN,Conf,0,497,1,0,Richarlison,FWD,18,0,,0,0,1724,0.0
577,47,12,31,AN,Conf,0,47,1,0,Martinez,GKP,2,0,,0,0,1724,0.0
578,47,1,32,AN,Conf,1,47,6,6,Martinez,GKP,2,6,,0,6,1724,0.0034802784222737818
579,47,1,33,AN,Conf,1,47,4,4,Martinez,GKP,2,4,,0,4,1724,0.002320185614849188
580,47,12,34,AN,Conf,0,47,0,0,Martinez,GKP,2,0,,0,0,1724,0.0
581,47,1,35,AN,Conf,1,47,9,9,Martinez,GKP,2,9,,0,9,1724,0.005220417633410673
582,47,12,36,AN,Conf,0,47,8,0,Martinez,GKP,2,0,,0,8,1724,0.0
583,47,1,37,AN,Conf,1,47,6,6,Martinez,GKP,2,6,,0,6,1724,0.0034802784222737818
584,47,1,38,AN,Conf,1,47,-2,-2,Martinez,GKP,2,-2,,0,0,1724,-0.001160092807424594
585,321,14,3,AN,Conf,0,321,1,0,Gakpo,FWD,12,0,,0,1,1724,0.0
586,321,10,4,AN,Conf,1,321,1,1,Gakpo,FWD,12,1,,0,1,1724,0.000580046403712297
587,321,11,5,AN,Conf,1,321,1,1,Gakpo,FWD,12,1,,0,1,1724,0.000580046403712297
588,321,11,6,AN,Conf,1,321,1,1,Gakpo,FWD,12,1,,0,1,1724,0.000580046403712297
589,321,11,7,AN,Conf,1,321,4,4,Gakpo,FWD,12,4,,0,4,1724,0.002320185614849188
590,321,11,8,AN,Conf,1,321,2,2,Gakpo,FWD,12,2,,0,2,1724,0.001160092807424594
591,321,11,9,AN,Conf,1,321,1,1,Gakpo,FWD,12,1,,0,1,1724,0.000580046403712297
592,321,11,10,AN,Conf,1,321,9,9,Gakpo,FWD,12,9,,0,9,1724,0.005220417633410673
593,321,11,11,AN,Conf,1,321,1,1,Gakpo,FWD,12,1,,0,1,1724,0.000580046403712297
594,321,10,12,AN,Conf,1,321,1,1,Gakpo,FWD,12,1,,0,1,1724,0.000580046403712297
595,321,9,13,AN,Conf,1,321,9,9,Gakpo,FWD,12,9,,0,9,1724,0.005220417633410673
596,321,10,14,AN,Conf,1,321,2,2,Gakpo,FWD,12,2,,0,2,1724,0.001160092807424594
597,321,13,15,AN,Conf,0,321,0,0,Gakpo,FWD,12,0,,0,0,1724,0.0
598,321,9,16,AN,Conf,1,321,9,9,Gakpo,FWD,12,9,,0,9,1724,0.005220417633410673
599,321,9,17,AN,Conf,1,321,1,1,Gakpo,FWD,12,1,,0,0,1724,0.000580046403712297
600,321,9,18,AN,Conf,1,321,12,12,Gakpo,FWD,12,12,,0,12,1724,0.0069605568445475635
601,321,10,19,AN,Conf,1,321,5,5,Gakpo,FWD,12,5,,0,5,1724,0.002900232018561485
602,321,11,20,AN,Conf,1,321,6,6,Gakpo,FWD,12,6,,0,6,1724,0.0034802784222737818
603,321,10,21,AN,Conf,1,321,2,2,Gakpo,FWD,12,2,,0,2,1724,0.001160092807424594
604,321,10,22,AN,Conf,1,321,2,2,Gakpo,FWD,12,2,,0,2,1724,0.001160092807424594
605,321,11,23,AN,Conf,1,321,16,16,Gakpo,FWD,12,16,,0,16,1724,0.009280742459396751
606,321,11,24,AN,Conf,1,321,7,7,Gakpo,FWD,12,7,,0,7,1724,0.004060324825986079
607,321,14,25,AN,Conf,1,321,0,0,Gakpo,FWD,12,0,,0,0,1724,0.0
608,321,11,26,AN,Conf,1,321,1,1,Gakpo,FWD,12,1,,0,0,1724,0.000580046403712297
609,321,11,27,AN,Conf,1,321,1,1,Gakpo,FWD,12,1,,0,1,1724,0.000580046403712297
610,321,13,28,AN,Conf,1,321,0,0,Gakpo,FWD,12,0,,0,0,1724,0.0
611,321,14,29,AN,Conf,0,321,0,0,Gakpo,FWD,12,0,,0,0,1724,0.0
612,321,11,30,AN,Conf,1,321,1,1,Gakpo,FWD,12,1,,0,1,1724,0.000580046403712297
613,321,11,31,AN,Conf,1,321,1,1,Gakpo,FWD,12,1,,0,1,1724,0.000580046403712297
614,321,9,32,AN,Conf,0,321,1,0,Gakpo,FWD,12,1,,0,1,1724,0.000580046403712297
615,321,10,33,AN,Conf,1,321,1,1,Gakpo,FWD,12,1,,0,0,1724,0.000580046403712297
616,321,10,34,AN,Conf,1,321,7,7,Gakpo,FWD,12,7,,0,7,1724,0.004060324825986079
617,321,10,35,AN,Conf,1,321,2,2,Gakpo,FWD,12,2,,0,2,1724,0.001160092807424594
618,321,10,36,AN,Conf,1,321,9,9,Gakpo,FWD,12,9,,0,9,1724,0.005220417633410673
619,321,10,37,AN,Conf,1,321,2,2,Gakpo,FWD,12,2,,0,2,1724,0.001160092807424594
620,321,11,38,AN,Conf,1,321,7,7,Gakpo,FWD,12,7,,0,7,1724,0.004060324825986079
621,52,2,38,AN,Conf,1,52,0,0,Pau,DEF,2,0,,0,0,1724,0.0
622,409,5,11,AN,Conf,1,409,2,2,Livramento,DEF,15,2,,0,2,1724,0.001160092807424594
623,409,4,12,AN,Conf,1,409,1,1,Livramento,DEF,15,1,,0,1,1724,0.000580046403712297
624,409,3,21,AN,Conf,1,409,6,6,Livramento,DEF,15,6,,0,6,1724,0.0034802784222737818
625,409,5,22,AN,Conf,0,409,0,0,Livramento,DEF,15,0,,0,0,1724,0.0
626,409,3,23,AN,Conf,0,409,2,0,Livramento,DEF,15,2,,0,2,1724,0.001160092807424594
627,409,14,24,AN,Conf,0,409,2,0,Livramento,DEF,15,0,,0,2,1724,0.0
628,409,6,25,AN,Conf,0,409,1,0,Livramento,DEF,15,1,,0,1,1724,0.000580046403712297
629,409,2,36,AN,Conf,0,409,7,0,Livramento,DEF,15,7,,0,7,1724,0.004060324825986079
630,409,2,37,AN,Conf,0,409,2,0,Livramento,DEF,15,2,,0,2,1724,0.001160092807424594
631,409,15,38,AN,Conf,0,409,2,0,Livramento,DEF,15,0,,0,2,1724,0.0
632,398,14,30,AN,Conf,0,398,0,0,Gordon,MID,15,0,,0,0,1724,0.0
633,398,13,31,AN,Conf,1,398,0,0,Gordon,MID,15,0,,0,0,1724,0.0
634,336,14,20,AN,Conf,1,336,0,0,Szoboszlai,MID,12,0,,0,0,1724,0.0
635,336,5,21,AN,Conf,1,336,2,2,Szoboszlai,MID,12,2,,0,2,1724,0.001160092807424594
636,336,8,37,AN,Conf,1,336,7,7,Szoboszlai,MID,12,7,,0,7,1724,0.004060324825986079
637,336,9,38,AN,Conf,1,336,2,2,Szoboszlai,MID,12,2,,0,2,1724,0.001160092807424594
638,129,13,11,AN,Conf,0,129,11,0,João Pedro,FWD,5,0,,0,11,1724,0.0
639,129,9,12,AN,Conf,1,129,12,12,João Pedro,FWD,5,12,,0,12,1724,0.0069605568445475635
640,129,10,13,AN,Conf,1,129,2,2,João Pedro,FWD,5,2,,0,2,1724,0.001160092807424594
641,129,9,14,AN,Conf,1,129,5,5,João Pedro,FWD,5,5,,0,5,1724,0.002900232018561485
642,129,10,15,AN,Conf,1,129,2,2,João Pedro,FWD,5,2,,0,2,1724,0.001160092807424594
643,129,10,16,AN,Conf,1,129,2,2,João Pedro,FWD,5,2,,0,2,1724,0.001160092807424594
644,129,10,17,AN,Conf,1,129,2,2,João Pedro,FWD,5,2,,0,2,1724,0.001160092807424594
645,129,10,18,AN,Conf,1,129,2,2,João Pedro,FWD,5,2,,0,2,1724,0.001160092807424594
646,129,9,19,AN,Conf,1,129,9,9,João Pedro,FWD,5,9,,0,9,1724,0.005220417633410673
647,129,10,20,AN,Conf,1,129,9,9,João Pedro,FWD,5,9,,0,9,1724,0.005220417633410673
648,129,11,21,AN,Conf,1,129,1,1,João Pedro,FWD,5,1,,0,1,1724,0.000580046403712297
649,129,9,22,AN,Conf,1,129,2,2,João Pedro,FWD,5,2,,0,2,1724,0.001160092807424594
650,129,10,23,AN,Conf,1,129,1,1,João Pedro,FWD,5,1,,0,0,1724,0.000580046403712297
651,129,9,24,AN,Conf,1,129,1,1,João Pedro,FWD,5,1,,0,0,1724,0.000580046403712297
652,389,9,5,AN,Conf,1,389,2,2,Zirkzee,FWD,14,2,,0,2,1724,0.001160092807424594
653,172,4,37,AN,Conf,1,172,10,10,James,DEF,6,10,,0,10,1724,0.00580046403712297
654,172,14,38,AN,Conf,0,172,6,0,James,DEF,6,0,,0,6,1724,0.0
655,383,1,1,AN,Conf,1,383,6,6,Onana,GKP,14,6,75.0,1,6,1724,0.0034802784222737818
656,383,12,2,AN,Conf,0,383,1,0,Onana,GKP,14,0,75.0,1,1,1724,0.0
657,383,1,3,AN,Conf,0,383,1,0,Onana,GKP,14,1,75.0,1,1,1724,0.000580046403712297
658,383,1,4,AN,Conf,1,383,13,13,Onana,GKP,14,13,75.0,1,13,1724,0.0075406032482598605
659,383,1,5,AN,Conf,1,383,9,9,Onana,GKP,14,9,75.0,1,9,1724,0.005220417633410673
660,383,12,6,AN,Conf,0,383,3,0,Onana,GKP,14,0,75.0,1,3,1724,0.0
661,383,1,7,AN,Conf,1,383,6,6,Onana,GKP,14,6,75.0,1,6,1724,0.0034802784222737818
662,383,12,8,AN,Conf,0,383,2,0,Onana,GKP,14,0,75.0,1,0,1724,0.0
663,383,12,9,AN,Conf,0,383,1,0,Onana,GKP,14,0,75.0,1,0,1724,0.0
664,383,12,10,AN,Conf,0,383,2,0,Onana,GKP,14,0,75.0,1,0,1724,0.0
665,383,1,11,AN,Conf,1,383,9,9,Onana,GKP,14,9,75.0,1,9,1724,0.005220417633410673
666,383,1,12,AN,Conf,1,383,3,3,Onana,GKP,14,3,75.0,1,3,1724,0.0017401392111368909
667,383,1,13,AN,Conf,1,383,6,6,Onana,GKP,14,6,75.0,1,6,1724,0.0034802784222737818
668,383,12,14,AN,Conf,0,383,2,0,Onana,GKP,14,0,75.0,1,2,1724,0.0
669,383,12,15,AN,Conf,0,383,1,0,Onana,GKP,14,0,75.0,1,0,1724,0.0
670,383,1,16,AN,Conf,1,383,2,2,Onana,GKP,14,2,75.0,1,2,1724,0.001160092807424594
671,383,1,17,AN,Conf,1,383,1,1,Onana,GKP,14,1,75.0,1,0,1724,0.000580046403712297
672,383,12,18,AN,Conf,0,383,1,0,Onana,GKP,14,0,75.0,1,0,1724,0.0
673,383,12,19,AN,Conf,0,383,1,0,Onana,GKP,14,0,75.0,1,0,1724,0.0
674,383,1,21,AN,Conf,1,383,3,3,Onana,GKP,14,3,75.0,1,3,1724,0.0017401392111368909
675,383,12,22,AN,Conf,0,383,1,0,Onana,GKP,14,0,75.0,1,0,1724,0.0
676,311,2,1,AN,Conf,1,311,8,8,Alexander-Arnold,DEF,12,8,10.0,1,8,1724,0.004640371229698376
677,311,2,2,AN,Conf,1,311,6,6,Alexander-Arnold,DEF,12,6,10.0,1,6,1724,0.0034802784222737818
678,311,2,3,AN,Conf,1,311,6,6,Alexander-Arnold,DEF,12,6,10.0,1,6,1724,0.0034802784222737818
679,311,2,4,AN,Conf,1,311,1,1,Alexander-Arnold,DEF,12,1,10.0,1,0,1724,0.000580046403712297
680,311,2,5,AN,Conf,1,311,11,11,Alexander-Arnold,DEF,12,11,10.0,1,11,1724,0.0063805104408352666
681,311,2,6,AN,Conf,1,311,1,1,Alexander-Arnold,DEF,12,1,10.0,1,1,1724,0.000580046403712297
682,311,2,7,AN,Conf,1,311,8,8,Alexander-Arnold,DEF,12,8,10.0,1,8,1724,0.004640371229698376
683,311,2,8,AN,Conf,1,311,2,2,Alexander-Arnold,DEF,12,2,10.0,1,2,1724,0.001160092807424594
684,311,2,9,AN,Conf,1,311,1,1,Alexander-Arnold,DEF,12,1,10.0,1,1,1724,0.000580046403712297
685,311,2,10,AN,Conf,1,311,2,2,Alexander-Arnold,DEF,12,2,10.0,1,2,1724,0.001160092807424594
686,311,2,11,AN,Conf,1,311,1,1,Alexander-Arnold,DEF,12,1,10.0,1,1,1724,0.000580046403712297
687,311,14,12,AN,Conf,0,311,0,0,Alexander-Arnold,DEF,12,0,10.0,1,0,1724,0.0
688,311,15,13,AN,Conf,0,311,8,0,Alexander-Arnold,DEF,12,0,10.0,1,8,1724,0.0
689,311,2,14,AN,Conf,1,311,6,6,Alexander-Arnold,DEF,12,6,10.0,1,6,1724,0.0034802784222737818
690,311,15,15,AN,Conf,0,311,0,0,Alexander-Arnold,DEF,12,0,10.0,1,0,1724,0.0
691,311,3,16,AN,Conf,1,311,1,1,Alexander-Arnold,DEF,12,1,10.0,1,1,1724,0.000580046403712297
692,311,3,17,AN,Conf,1,311,4,4,Alexander-Arnold,DEF,12,4,10.0,1,4,1724,0.002320185614849188
693,311,3,18,AN,Conf,1,311,2,2,Alexander-Arnold,DEF,12,2,10.0,1,2,1724,0.001160092807424594
694,311,2,19,AN,Conf,1,311,15,15,Alexander-Arnold,DEF,12,15,10.0,1,15,1724,0.008700696055684454
695,311,2,20,AN,Conf,1,311,0,0,Alexander-Arnold,DEF,12,0,10.0,1,0,1724,0.0
696,311,4,21,AN,Conf,1,311,2,2,Alexander-Arnold,DEF,12,2,10.0,1,2,1724,0.001160092807424594
697,311,2,22,AN,Conf,1,311,11,11,Alexander-Arnold,DEF,12,11,10.0,1,11,1724,0.0063805104408352666
698,311,2,23,AN,Conf,1,311,5,5,Alexander-Arnold,DEF,12,5,10.0,1,5,1724,0.002900232018561485
699,311,3,24,AN,Conf,1,311,7,7,Alexander-Arnold,DEF,12,7,10.0,1,7,1724,0.004060324825986079
700,311,2,25,AN,Conf,1,311,13,13,Alexander-Arnold,DEF,12,13,10.0,1,13,1724,0.0075406032482598605
701,311,3,26,AN,Conf,1,311,6,6,Alexander-Arnold,DEF,12,6,10.0,1,6,1724,0.0034802784222737818
702,311,2,27,AN,Conf,1,311,6,6,Alexander-Arnold,DEF,12,6,10.0,1,6,1724,0.0034802784222737818
703,311,2,28,AN,Conf,1,311,2,2,Alexander-Arnold,DEF,12,2,10.0,1,2,1724,0.001160092807424594
704,18,3,1,AN,Conf,1,18,6,6,Saliba,DEF,1,6,24.0,1,6,1724,0.0034802784222737818
705,18,13,2,AN,Conf,0,18,6,0,Saliba,DEF,1,0,24.0,1,6,1724,0.0
706,18,3,3,AN,Conf,1,18,2,2,Saliba,DEF,1,2,24.0,1,2,1724,0.001160092807424594
707,18,14,4,AN,Conf,0,18,5,0,Saliba,DEF,1,0,24.0,1,5,1724,0.0
708,18,14,5,AN,Conf,0,18,1,0,Saliba,DEF,1,0,24.0,1,1,1724,0.0
709,18,4,6,AN,Conf,1,18,0,0,Saliba,DEF,1,0,24.0,1,0,1724,0.0
710,18,4,7,AN,Conf,1,18,2,2,Saliba,DEF,1,2,24.0,1,2,1724,0.001160092807424594
711,18,3,8,AN,Conf,1,18,-3,-3,Saliba,DEF,1,-3,24.0,1,0,1724,-0.0017401392111368909
712,18,14,9,AN,Conf,0,18,0,0,Saliba,DEF,1,0,24.0,1,0,1724,0.0
713,18,4,10,AN,Conf,1,18,2,2,Saliba,DEF,1,2,24.0,1,2,1724,0.001160092807424594
714,18,15,11,AN,Conf,0,18,2,0,Saliba,DEF,1,0,24.0,1,2,1724,0.0
715,18,2,12,AN,Conf,1,18,7,7,Saliba,DEF,1,7,24.0,1,7,1724,0.004060324825986079
716,18,3,13,AN,Conf,1,18,1,1,Saliba,DEF,1,1,24.0,1,1,1724,0.000580046403712297
717,18,3,14,AN,Conf,1,18,15,15,Saliba,DEF,1,15,24.0,1,15,1724,0.008700696055684454
718,18,4,15,AN,Conf,1,18,9,9,Saliba,DEF,1,9,24.0,1,9,1724,0.005220417633410673
719,18,4,16,AN,Conf,1,18,6,6,Saliba,DEF,1,6,24.0,1,6,1724,0.0034802784222737818
720,18,4,17,AN,Conf,1,18,2,2,Saliba,DEF,1,2,24.0,1,2,1724,0.001160092807424594
721,18,4,18,AN,Conf,1,18,7,7,Saliba,DEF,1,7,24.0,1,7,1724,0.004060324825986079
722,18,5,19,AN,Conf,0,18,2,0,Saliba,DEF,1,2,24.0,1,2,1724,0.001160092807424594
723,18,5,20,AN,Conf,0,18,2,0,Saliba,DEF,1,2,24.0,1,2,1724,0.001160092807424594
724,18,14,21,AN,Conf,0,18,2,0,Saliba,DEF,1,0,24.0,1,2,1724,0.0
725,18,15,22,AN,Conf,0,18,0,0,Saliba,DEF,1,0,24.0,1,0,1724,0.0
726,18,15,23,AN,Conf,0,18,9,0,Saliba,DEF,1,0,24.0,1,9,1724,0.0
727,18,13,24,AN,Conf,0,18,2,0,Saliba,DEF,1,0,24.0,1,2,1724,0.0
728,18,3,25,AN,Conf,1,18,6,6,Saliba,DEF,1,6,24.0,1,6,1724,0.0034802784222737818
729,18,4,26,AN,Conf,1,18,2,2,Saliba,DEF,1,2,24.0,1,2,1724,0.001160092807424594
730,18,3,27,AN,Conf,1,18,8,8,Saliba,DEF,1,8,24.0,1,8,1724,0.004640371229698376
731,18,3,28,AN,Conf,1,18,2,2,Saliba,DEF,1,2,24.0,1,2,1724,0.001160092807424594
732,18,5,29,AN,Conf,1,18,9,9,Saliba,DEF,1,9,24.0,1,9,1724,0.005220417633410673
733,18,3,30,AN,Conf,1,18,2,2,Saliba,DEF,1,2,24.0,1,2,1724,0.001160092807424594
734,18,5,31,AN,Conf,0,18,2,0,Saliba,DEF,1,2,24.0,1,2,1724,0.001160092807424594
735,18,15,32,AN,Conf,0,18,2,0,Saliba,DEF,1,0,24.0,1,2,1724,0.0
736,18,4,33,AN,Conf,1,18,7,7,Saliba,DEF,1,7,24.0,1,7,1724,0.004060324825986079
737,18,14,34,AN,Conf,0,18,0,0,Saliba,DEF,1,0,24.0,1,0,1724,0.0
738,18,15,35,AN,Conf,0,18,1,0,Saliba,DEF,1,0,24.0,1,1,1724,0.0
739,495,4,1,AN,Conf,1,495,9,9,Pedro Porro,DEF,18,9,38.0,1,9,1724,0.005220417633410673
740,495,3,2,AN,Conf,1,495,6,6,Pedro Porro,DEF,18,6,38.0,1,6,1724,0.0034802784222737818
741,495,4,3,AN,Conf,1,495,1,1,Pedro Porro,DEF,18,1,38.0,1,1,1724,0.000580046403712297
742,495,3,4,AN,Conf,1,495,2,2,Pedro Porro,DEF,18,2,38.0,1,2,1724,0.001160092807424594
743,495,3,5,AN,Conf,1,495,2,2,Pedro Porro,DEF,18,2,38.0,1,2,1724,0.001160092807424594
744,495,13,6,AN,Conf,0,495,5,0,Pedro Porro,DEF,18,0,38.0,1,5,1724,0.0
745,495,3,7,AN,Conf,1,495,1,1,Pedro Porro,DEF,18,1,38.0,1,1,1724,0.000580046403712297
746,495,4,8,AN,Conf,1,495,2,2,Pedro Porro,DEF,18,2,38.0,1,2,1724,0.001160092807424594
747,495,3,9,AN,Conf,1,495,2,2,Pedro Porro,DEF,18,2,38.0,1,2,1724,0.001160092807424594
748,495,3,10,AN,Conf,1,495,1,1,Pedro Porro,DEF,18,1,38.0,1,0,1724,0.000580046403712297
749,495,3,11,AN,Conf,1,495,4,4,Pedro Porro,DEF,18,4,38.0,1,4,1724,0.002320185614849188
750,25,5,1,AN,Conf,1,25,6,6,Zinchenko,DEF,1,6,94.0,1,6,1724,0.0034802784222737818
751,17,6,1,AN,Conf,1,17,12,12,Saka,MID,1,12,5.0,1,12,1724,0.0069605568445475635
752,17,6,2,AN,Conf,1,17,6,6,Saka,MID,1,6,5.0,1,6,1724,0.0034802784222737818
753,17,5,3,AN,Conf,1,17,6,6,Saka,MID,1,6,5.0,1,6,1724,0.0034802784222737818
754,17,5,4,AN,Conf,1,17,7,7,Saka,MID,1,7,5.0,1,7,1724,0.004060324825986079
755,17,6,5,AN,Conf,1,17,4,4,Saka,MID,1,4,5.0,1,4,1724,0.002320185614849188
756,17,7,6,AN,Conf,1,17,3,3,Saka,MID,1,3,5.0,1,3,1724,0.0017401392111368909
757,17,7,7,AN,Conf,1,17,16,16,Saka,MID,1,16,5.0,1,16,1724,0.009280742459396751
758,17,14,8,AN,Conf,1,17,0,0,Saka,MID,1,0,5.0,1,0,1724,0.0
759,17,5,9,AN,Conf,1,17,9,9,Saka,MID,1,9,5.0,1,9,1724,0.005220417633410673
760,17,7,10,AN,Conf,1,17,2,2,Saka,MID,1,2,5.0,1,2,1724,0.001160092807424594
761,17,7,11,AN,Conf,1,17,2,2,Saka,MID,1,2,5.0,1,2,1724,0.001160092807424594
762,17,5,12,AN,Conf,1,17,13,13,Saka,MID,1,13,5.0,1,13,1724,0.0075406032482598605
763,17,6,13,AN,Conf,1,17,18,18,Saka,MID,1,18,5.0,1,18,1724,0.010440835266821345
764,17,5,14,AN,Conf,1,17,3,3,Saka,MID,1,3,5.0,1,3,1724,0.0017401392111368909
765,17,6,15,AN,Conf,1,17,2,2,Saka,MID,1,2,5.0,1,2,1724,0.001160092807424594
766,17,5,16,AN,Conf,1,17,3,3,Saka,MID,1,3,5.0,1,3,1724,0.0017401392111368909
767,17,5,17,AN,Conf,1,17,1,1,Saka,MID,1,1,5.0,1,0,1724,0.000580046403712297
768,494,7,1,AN,Conf,1,494,5,5,Maddison,MID,18,5,19.0,1,5,1724,0.002900232018561485
769,494,7,2,AN,Conf,1,494,6,6,Maddison,MID,18,6,19.0,1,6,1724,0.0034802784222737818
770,494,6,3,AN,Conf,1,494,1,1,Maddison,MID,18,1,19.0,1,0,1724,0.000580046403712297
771,494,6,4,AN,Conf,1,494,2,2,Maddison,MID,18,2,19.0,1,2,1724,0.001160092807424594
772,494,7,5,AN,Conf,1,494,12,12,Maddison,MID,18,12,19.0,1,12,1724,0.0069605568445475635
773,494,8,6,AN,Conf,1,494,3,3,Maddison,MID,18,3,19.0,1,3,1724,0.0017401392111368909
774,494,8,7,AN,Conf,1,494,10,10,Maddison,MID,18,10,19.0,1,10,1724,0.00580046403712297
775,494,6,8,AN,Conf,1,494,4,4,Maddison,MID,18,4,19.0,1,4,1724,0.002320185614849188
776,494,6,9,AN,Conf,1,494,2,2,Maddison,MID,18,2,19.0,1,2,1724,0.001160092807424594
777,494,8,10,AN,Conf,1,494,6,6,Maddison,MID,18,6,19.0,1,6,1724,0.0034802784222737818
778,494,8,11,AN,Conf,1,494,1,1,Maddison,MID,18,1,19.0,1,0,1724,0.000580046403712297
779,494,8,12,AN,Conf,0,494,16,0,Maddison,MID,18,16,19.0,1,16,1724,0.009280742459396751
780,494,8,13,AN,Conf,1,494,2,2,Maddison,MID,18,2,19.0,1,2,1724,0.001160092807424594
781,494,6,14,AN,Conf,1,494,2,2,Maddison,MID,18,2,19.0,1,2,1724,0.001160092807424594
782,494,8,15,AN,Conf,1,494,4,4,Maddison,MID,18,4,19.0,1,4,1724,0.002320185614849188
783,494,7,16,AN,Conf,1,494,15,15,Maddison,MID,18,15,19.0,1,15,1724,0.008700696055684454
784,494,13,17,AN,Conf,0,494,6,0,Maddison,MID,18,0,19.0,1,6,1724,0.0
785,494,5,18,AN,Conf,1,494,0,0,Maddison,MID,18,0,19.0,1,0,1724,0.0
786,494,7,19,AN,Conf,1,494,1,1,Maddison,MID,18,1,19.0,1,1,1724,0.000580046403712297
787,494,6,20,AN,Conf,1,494,1,1,Maddison,MID,18,1,19.0,1,1,1724,0.000580046403712297
788,494,13,21,AN,Conf,0,494,1,0,Maddison,MID,18,0,19.0,1,0,1724,0.0
789,494,7,22,AN,Conf,1,494,2,2,Maddison,MID,18,2,19.0,1,2,1724,0.001160092807424594
790,494,13,23,AN,Conf,1,494,0,0,Maddison,MID,18,0,19.0,1,0,1724,0.0
791,494,15,24,AN,Conf,0,494,0,0,Maddison,MID,18,0,19.0,1,0,1724,0.0
792,494,15,25,AN,Conf,0,494,10,0,Maddison,MID,18,0,19.0,1,10,1724,0.0
793,494,7,26,AN,Conf,1,494,4,4,Maddison,MID,18,4,19.0,1,4,1724,0.002320185614849188
794,494,7,27,AN,Conf,1,494,1,1,Maddison,MID,18,1,19.0,1,1,1724,0.000580046403712297
795,494,10,28,AN,Conf,0,494,0,0,Maddison,MID,18,0,19.0,1,0,1724,0.0
796,494,6,29,AN,Conf,1,494,1,1,Maddison,MID,18,1,19.0,1,1,1724,0.000580046403712297
797,525,8,1,AN,Conf,1,525,2,2,Kudus,MID,19,2,52.0,1,2,1724,0.001160092807424594
798,525,5,2,AN,Conf,1,525,3,3,Kudus,MID,19,3,52.0,1,3,1724,0.0017401392111368909
799,525,8,14,AN,Conf,0,525,2,0,Kudus,MID,19,2,52.0,1,2,1724,0.001160092807424594
800,525,5,15,AN,Conf,1,525,7,7,Kudus,MID,19,7,52.0,1,7,1724,0.004060324825986079
801,525,8,16,AN,Conf,1,525,3,3,Kudus,MID,19,3,52.0,1,3,1724,0.0017401392111368909
802,525,8,17,AN,Conf,1,525,9,9,Kudus,MID,19,9,52.0,1,9,1724,0.005220417633410673
803,525,8,18,AN,Conf,1,525,3,3,Kudus,MID,19,3,52.0,1,3,1724,0.0017401392111368909
804,525,6,21,AN,Conf,1,525,2,2,Kudus,MID,19,2,52.0,1,2,1724,0.001160092807424594
805,525,8,22,AN,Conf,1,525,2,2,Kudus,MID,19,2,52.0,1,2,1724,0.001160092807424594
806,525,7,23,AN,Conf,1,525,2,2,Kudus,MID,19,2,52.0,1,2,1724,0.001160092807424594
807,525,7,24,AN,Conf,1,525,2,2,Kudus,MID,19,2,52.0,1,2,1724,0.001160092807424594
808,525,9,25,AN,Conf,1,525,2,2,Kudus,MID,19,2,52.0,1,2,1724,0.001160092807424594
809,525,5,34,AN,Conf,1,525,7,7,Kudus,MID,19,7,52.0,1,7,1724,0.004060324825986079
810,525,6,35,AN,Conf,1,525,1,1,Kudus,MID,19,1,52.0,1,1,1724,0.000580046403712297
811,525,6,36,AN,Conf,1,525,6,6,Kudus,MID,19,6,52.0,1,6,1724,0.0034802784222737818
812,525,6,37,AN,Conf,1,525,2,2,Kudus,MID,19,2,52.0,1,2,1724,0.001160092807424594
813,525,5,38,AN,Conf,1,525,7,7,Kudus,MID,19,7,52.0,1,7,1724,0.004060324825986079
814,346,9,1,AN,Conf,1,346,3,3,Doku,MID,13,3,80.0,1,3,1724,0.0017401392111368909
815,346,8,2,AN,Conf,1,346,2,2,Doku,MID,13,2,80.0,1,2,1724,0.001160092807424594
816,346,9,3,AN,Conf,1,346,2,2,Doku,MID,13,2,80.0,1,2,1724,0.001160092807424594
817,346,13,4,AN,Conf,1,346,0,0,Doku,MID,13,0,80.0,1,0,1724,0.0
818,346,13,19,AN,Conf,1,346,0,0,Doku,MID,13,0,80.0,1,0,1724,0.0
819,346,10,29,AN,Conf,1,346,1,1,Doku,MID,13,1,80.0,1,1,1724,0.000580046403712297
820,346,9,30,AN,Conf,1,346,3,3,Doku,MID,13,3,80.0,1,3,1724,0.0017401392111368909
821,110,10,1,AN,Conf,1,110,11,11,Wissa,FWD,4,11,,0,11,1724,0.0063805104408352666
822,110,14,2,AN,Conf,0,110,2,0,Wissa,FWD,4,0,,0,2,1724,0.0
823,110,11,3,AN,Conf,1,110,8,8,Wissa,FWD,4,8,,0,8,1724,0.004640371229698376
824,110,11,4,AN,Conf,1,110,7,7,Wissa,FWD,4,7,,0,7,1724,0.004060324825986079
825,220,11,1,AN,Conf,1,220,2,2,Calvert-Lewin,FWD,8,2,33.0,1,2,1724,0.001160092807424594
826,220,11,2,AN,Conf,1,220,2,2,Calvert-Lewin,FWD,8,2,33.0,1,0,1724,0.001160092807424594
827,220,9,4,AN,Conf,0,220,6,0,Calvert-Lewin,FWD,8,6,33.0,1,6,1724,0.0034802784222737818
828,220,10,5,AN,Conf,1,220,2,2,Calvert-Lewin,FWD,8,2,33.0,1,2,1724,0.001160092807424594
829,220,10,6,AN,Conf,1,220,1,1,Calvert-Lewin,FWD,8,1,33.0,1,1,1724,0.000580046403712297
830,220,10,7,AN,Conf,1,220,2,2,Calvert-Lewin,FWD,8,2,33.0,1,2,1724,0.001160092807424594
831,220,10,8,AN,Conf,1,220,2,2,Calvert-Lewin,FWD,8,2,33.0,1,2,1724,0.001160092807424594
832,220,10,9,AN,Conf,1,220,2,2,Calvert-Lewin,FWD,8,2,33.0,1,2,1724,0.001160092807424594
833,220,10,10,AN,Conf,1,220,2,2,Calvert-Lewin,FWD,8,2,33.0,1,2,1724,0.001160092807424594
834,293,12,1,AN,Conf,0,293,3,0,Hermansen,GKP,11,0,103.0,1,0,1724,0.0
835,392,13,1,AN,Conf,0,392,1,0,Barnes,MID,15,0,61.0,1,0,1724,0.0
836,392,6,18,AN,Conf,1,392,1,1,Barnes,MID,15,1,61.0,1,1,1724,0.000580046403712297
837,392,6,19,AN,Conf,1,392,1,1,Barnes,MID,15,1,61.0,1,1,1724,0.000580046403712297
838,392,9,31,AN,Conf,1,392,8,8,Barnes,MID,15,8,61.0,1,8,1724,0.004640371229698376
839,392,8,32,AN,Conf,1,392,27,27,Barnes,MID,15,27,61.0,1,27,1724,0.015661252900232018
840,392,7,33,AN,Conf,1,392,5,5,Barnes,MID,15,5,61.0,1,5,1724,0.002900232018561485
841,392,7,34,AN,Conf,1,392,3,3,Barnes,MID,15,3,61.0,1,3,1724,0.0017401392111368909
842,392,8,35,AN,Conf,1,392,2,2,Barnes,MID,15,2,61.0,1,2,1724,0.001160092807424594
843,392,9,36,AN,Conf,1,392,3,3,Barnes,MID,15,3,61.0,1,3,1724,0.0017401392111368909
844,392,9,37,AN,Conf,1,392,2,2,Barnes,MID,15,2,61.0,1,2,1724,0.001160092807424594
845,392,7,38,AN,Conf,1,392,2,2,Barnes,MID,15,2,61.0,1,2,1724,0.001160092807424594
846,582,14,1,AN,Conf,0,582,0,0,O'Brien,DEF,8,0,66.0,1,0,1724,0.0
847,582,2,24,AN,Conf,1,582,7,7,O'Brien,DEF,8,7,66.0,1,7,1724,0.004060324825986079
848,582,4,25,AN,Conf,1,582,2,2,O'Brien,DEF,8,2,66.0,1,2,1724,0.001160092807424594
849,582,2,26,AN,Conf,1,582,0,0,O'Brien,DEF,8,0,66.0,1,0,1724,0.0
850,268,15,1,AN,Conf,0,268,2,0,Delap,FWD,10,0,47.0,1,0,1724,0.0
851,317,8,36,AN,Conf,1,317,1,1,Diogo J.,MID,12,1,,0,1,1724,0.000580046403712297
852,413,12,23,AN,Conf,1,413,0,0,Pope,GKP,15,0,,0,0,1724,0.0
853,413,12,24,AN,Conf,0,413,0,0,Pope,GKP,15,0,,0,0,1724,0.0
854,413,12,25,AN,Conf,0,413,0,0,Pope,GKP,15,0,,0,0,1724,0.0
855,415,13,29,AN,Conf,0,415,0,0,Schär,DEF,15,0,,0,0,1724,0.0
856,415,5,30,AN,Conf,1,415,1,1,Schär,DEF,15,1,,0,1,1724,0.000580046403712297
857,415,4,31,AN,Conf,1,415,10,10,Schär,DEF,15,10,,0,10,1724,0.00580046403712297
858,415,4,32,AN,Conf,1,415,16,16,Schär,DEF,15,16,,0,16,1724,0.009280742459396751
859,415,15,33,AN,Conf,0,415,5,0,Schär,DEF,15,0,,0,5,1724,0.0
860,415,2,35,AN,Conf,1,415,6,6,Schär,DEF,15,6,,0,6,1724,0.0034802784222737818
861,13,7,29,AN,Conf,1,13,5,5,Ødegaard,MID,1,5,,0,5,1724,0.002900232018561485
862,13,7,31,AN,Conf,1,13,1,1,Ødegaard,MID,1,1,,0,1,1724,0.000580046403712297
863,13,14,32,AN,Conf,0,13,0,0,Ødegaard,MID,1,0,,0,0,1724,0.0
864,13,6,33,AN,Conf,1,13,11,11,Ødegaard,MID,1,11,,0,11,1724,0.0063805104408352666
865,199,8,27,AN,Conf,1,199,5,5,Eze,MID,7,5,,0,5,1724,0.002900232018561485
866,199,8,28,AN,Conf,1,199,3,3,Eze,MID,7,3,,0,3,1724,0.0017401392111368909
867,199,8,30,AN,Conf,1,199,2,2,Eze,MID,7,2,,0,2,1724,0.001160092807424594
868,199,8,31,AN,Conf,1,199,9,9,Eze,MID,7,9,,0,9,1724,0.005220417633410673
869,199,5,32,AN,Conf,1,199,6,6,Eze,MID,7,6,,0,6,1724,0.0034802784222737818
870,199,8,33,AN,Conf,1,199,10,10,Eze,MID,7,10,,0,10,1724,0.00580046403712297
871,385,10,25,AN,Conf,1,385,9,9,Rashford,MID,2,9,,0,9,1724,0.005220417633410673
872,385,9,26,AN,Conf,1,385,9,9,Rashford,MID,2,9,,0,9,1724,0.005220417633410673
873,385,9,27,AN,Conf,1,385,1,1,Rashford,MID,2,1,,0,1,1724,0.000580046403712297
874,82,13,25,AN,Conf,0,82,0,0,Solanke,FWD,18,0,,0,0,1724,0.0
875,82,15,26,AN,Conf,0,82,0,0,Solanke,FWD,18,0,,0,0,1724,0.0
876,82,13,27,AN,Conf,0,82,0,0,Solanke,FWD,18,0,,0,0,1724,0.0
877,82,11,28,AN,Conf,1,82,2,2,Solanke,FWD,18,2,,0,2,1724,0.001160092807424594
878,82,11,29,AN,Conf,1,82,2,2,Solanke,FWD,18,2,,0,2,1724,0.001160092807424594
879,82,10,30,AN,Conf,1,82,2,2,Solanke,FWD,18,2,,0,2,1724,0.001160092807424594
880,82,10,31,AN,Conf,1,82,2,2,Solanke,FWD,18,2,,0,2,1724,0.001160092807424594
881,508,1,26,AN,Conf,1,508,3,3,Vicario,GKP,18,3,,0,0,1724,0.0017401392111368909
882,508,12,27,AN,Conf,0,508,3,0,Vicario,GKP,18,0,,0,3,1724,0.0
883,508,12,28,AN,Conf,0,508,3,0,Vicario,GKP,18,0,,0,3,1724,0.0
884,508,12,29,AN,Conf,0,508,1,0,Vicario,GKP,18,0,,0,0,1724,0.0
885,508,12,30,AN,Conf,0,508,3,0,Vicario,GKP,18,0,,0,0,1724,0.0
886,508,1,31,AN,Conf,1,508,3,3,Vicario,GKP,18,3,,0,3,1724,0.0017401392111368909
887,508,12,32,AN,Conf,0,508,0,0,Vicario,GKP,18,0,,0,0,1724,0.0
888,181,13,5,AN,Conf,0,181,1,0,Nkunku,MID,6,0,,0,0,1724,0.0
889,578,14,13,AN,Conf,0,578,0,0,Calafiori,DEF,1,0,,0,0,1724,0.0
890,578,15,14,AN,Conf,0,578,0,0,Calafiori,DEF,1,0,,0,0,1724,0.0
891,578,14,15,AN,Conf,0,578,0,0,Calafiori,DEF,1,0,,0,0,1724,0.0
892,578,14,16,AN,Conf,0,578,0,0,Calafiori,DEF,1,0,,0,0,1724,0.0
893,578,15,17,AN,Conf,0,578,4,0,Calafiori,DEF,1,0,,0,4,1724,0.0
894,578,14,18,AN,Conf,0,578,0,0,Calafiori,DEF,1,0,,0,0,1724,0.0
895,578,15,19,AN,Conf,0,578,1,0,Calafiori,DEF,1,0,,0,1,1724,0.0
896,578,5,28,AN,Conf,1,578,1,1,Calafiori,DEF,1,1,,0,1,1724,0.000580046403712297
897,248,12,33,AN,Conf,0,248,2,0,Leno,GKP,9,0,,0,0,1724,0.0
898,248,1,34,AN,Conf,1,248,2,2,Leno,GKP,9,2,,0,2,1724,0.001160092807424594
899,248,12,35,AN,Conf,0,248,2,0,Leno,GKP,9,0,,0,0,1724,0.0
900,248,1,36,AN,Conf,1,248,2,2,Leno,GKP,9,2,,0,0,1724,0.001160092807424594
901,248,12,37,AN,Conf,0,248,6,0,Leno,GKP,9,0,,0,0,1724,0.0
902,248,12,38,AN,Conf,0,248,2,0,Leno,GKP,9,0,,0,2,1724,0.0
903,418,13,20,AN,Conf,0,418,0,0,Trippier,DEF,15,0,,0,0,1724,0.0
904,23,5,6,AN,Conf,1,23,12,12,Trossard,MID,1,12,,0,12,1724,0.0069605568445475635
905,23,5,7,AN,Conf,1,23,1,1,Trossard,MID,1,1,,0,0,1724,0.000580046403712297
906,23,6,22,AN,Conf,1,23,10,10,Trossard,MID,1,10,,0,10,1724,0.00580046403712297
907,23,5,23,AN,Conf,1,23,3,3,Trossard,MID,1,3,,0,3,1724,0.0017401392111368909
908,23,5,24,AN,Conf,1,23,2,2,Trossard,MID,1,2,,0,2,1724,0.001160092807424594
909,23,7,25,AN,Conf,1,23,6,6,Trossard,MID,1,6,,0,6,1724,0.0034802784222737818
910,23,6,26,AN,Conf,1,23,2,2,Trossard,MID,1,2,,0,2,1724,0.001160092807424594
911,9,5,37,AN,Conf,1,9,3,3,Martinelli,MID,1,3,,0,3,1724,0.0017401392111368909
912,9,8,38,AN,Conf,1,9,2,2,Martinelli,MID,1,2,,0,2,1724,0.001160092807424594
913,541,9,9,AN,Conf,0,541,9,0,Cunha,FWD,20,9,,0,9,1724,0.005220417633410673
914,541,9,10,AN,Conf,1,541,6,6,Cunha,FWD,20,6,,0,6,1724,0.0034802784222737818
915,541,10,11,AN,Conf,1,541,12,12,Cunha,FWD,20,12,,0,12,1724,0.0069605568445475635
916,541,11,12,AN,Conf,1,541,16,16,Cunha,FWD,20,16,,0,16,1724,0.009280742459396751
917,541,11,13,AN,Conf,1,541,2,2,Cunha,FWD,20,2,,0,2,1724,0.001160092807424594
918,541,11,14,AN,Conf,1,541,2,2,Cunha,FWD,20,2,,0,2,1724,0.001160092807424594
919,541,11,15,AN,Conf,1,541,1,1,Cunha,FWD,20,1,,0,1,1724,0.000580046403712297
920,541,11,16,AN,Conf,1,541,9,9,Cunha,FWD,20,9,,0,9,1724,0.005220417633410673
921,541,11,17,AN,Conf,1,541,9,9,Cunha,FWD,20,9,,0,9,1724,0.005220417633410673
922,541,11,18,AN,Conf,1,541,12,12,Cunha,FWD,20,12,,0,12,1724,0.0069605568445475635
923,541,11,19,AN,Conf,1,541,1,1,Cunha,FWD,20,1,,0,1,1724,0.000580046403712297
924,541,15,20,AN,Conf,0,541,0,0,Cunha,FWD,20,0,,0,0,1724,0.0
925,541,9,21,AN,Conf,1,541,1,1,Cunha,FWD,20,1,,0,0,1724,0.000580046403712297
926,541,11,22,AN,Conf,1,541,2,2,Cunha,FWD,20,2,,0,2,1724,0.001160092807424594
927,541,9,23,AN,Conf,0,541,2,0,Cunha,FWD,20,2,,0,2,1724,0.001160092807424594
928,541,10,24,AN,Conf,1,541,7,7,Cunha,FWD,20,7,,0,7,1724,0.004060324825986079
929,541,11,25,AN,Conf,1,541,9,9,Cunha,FWD,20,9,,0,9,1724,0.005220417633410673
930,541,10,26,AN,Conf,1,541,9,9,Cunha,FWD,20,9,,0,9,1724,0.005220417633410673
931,541,10,27,AN,Conf,1,541,2,2,Cunha,FWD,20,2,,0,2,1724,0.001160092807424594
932,541,15,28,AN,Conf,0,541,0,0,Cunha,FWD,20,0,,0,0,1724,0.0
933,541,15,29,AN,Conf,0,541,0,0,Cunha,FWD,20,0,,0,0,1724,0.0
934,541,15,30,AN,Conf,0,541,0,0,Cunha,FWD,20,0,,0,0,1724,0.0
935,541,15,31,AN,Conf,0,541,0,0,Cunha,FWD,20,0,,0,0,1724,0.0
936,541,11,32,AN,Conf,1,541,7,7,Cunha,FWD,20,7,,0,7,1724,0.004060324825986079
937,541,11,33,AN,Conf,1,541,8,8,Cunha,FWD,20,8,,0,8,1724,0.004640371229698376
938,541,11,34,AN,Conf,1,541,15,15,Cunha,FWD,20,15,,0,15,1724,0.008700696055684454
939,541,11,35,AN,Conf,1,541,2,2,Cunha,FWD,20,2,,0,2,1724,0.001160092807424594
940,541,11,36,AN,Conf,1,541,0,0,Cunha,FWD,20,0,,0,0,1724,0.0
941,541,11,37,AN,Conf,1,541,1,1,Cunha,FWD,20,1,,0,0,1724,0.000580046403712297
942,541,10,38,AN,Conf,1,541,2,2,Cunha,FWD,20,2,,0,2,1724,0.001160092807424594
943,322,14,14,AN,Conf,0,322,1,0,Gomez,DEF,12,0,,0,1,1724,0.0
944,554,1,2,AN,Conf,1,554,-1,-1,José Sá,GKP,20,-1,,0,0,1724,-0.000580046403712297
945,554,12,3,AN,Conf,1,554,0,0,José Sá,GKP,20,0,,0,0,1724,0.0
946,554,12,4,AN,Conf,0,554,0,0,José Sá,GKP,20,0,,0,0,1724,0.0
947,554,12,5,AN,Conf,0,554,0,0,José Sá,GKP,20,0,,0,0,1724,0.0
948,554,1,20,AN,Conf,0,554,1,0,José Sá,GKP,20,1,,0,1,1724,0.000580046403712297
949,554,12,26,AN,Conf,0,554,9,0,José Sá,GKP,20,0,,0,9,1724,0.0
950,554,1,27,AN,Conf,1,554,2,2,José Sá,GKP,20,2,,0,0,1724,0.001160092807424594
951,554,1,28,AN,Conf,1,554,3,3,José Sá,GKP,20,3,,0,0,1724,0.0017401392111368909
952,554,1,29,AN,Conf,1,554,2,2,José Sá,GKP,20,2,,0,2,1724,0.001160092807424594
953,554,1,30,AN,Conf,1,554,5,5,José Sá,GKP,20,5,,0,5,1724,0.002900232018561485
954,395,4,2,AN,Conf,1,395,1,1,Burn,DEF,15,1,,0,0,1724,0.000580046403712297
955,136,9,2,AN,Conf,1,136,6,6,Mitoma,MID,5,6,,0,6,1724,0.0034802784222737818
956,136,8,3,AN,Conf,1,136,2,2,Mitoma,MID,5,2,,0,2,1724,0.001160092807424594
957,136,8,4,AN,Conf,1,136,3,3,Mitoma,MID,5,3,,0,3,1724,0.0017401392111368909
958,136,8,5,AN,Conf,1,136,5,5,Mitoma,MID,5,5,,0,5,1724,0.002900232018561485
959,136,9,6,AN,Conf,1,136,2,2,Mitoma,MID,5,2,,0,2,1724,0.001160092807424594
960,136,9,7,AN,Conf,1,136,5,5,Mitoma,MID,5,5,,0,5,1724,0.002900232018561485
961,136,8,8,AN,Conf,1,136,1,1,Mitoma,MID,5,1,,0,1,1724,0.000580046403712297
962,136,8,9,AN,Conf,1,136,2,2,Mitoma,MID,5,2,,0,2,1724,0.001160092807424594
963,136,13,10,AN,Conf,0,136,2,0,Mitoma,MID,5,0,,0,2,1724,0.0
964,136,9,11,AN,Conf,1,136,2,2,Mitoma,MID,5,2,,0,2,1724,0.001160092807424594
965,136,7,12,AN,Conf,1,136,9,9,Mitoma,MID,5,9,,0,9,1724,0.005220417633410673
966,136,7,13,AN,Conf,1,136,10,10,Mitoma,MID,5,10,,0,10,1724,0.00580046403712297
967,136,7,14,AN,Conf,1,136,2,2,Mitoma,MID,5,2,,0,2,1724,0.001160092807424594
968,136,7,15,AN,Conf,1,136,2,2,Mitoma,MID,5,2,,0,2,1724,0.001160092807424594
969,136,6,16,AN,Conf,1,136,2,2,Mitoma,MID,5,2,,0,2,1724,0.001160092807424594
970,136,6,17,AN,Conf,1,136,2,2,Mitoma,MID,5,2,,0,2,1724,0.001160092807424594
971,136,7,18,AN,Conf,1,136,3,3,Mitoma,MID,5,3,,0,3,1724,0.0017401392111368909
972,136,14,19,AN,Conf,0,136,1,0,Mitoma,MID,5,0,,0,1,1724,0.0
973,136,8,20,AN,Conf,1,136,1,1,Mitoma,MID,5,1,,0,1,1724,0.000580046403712297
974,136,6,38,AN,Conf,1,136,4,4,Mitoma,MID,5,4,,0,4,1724,0.002320185614849188
975,306,10,2,AN,Conf,1,306,2,2,Vardy,FWD,11,2,,0,0,1724,0.001160092807424594
976,594,15,2,AN,Conf,0,594,4,0,Mazraoui,DEF,14,0,,0,4,1724,0.0
977,255,14,33,AN,Conf,0,255,1,0,Robinson,DEF,9,0,,0,0,1724,0.0
978,255,3,34,AN,Conf,1,255,0,0,Robinson,DEF,9,0,,0,0,1724,0.0
979,255,14,36,AN,Conf,1,255,0,0,Robinson,DEF,9,0,,0,0,1724,0.0
980,355,4,35,AN,Conf,1,355,1,1,Lewis,DEF,13,1,,0,0,1724,0.000580046403712297
981,571,7,20,AN,Conf,1,571,13,13,Savinho,MID,13,13,,0,13,1724,0.0075406032482598605
982,571,8,21,AN,Conf,1,571,5,5,Savinho,MID,13,5,,0,5,1724,0.002900232018561485
983,571,13,22,AN,Conf,1,571,0,0,Savinho,MID,13,0,,0,0,1724,0.0
984,571,13,26,AN,Conf,0,571,2,0,Savinho,MID,13,0,,0,2,1724,0.0
985,571,5,27,AN,Conf,1,571,3,3,Savinho,MID,13,3,,0,3,1724,0.0017401392111368909
986,571,7,28,AN,Conf,1,571,3,3,Savinho,MID,13,3,,0,3,1724,0.0017401392111368909
987,571,14,31,AN,Conf,1,571,0,0,Savinho,MID,13,0,,0,0,1724,0.0
988,571,13,35,AN,Conf,1,571,0,0,Savinho,MID,13,0,,0,0,1724,0.0
989,571,5,36,AN,Conf,1,571,1,1,Savinho,MID,13,1,,0,1,1724,0.000580046403712297
990,403,6,32,AN,Conf,1,403,11,11,Joelinton,MID,15,11,,0,11,1724,0.0063805104408352666
991,19,6,24,AN,Conf,1,19,2,2,Smith Rowe,MID,9,2,,0,2,1724,0.001160092807424594
992,177,7,3,AN,Conf,1,177,2,2,Madueke,MID,6,2,,0,2,1724,0.001160092807424594
993,177,7,4,AN,Conf,1,177,3,3,Madueke,MID,6,3,,0,3,1724,0.0017401392111368909
994,177,6,23,AN,Conf,1,177,9,9,Madueke,MID,6,9,,0,9,1724,0.005220417633410673
995,177,8,24,AN,Conf,1,177,2,2,Madueke,MID,6,2,,0,2,1724,0.001160092807424594
996,177,8,25,AN,Conf,1,177,1,1,Madueke,MID,6,1,,0,1,1724,0.000580046403712297
997,566,10,3,AN,Conf,1,566,2,2,Strand Larsen,FWD,20,2,,0,2,1724,0.001160092807424594
998,6,13,3,AN,Conf,0,6,1,0,J.Timber,DEF,1,0,,0,0,1724,0.0
999,6,14,10,AN,Conf,0,6,1,0,J.Timber,DEF,1,0,,0,0,1724,0.0
1000,122,15,3,AN,Conf,0,122,1,0,Estupiñan,DEF,5,0,,0,0,1724,0.0
1001,122,15,4,AN,Conf,0,122,0,0,Estupiñan,DEF,5,0,,0,0,1724,0.0
1002,122,15,5,AN,Conf,0,122,1,0,Estupiñan,DEF,5,0,,0,0,1724,0.0
1003,122,14,6,AN,Conf,0,122,-1,0,Estupiñan,DEF,5,0,,0,0,1724,0.0
1004,122,14,7,AN,Conf,0,122,1,0,Estupiñan,DEF,5,0,,0,0,1724,0.0
1005,122,15,8,AN,Conf,0,122,1,0,Estupiñan,DEF,5,0,,0,1,1724,0.0
1006,122,15,9,AN,Conf,0,122,0,0,Estupiñan,DEF,5,0,,0,0,1724,0.0
1007,122,3,12,AN,Conf,1,122,2,2,Estupiñan,DEF,5,2,,0,2,1724,0.001160092807424594
1008,122,2,13,AN,Conf,1,122,4,4,Estupiñan,DEF,5,4,,0,4,1724,0.002320185614849188
1009,122,4,14,AN,Conf,1,122,1,1,Estupiñan,DEF,5,1,,0,0,1724,0.000580046403712297
1010,122,3,15,AN,Conf,1,122,5,5,Estupiñan,DEF,5,5,,0,5,1724,0.002900232018561485
1011,122,13,16,AN,Conf,0,122,1,0,Estupiñan,DEF,5,0,,0,0,1724,0.0
1012,122,14,17,AN,Conf,0,122,1,0,Estupiñan,DEF,5,0,,0,0,1724,0.0
1013,122,3,22,AN,Conf,1,122,2,2,Estupiñan,DEF,5,2,,0,2,1724,0.001160092807424594
1014,122,14,23,AN,Conf,1,122,0,0,Estupiñan,DEF,5,0,,0,0,1724,0.0
1015,122,4,29,AN,Conf,1,122,7,7,Estupiñan,DEF,5,7,,0,7,1724,0.004060324825986079
1016,122,4,30,AN,Conf,1,122,1,1,Estupiñan,DEF,5,1,,0,1,1724,0.000580046403712297
1017,122,2,31,AN,Conf,1,122,1,1,Estupiñan,DEF,5,1,,0,1,1724,0.000580046403712297
1018,326,3,20,AN,Conf,1,326,1,1,Konaté,DEF,12,1,,0,1,1724,0.000580046403712297
1019,326,15,21,AN,Conf,0,326,2,0,Konaté,DEF,12,0,,0,2,1724,0.0
1020,54,14,11,AN,Conf,0,54,1,0,Rogers,MID,2,0,,0,0,1724,0.0
1021,54,6,12,AN,Conf,1,54,2,2,Rogers,MID,2,2,,0,2,1724,0.001160092807424594
1022,54,13,13,AN,Conf,0,54,2,0,Rogers,MID,2,0,,0,0,1724,0.0
1023,524,3,29,AN,Conf,1,524,2,2,Kilman,DEF,19,2,,0,2,1724,0.001160092807424594
1024,524,3,33,AN,Conf,1,524,1,1,Kilman,DEF,19,1,,0,0,1724,0.000580046403712297
1025,36,4,4,AN,Conf,1,36,4,4,Digne,DEF,2,4,,0,4,1724,0.002320185614849188
1026,36,4,5,AN,Conf,1,36,1,1,Digne,DEF,2,1,,0,0,1724,0.000580046403712297
1027,36,3,6,AN,Conf,1,36,0,0,Digne,DEF,2,0,,0,0,1724,0.0
1028,36,13,7,AN,Conf,0,36,8,0,Digne,DEF,2,0,,0,8,1724,0.0
1029,36,5,8,AN,Conf,0,36,4,0,Digne,DEF,2,4,,0,4,1724,0.002320185614849188
1030,36,4,9,AN,Conf,1,36,7,7,Digne,DEF,2,7,,0,7,1724,0.004060324825986079
1031,36,13,37,AN,Conf,1,36,0,0,Digne,DEF,2,0,,0,0,1724,0.0
1032,364,5,5,AN,Conf,1,364,3,3,Amad,MID,14,3,,0,3,1724,0.0017401392111368909
1033,364,6,6,AN,Conf,1,364,1,1,Amad,MID,14,1,,0,1,1724,0.000580046403712297
1034,443,1,6,AN,Conf,1,443,2,2,Sels,GKP,16,2,,0,0,1724,0.001160092807424594
1035,443,12,7,AN,Conf,0,443,3,0,Sels,GKP,16,0,,0,0,1724,0.0
1036,443,1,8,AN,Conf,1,443,11,11,Sels,GKP,16,11,,0,11,1724,0.0063805104408352666
1037,443,1,9,AN,Conf,1,443,5,5,Sels,GKP,16,5,,0,5,1724,0.002900232018561485
1038,443,1,10,AN,Conf,1,443,6,6,Sels,GKP,16,6,,0,6,1724,0.0034802784222737818
1039,443,12,11,AN,Conf,0,443,2,0,Sels,GKP,16,0,,0,0,1724,0.0
1040,443,12,12,AN,Conf,0,443,2,0,Sels,GKP,16,0,,0,0,1724,0.0
1041,443,12,13,AN,Conf,0,443,6,0,Sels,GKP,16,0,,0,0,1724,0.0
1042,443,1,14,AN,Conf,1,443,2,2,Sels,GKP,16,2,,0,0,1724,0.001160092807424594
1043,421,15,6,AN,Conf,0,421,0,0,Wilson,FWD,15,0,,0,0,1724,0.0
1044,421,15,7,AN,Conf,0,421,0,0,Wilson,FWD,15,0,,0,0,1724,0.0
1045,421,13,8,AN,Conf,0,421,0,0,Wilson,FWD,15,0,,0,0,1724,0.0
1046,421,10,32,AN,Conf,1,421,2,2,Wilson,FWD,15,2,,0,2,1724,0.001160092807424594
1047,162,15,10,AN,Conf,0,162,2,0,Colwill,DEF,6,0,,0,2,1724,0.0
1048,85,14,35,AN,Conf,0,85,2,0,Zabarnyi,DEF,3,0,,0,2,1724,0.0
1049,386,6,7,AN,Conf,1,386,2,2,Sancho,MID,6,2,,0,2,1724,0.001160092807424594
1050,386,9,8,AN,Conf,1,386,1,1,Sancho,MID,6,1,,0,1,1724,0.000580046403712297
1051,386,13,9,AN,Conf,1,386,0,0,Sancho,MID,6,0,,0,0,1724,0.0
1052,349,7,8,AN,Conf,1,349,1,1,Grealish,MID,13,1,,0,1,1724,0.000580046403712297
1053,618,9,29,AN,Conf,1,618,5,5,Georginio,MID,5,5,,0,5,1724,0.002900232018561485
1054,618,13,30,AN,Conf,1,618,0,0,Georginio,MID,5,0,,0,0,1724,0.0
1055,117,7,9,AN,Conf,1,117,2,2,Buonanotte,MID,11,2,,0,2,1724,0.001160092807424594
1056,117,6,10,AN,Conf,1,117,1,1,Buonanotte,MID,11,1,,0,0,1724,0.000580046403712297
1057,533,5,26,AN,Conf,1,533,6,6,Aït-Nouri,DEF,20,6,,0,6,1724,0.0034802784222737818
1058,533,4,27,AN,Conf,1,533,1,1,Aït-Nouri,DEF,20,1,,0,0,1724,0.000580046403712297
1059,533,4,28,AN,Conf,1,533,2,2,Aït-Nouri,DEF,20,2,,0,2,1724,0.001160092807424594
1060,533,2,29,AN,Conf,1,533,2,2,Aït-Nouri,DEF,20,2,,0,2,1724,0.001160092807424594
1061,533,6,30,AN,Conf,0,533,8,0,Aït-Nouri,DEF,20,8,,0,8,1724,0.004640371229698376
1062,533,3,31,AN,Conf,1,533,2,2,Aït-Nouri,DEF,20,2,,0,2,1724,0.001160092807424594
1063,560,5,10,AN,Conf,1,560,2,2,Neto,MID,6,2,,0,2,1724,0.001160092807424594
1064,560,6,11,AN,Conf,1,560,9,9,Neto,MID,6,9,,0,9,1724,0.005220417633410673
1065,560,13,12,AN,Conf,1,560,0,0,Neto,MID,6,0,,0,0,1724,0.0
1066,560,5,13,AN,Conf,1,560,3,3,Neto,MID,6,3,,0,3,1724,0.0017401392111368909
1067,560,13,14,AN,Conf,1,560,0,0,Neto,MID,6,0,,0,0,1724,0.0
1068,560,9,15,AN,Conf,1,560,1,1,Neto,MID,6,1,,0,1,1724,0.000580046403712297
1069,560,15,16,AN,Conf,0,560,0,0,Neto,MID,6,0,,0,0,1724,0.0
1070,560,7,17,AN,Conf,1,560,3,3,Neto,MID,6,3,,0,3,1724,0.0017401392111368909
1071,560,13,18,AN,Conf,0,560,1,0,Neto,MID,6,0,,0,1,1724,0.0
1072,560,8,19,AN,Conf,1,560,1,1,Neto,MID,6,1,,0,0,1724,0.000580046403712297
1073,560,9,20,AN,Conf,1,560,2,2,Neto,MID,6,2,,0,2,1724,0.001160092807424594
1074,560,7,21,AN,Conf,1,560,1,1,Neto,MID,6,1,,0,0,1724,0.000580046403712297
1075,560,6,27,AN,Conf,1,560,11,11,Neto,MID,6,11,,0,11,1724,0.0063805104408352666
1076,560,6,28,AN,Conf,1,560,3,3,Neto,MID,6,3,,0,3,1724,0.0017401392111368909
1077,560,8,29,AN,Conf,1,560,1,1,Neto,MID,6,1,,0,1,1724,0.000580046403712297
1078,560,7,30,AN,Conf,1,560,2,2,Neto,MID,6,2,,0,2,1724,0.001160092807424594
1079,560,8,34,AN,Conf,1,560,3,3,Neto,MID,6,3,,0,3,1724,0.0017401392111368909
1080,560,7,37,AN,Conf,1,560,3,3,Neto,MID,6,3,,0,3,1724,0.0017401392111368909
1081,559,4,36,AN,Conf,1,559,1,1,N.Semedo,DEF,20,1,,0,1,1724,0.000580046403712297
1082,247,5,33,AN,Conf,1,247,8,8,Iwobi,MID,9,8,,0,8,1724,0.004640371229698376
1083,247,6,34,AN,Conf,1,247,5,5,Iwobi,MID,9,5,,0,5,1724,0.002900232018561485
1084,247,7,35,AN,Conf,1,247,2,2,Iwobi,MID,9,2,,0,2,1724,0.001160092807424594
1085,247,7,36,AN,Conf,1,247,2,2,Iwobi,MID,9,2,,0,2,1724,0.001160092807424594
1086,26,4,11,AN,Conf,1,26,1,1,Alex Moreno,DEF,16,1,,0,0,1724,0.000580046403712297
1087,26,15,12,AN,Conf,0,26,1,0,Alex Moreno,DEF,16,0,,0,0,1724,0.0
1088,26,4,13,AN,Conf,1,26,1,1,Alex Moreno,DEF,16,1,,0,0,1724,0.000580046403712297
1089,399,2,15,AN,Conf,1,399,1,1,Hall,DEF,15,1,,0,1,1724,0.000580046403712297
1090,399,2,16,AN,Conf,1,399,15,15,Hall,DEF,15,15,,0,15,1724,0.008700696055684454
1091,399,2,17,AN,Conf,1,399,7,7,Hall,DEF,15,7,,0,7,1724,0.004060324825986079
1092,399,2,18,AN,Conf,1,399,6,6,Hall,DEF,15,6,,0,6,1724,0.0034802784222737818
1093,399,4,19,AN,Conf,1,399,12,12,Hall,DEF,15,12,,0,12,1724,0.0069605568445475635
1094,399,4,20,AN,Conf,1,399,2,2,Hall,DEF,15,2,,0,2,1724,0.001160092807424594
1095,399,2,21,AN,Conf,1,399,6,6,Hall,DEF,15,6,,0,6,1724,0.0034802784222737818
1096,399,4,22,AN,Conf,1,399,4,4,Hall,DEF,15,4,,0,4,1724,0.002320185614849188
1097,399,4,23,AN,Conf,1,399,2,2,Hall,DEF,15,2,,0,2,1724,0.001160092807424594
1098,399,4,24,AN,Conf,1,399,1,1,Hall,DEF,15,1,,0,0,1724,0.000580046403712297
1099,399,5,25,AN,Conf,1,399,0,0,Hall,DEF,15,0,,0,0,1724,0.0
1100,399,14,26,AN,Conf,0,399,9,0,Hall,DEF,15,0,,0,9,1724,0.0
1101,399,15,27,AN,Conf,0,399,1,0,Hall,DEF,15,0,,0,0,1724,0.0
1102,152,1,15,AN,Conf,1,152,3,3,Arrizabalaga,GKP,3,3,,0,3,1724,0.0017401392111368909
1103,152,12,16,AN,Conf,0,152,2,0,Arrizabalaga,GKP,3,0,,0,0,1724,0.0
1104,152,12,17,AN,Conf,0,152,9,0,Arrizabalaga,GKP,3,0,,0,9,1724,0.0
1105,152,1,18,AN,Conf,1,152,8,8,Arrizabalaga,GKP,3,8,,0,8,1724,0.004640371229698376
1106,152,1,19,AN,Conf,1,152,2,2,Arrizabalaga,GKP,3,2,,0,2,1724,0.001160092807424594
1107,152,12,20,AN,Conf,1,152,0,0,Arrizabalaga,GKP,3,0,,0,0,1724,0.0
1108,219,15,18,AN,Conf,0,219,1,0,Branthwaite,DEF,8,0,,0,0,1724,0.0
1109,219,3,19,AN,Conf,1,219,0,0,Branthwaite,DEF,8,0,,0,0,1724,0.0
1110,585,14,22,AN,Conf,0,585,3,0,I.Sarr,MID,7,0,,0,3,1724,0.0
1111,585,8,23,AN,Conf,1,585,2,2,I.Sarr,MID,7,2,,0,2,1724,0.001160092807424594
1112,717,12,21,AN,Conf,0,717,2,0,Kinsky,GKP,18,0,,0,0,1724,0.0
1113,717,1,22,AN,Conf,1,717,2,2,Kinsky,GKP,18,2,,0,2,1724,0.001160092807424594
1114,232,13,33,AN,Conf,0,232,2,0,Ndiaye,FWD,8,0,,0,2,1724,0.0
1115,232,9,34,AN,Conf,1,232,1,1,Ndiaye,FWD,8,1,,0,1,1724,0.000580046403712297
1116,232,9,35,AN,Conf,1,232,2,2,Ndiaye,FWD,8,2,,0,2,1724,0.001160092807424594
1117,167,13,32,AN,Conf,1,167,0,0,Disasi,DEF,2,0,,0,0,1724,0.0
1118,581,1,25,AN,Conf,1,581,2,2,Jørgensen,GKP,6,2,,0,2,1724,0.001160092807424594
1119,313,3,32,AN,Conf,1,313,9,9,Bradley,DEF,12,9,,0,9,1724,0.005220417633410673
1120,313,2,33,AN,Conf,1,313,5,5,Bradley,DEF,12,5,,0,5,1724,0.002900232018561485
1121,313,13,34,AN,Conf,0,313,0,0,Bradley,DEF,12,0,,0,0,1724,0.0
1122,313,15,36,AN,Conf,0,313,1,0,Bradley,DEF,12,0,,0,1,1724,0.0
1123,313,4,38,AN,Conf,1,313,1,1,Bradley,DEF,12,1,,0,0,1724,0.000580046403712297
1124,57,7,32,AN,Conf,1,57,6,6,Tielemans,MID,2,6,,0,6,1724,0.0034802784222737818
1125,57,9,33,AN,Conf,1,57,9,9,Tielemans,MID,2,9,,0,9,1724,0.005220417633410673
1126,57,15,34,AN,Conf,0,57,0,0,Tielemans,MID,2,0,,0,0,1724,0.0
1127,57,5,35,AN,Conf,0,57,11,0,Tielemans,MID,2,11,,0,11,1724,0.0063805104408352666
1128,650,2,30,AN,Conf,1,650,2,2,Lacroix,DEF,7,2,,0,2,1724,0.001160092807424594
1129,650,6,31,AN,Conf,0,650,2,0,Lacroix,DEF,7,2,,0,2,1724,0.001160092807424594
1130,650,2,32,AN,Conf,1,650,-1,-1,Lacroix,DEF,7,-1,,0,0,1724,-0.000580046403712297
1131,135,8,26,AN,Conf,1,135,6,6,Minteh,MID,5,6,,0,6,1724,0.0034802784222737818
1132,135,9,28,AN,Conf,1,135,2,2,Minteh,MID,5,2,,0,2,1724,0.001160092807424594
1133,8,15,37,AN,Conf,0,8,7,0,Kiwior,DEF,1,0,,0,7,1724,0.0
1134,8,3,38,AN,Conf,1,8,2,2,Kiwior,DEF,1,2,,0,2,1724,0.001160092807424594
1135,579,2,34,AN,Conf,1,579,11,11,Sessegnon,DEF,9,11,,0,11,1724,0.0063805104408352666
1136,579,3,35,AN,Conf,1,579,0,0,Sessegnon,DEF,9,0,,0,0,1724,0.0
1137,579,3,36,AN,Conf,1,579,1,1,Sessegnon,DEF,9,1,,0,1,1724,0.000580046403712297
1138,579,3,37,AN,Conf,1,579,1,1,Sessegnon,DEF,9,1,,0,0,1724,0.000580046403712297
1139,564,4,34,AN,Conf,1,564,1,1,S.Bueno,DEF,20,1,,0,1,1724,0.000580046403712297
1140,91,1,34,BP,Conf,1,91,13,13,Flekken,GKP,4,13,,0,13,1522,0.008541392904073587
1141,91,1,35,BP,Conf,1,91,1,1,Flekken,GKP,4,1,,0,0,1522,0.000657030223390276
1142,91,1,36,BP,Conf,1,91,9,9,Flekken,GKP,4,9,,0,9,1522,0.005913272010512484
1143,91,1,37,BP,Conf,1,91,2,2,Flekken,GKP,4,2,,0,2,1522,0.001314060446780552
1144,91,1,38,BP,Conf,1,91,3,3,Flekken,GKP,4,3,,0,3,1522,0.0019710906701708277
1145,129,10,3,BP,Conf,1,129,8,8,João Pedro,FWD,5,8,,0,8,1522,0.005256241787122208
1146,129,14,4,BP,Conf,1,129,0,0,João Pedro,FWD,5,0,,0,0,1522,0.0
1147,129,10,5,BP,Conf,1,129,1,1,João Pedro,FWD,5,1,,0,1,1522,0.000657030223390276
1148,129,15,6,BP,Conf,1,129,0,0,João Pedro,FWD,5,0,,0,0,1522,0.0
1149,129,10,7,BP,Conf,1,129,0,0,João Pedro,FWD,5,0,,0,0,1522,0.0
1150,180,15,30,BP,Conf,0,180,1,0,N.Jackson,FWD,6,0,,0,1,1522,0.0
1151,180,10,31,BP,Conf,1,180,1,1,N.Jackson,FWD,6,1,,0,1,1522,0.000657030223390276
1152,180,11,32,BP,Conf,1,180,1,1,N.Jackson,FWD,6,1,,0,1,1522,0.000657030223390276
1153,180,11,33,BP,Conf,1,180,2,2,N.Jackson,FWD,6,2,,0,2,1522,0.001314060446780552
1154,180,11,34,BP,Conf,1,180,8,8,N.Jackson,FWD,6,8,,0,8,1522,0.005256241787122208
1155,180,13,35,BP,Conf,0,180,2,0,N.Jackson,FWD,6,0,,0,2,1522,0.0
1156,180,10,36,BP,Conf,0,180,-2,0,N.Jackson,FWD,6,-2,,0,0,1522,-0.001314060446780552
1157,513,1,29,BP,Conf,1,513,3,3,Areola,GKP,19,3,,0,3,1522,0.0019710906701708277
1158,513,1,30,BP,Conf,1,513,2,2,Areola,GKP,19,2,,0,2,1522,0.001314060446780552
1159,513,1,31,BP,Conf,1,513,2,2,Areola,GKP,19,2,,0,2,1522,0.001314060446780552
1160,513,1,32,BP,Conf,1,513,2,2,Areola,GKP,19,2,,0,2,1522,0.001314060446780552
1161,513,1,33,BP,Conf,1,513,3,3,Areola,GKP,19,3,,0,3,1522,0.0019710906701708277
1162,385,9,30,BP,Conf,1,385,8,8,Rashford,MID,2,8,,0,8,1522,0.005256241787122208
1163,385,8,31,BP,Conf,1,385,1,1,Rashford,MID,2,1,,0,1,1522,0.000657030223390276
1164,385,9,32,BP,Conf,1,385,3,3,Rashford,MID,2,3,,0,3,1522,0.0019710906701708277
1165,385,9,33,BP,Conf,1,385,9,9,Rashford,MID,2,9,,0,9,1522,0.005913272010512484
1166,82,10,34,BP,Conf,1,82,6,6,Solanke,FWD,18,6,,0,6,1522,0.003942181340341655
1167,82,15,35,BP,Conf,0,82,0,0,Solanke,FWD,18,0,,0,0,1522,0.0
1168,82,15,36,BP,Conf,0,82,0,0,Solanke,FWD,18,0,,0,0,1522,0.0
1169,82,11,37,BP,Conf,1,82,1,1,Solanke,FWD,18,1,,0,1,1522,0.000657030223390276
1170,82,10,38,BP,Conf,0,82,7,0,Solanke,FWD,18,7,,0,7,1522,0.0045992115637319315
1171,316,10,23,BP,Conf,1,316,1,1,Darwin,FWD,12,1,,0,1,1522,0.000657030223390276
1172,316,10,24,BP,Conf,1,316,2,2,Darwin,FWD,12,2,,0,2,1522,0.001314060446780552
1173,142,1,1,BP,Conf,1,142,7,7,Steele,GKP,5,7,105.0,1,7,1522,0.0045992115637319315
1174,142,12,2,BP,Conf,0,142,2,0,Steele,GKP,5,0,105.0,1,0,1522,0.0
1175,142,12,3,BP,Conf,0,142,0,0,Steele,GKP,5,0,105.0,1,0,1522,0.0
1176,163,2,1,BP,Conf,0,163,2,0,Cucurella,DEF,6,2,77.0,1,2,1522,0.001314060446780552
1177,163,2,2,BP,Conf,1,163,0,0,Cucurella,DEF,6,0,77.0,1,0,1522,0.0
1178,163,3,3,BP,Conf,1,163,2,2,Cucurella,DEF,6,2,77.0,1,2,1522,0.001314060446780552
1179,163,3,4,BP,Conf,1,163,5,5,Cucurella,DEF,6,5,77.0,1,5,1522,0.0032851511169513796
1180,163,3,5,BP,Conf,1,163,5,5,Cucurella,DEF,6,5,77.0,1,5,1522,0.0032851511169513796
1181,163,3,6,BP,Conf,1,163,0,0,Cucurella,DEF,6,0,77.0,1,0,1522,0.0
1182,163,3,7,BP,Conf,1,163,1,1,Cucurella,DEF,6,1,77.0,1,1,1522,0.000657030223390276
1183,578,3,1,BP,Conf,1,578,0,0,Calafiori,DEF,1,0,50.0,1,0,1522,0.0
1184,578,15,2,BP,Conf,0,578,1,0,Calafiori,DEF,1,0,50.0,1,1,1522,0.0
1185,578,2,3,BP,Conf,1,578,1,1,Calafiori,DEF,1,1,50.0,1,1,1522,0.000657030223390276
1186,578,15,4,BP,Conf,0,578,0,0,Calafiori,DEF,1,0,50.0,1,0,1522,0.0
1187,578,15,5,BP,Conf,0,578,9,0,Calafiori,DEF,1,0,50.0,1,9,1522,0.0
1188,578,2,6,BP,Conf,1,578,0,0,Calafiori,DEF,1,0,50.0,1,0,1522,0.0
1189,578,2,7,BP,Conf,1,578,2,2,Calafiori,DEF,1,2,50.0,1,2,1522,0.001314060446780552
1190,578,2,8,BP,Conf,1,578,1,1,Calafiori,DEF,1,1,50.0,1,1,1522,0.000657030223390276
1191,578,15,9,BP,Conf,0,578,0,0,Calafiori,DEF,1,0,50.0,1,0,1522,0.0
1192,578,13,38,BP,Conf,1,578,0,0,Calafiori,DEF,1,0,50.0,1,0,1522,0.0
1193,369,4,1,BP,Conf,1,369,7,7,Dalot,DEF,14,7,91.0,1,7,1522,0.0045992115637319315
1194,369,4,2,BP,Conf,1,369,1,1,Dalot,DEF,14,1,91.0,1,1,1522,0.000657030223390276
1195,369,5,3,BP,Conf,0,369,1,0,Dalot,DEF,14,1,91.0,1,1,1522,0.000657030223390276
1196,369,5,4,BP,Conf,1,369,11,11,Dalot,DEF,14,11,91.0,1,11,1522,0.007227332457293035
1197,369,4,5,BP,Conf,1,369,9,9,Dalot,DEF,14,9,91.0,1,9,1522,0.005913272010512484
1198,369,6,6,BP,Conf,0,369,0,0,Dalot,DEF,14,0,91.0,1,0,1522,0.0
1199,369,6,7,BP,Conf,0,369,6,0,Dalot,DEF,14,6,91.0,1,6,1522,0.003942181340341655
1200,369,5,8,BP,Conf,1,369,1,1,Dalot,DEF,14,1,91.0,1,1,1522,0.000657030223390276
1201,369,5,9,BP,Conf,1,369,1,1,Dalot,DEF,14,1,91.0,1,1,1522,0.000657030223390276
1202,369,14,10,BP,Conf,0,369,1,0,Dalot,DEF,14,0,91.0,1,1,1522,0.0
1203,369,5,11,BP,Conf,1,369,1,1,Dalot,DEF,14,1,91.0,1,1,1522,0.000657030223390276
1204,369,5,12,BP,Conf,1,369,2,2,Dalot,DEF,14,2,91.0,1,2,1522,0.001314060446780552
1205,369,3,13,BP,Conf,1,369,6,6,Dalot,DEF,14,6,91.0,1,6,1522,0.003942181340341655
1206,369,14,14,BP,Conf,0,369,1,0,Dalot,DEF,14,0,91.0,1,1,1522,0.0
1207,369,4,15,BP,Conf,1,369,1,1,Dalot,DEF,14,1,91.0,1,0,1522,0.000657030223390276
1208,369,4,16,BP,Conf,1,369,2,2,Dalot,DEF,14,2,91.0,1,2,1522,0.001314060446780552
1209,369,5,17,BP,Conf,1,369,1,1,Dalot,DEF,14,1,91.0,1,1,1522,0.000657030223390276
1210,369,4,18,BP,Conf,1,369,1,1,Dalot,DEF,14,1,91.0,1,1,1522,0.000657030223390276
1211,369,13,19,BP,Conf,0,369,1,0,Dalot,DEF,14,0,91.0,1,1,1522,0.0
1212,345,5,1,BP,Conf,1,345,3,3,De Bruyne,MID,13,3,7.0,1,3,1522,0.0019710906701708277
1213,345,6,2,BP,Conf,1,345,12,12,De Bruyne,MID,13,12,7.0,1,12,1522,0.00788436268068331
1214,345,6,3,BP,Conf,1,345,1,1,De Bruyne,MID,13,1,7.0,1,1,1522,0.000657030223390276
1215,345,6,4,BP,Conf,1,345,2,2,De Bruyne,MID,13,2,7.0,1,2,1522,0.001314060446780552
1216,345,14,5,BP,Conf,1,345,0,0,De Bruyne,MID,13,0,7.0,1,0,1522,0.0
1217,345,13,6,BP,Conf,1,345,0,0,De Bruyne,MID,13,0,7.0,1,0,1522,0.0
1218,345,13,7,BP,Conf,1,345,0,0,De Bruyne,MID,13,0,7.0,1,0,1522,0.0
1219,345,13,8,BP,Conf,1,345,0,0,De Bruyne,MID,13,0,7.0,1,0,1522,0.0
1220,345,13,9,BP,Conf,1,345,0,0,De Bruyne,MID,13,0,7.0,1,0,1522,0.0
1221,345,13,10,BP,Conf,1,345,0,0,De Bruyne,MID,13,0,7.0,1,0,1522,0.0
1222,345,6,11,BP,Conf,1,345,1,1,De Bruyne,MID,13,1,7.0,1,1,1522,0.000657030223390276
1223,345,6,12,BP,Conf,1,345,0,0,De Bruyne,MID,13,0,7.0,1,0,1522,0.0
1224,345,6,13,BP,Conf,1,345,1,1,De Bruyne,MID,13,1,7.0,1,1,1522,0.000657030223390276
1225,345,7,14,BP,Conf,1,345,14,14,De Bruyne,MID,13,14,7.0,1,14,1522,0.009198423127463863
1226,345,6,15,BP,Conf,1,345,2,2,De Bruyne,MID,13,2,7.0,1,2,1522,0.001314060446780552
1227,345,5,16,BP,Conf,1,345,6,6,De Bruyne,MID,13,6,7.0,1,6,1522,0.003942181340341655
1228,345,13,17,BP,Conf,1,345,0,0,De Bruyne,MID,13,0,7.0,1,0,1522,0.0
1229,345,6,18,BP,Conf,1,345,1,1,De Bruyne,MID,13,1,7.0,1,1,1522,0.000657030223390276
1230,345,6,19,BP,Conf,1,345,3,3,De Bruyne,MID,13,3,7.0,1,3,1522,0.0019710906701708277
1231,345,5,20,BP,Conf,1,345,5,5,De Bruyne,MID,13,5,7.0,1,5,1522,0.0032851511169513796
1232,345,6,21,BP,Conf,1,345,7,7,De Bruyne,MID,13,7,7.0,1,7,1522,0.0045992115637319315
1233,345,7,22,BP,Conf,1,345,12,12,De Bruyne,MID,13,12,7.0,1,12,1522,0.00788436268068331
1234,345,6,23,BP,Conf,1,345,1,1,De Bruyne,MID,13,1,7.0,1,1,1522,0.000657030223390276
1235,345,6,24,BP,Conf,1,345,1,1,De Bruyne,MID,13,1,7.0,1,0,1522,0.000657030223390276
1236,345,13,25,BP,Conf,1,345,0,0,De Bruyne,MID,13,0,7.0,1,0,1522,0.0
1237,345,9,26,BP,Conf,0,345,2,0,De Bruyne,MID,13,2,7.0,1,2,1522,0.001314060446780552
1238,345,15,27,BP,Conf,0,345,0,0,De Bruyne,MID,13,0,7.0,1,0,1522,0.0
1239,345,15,28,BP,Conf,0,345,1,0,De Bruyne,MID,13,0,7.0,1,1,1522,0.0
1240,345,6,33,BP,Conf,1,345,5,5,De Bruyne,MID,13,5,7.0,1,5,1522,0.0032851511169513796
1241,345,14,34,BP,Conf,1,345,0,0,De Bruyne,MID,13,0,7.0,1,0,1522,0.0
1242,345,6,35,BP,Conf,1,345,11,11,De Bruyne,MID,13,11,7.0,1,11,1522,0.007227332457293035
1243,345,6,36,BP,Conf,1,345,3,3,De Bruyne,MID,13,3,7.0,1,3,1522,0.0019710906701708277
1244,345,7,37,BP,Conf,1,345,3,3,De Bruyne,MID,13,3,7.0,1,3,1522,0.0019710906701708277
1245,345,7,38,BP,Conf,1,345,1,1,De Bruyne,MID,13,1,7.0,1,1,1522,0.000657030223390276
1246,503,6,1,BP,Conf,1,503,2,2,Son,MID,18,2,8.0,1,2,1522,0.001314060446780552
1247,503,7,2,BP,Conf,1,503,16,16,Son,MID,18,16,8.0,1,16,1522,0.010512483574244415
1248,503,7,3,BP,Conf,1,503,3,3,Son,MID,18,3,8.0,1,3,1522,0.0019710906701708277
1249,503,7,4,BP,Conf,1,503,2,2,Son,MID,18,2,8.0,1,2,1522,0.001314060446780552
1250,503,5,5,BP,Conf,1,503,10,10,Son,MID,18,10,8.0,1,10,1522,0.006570302233902759
1251,503,14,6,BP,Conf,1,503,0,0,Son,MID,18,0,8.0,1,0,1522,0.0
1252,503,14,7,BP,Conf,1,503,0,0,Son,MID,18,0,8.0,1,0,1522,0.0
1253,503,6,8,BP,Conf,1,503,8,8,Son,MID,18,8,8.0,1,8,1522,0.005256241787122208
1254,503,14,9,BP,Conf,1,503,0,0,Son,MID,18,0,8.0,1,0,1522,0.0
1255,503,6,10,BP,Conf,1,503,4,4,Son,MID,18,4,8.0,1,4,1522,0.002628120893561104
1256,503,7,11,BP,Conf,1,503,2,2,Son,MID,18,2,8.0,1,2,1522,0.001314060446780552
1257,503,7,12,BP,Conf,1,503,6,6,Son,MID,18,6,8.0,1,6,1522,0.003942181340341655
1258,503,7,13,BP,Conf,1,503,2,2,Son,MID,18,2,8.0,1,2,1522,0.001314060446780552
1259,503,8,14,BP,Conf,1,503,1,1,Son,MID,18,1,8.0,1,1,1522,0.000657030223390276
1260,503,7,15,BP,Conf,1,503,7,7,Son,MID,18,7,8.0,1,7,1522,0.0045992115637319315
1261,503,6,16,BP,Conf,1,503,14,14,Son,MID,18,14,8.0,1,14,1522,0.009198423127463863
1262,503,7,17,BP,Conf,1,503,2,2,Son,MID,18,2,8.0,1,2,1522,0.001314060446780552
1263,503,7,18,BP,Conf,1,503,2,2,Son,MID,18,2,8.0,1,2,1522,0.001314060446780552
1264,503,7,19,BP,Conf,1,503,0,0,Son,MID,18,0,8.0,1,0,1522,0.0
1265,503,6,20,BP,Conf,1,503,1,1,Son,MID,18,1,8.0,1,1,1522,0.000657030223390276
1266,503,7,21,BP,Conf,1,503,8,8,Son,MID,18,8,8.0,1,8,1522,0.005256241787122208
1267,503,8,22,BP,Conf,1,503,2,2,Son,MID,18,2,8.0,1,2,1522,0.001314060446780552
1268,503,8,23,BP,Conf,1,503,2,2,Son,MID,18,2,8.0,1,2,1522,0.001314060446780552
1269,503,8,24,BP,Conf,1,503,10,10,Son,MID,18,10,8.0,1,10,1522,0.006570302233902759
1270,503,6,25,BP,Conf,1,503,3,3,Son,MID,18,3,8.0,1,3,1522,0.0019710906701708277
1271,503,6,26,BP,Conf,1,503,8,8,Son,MID,18,8,8.0,1,8,1522,0.005256241787122208
1272,503,6,27,BP,Conf,1,503,1,1,Son,MID,18,1,8.0,1,1,1522,0.000657030223390276
1273,503,7,28,BP,Conf,1,503,6,6,Son,MID,18,6,8.0,1,6,1522,0.003942181340341655
1274,503,7,29,BP,Conf,1,503,1,1,Son,MID,18,1,8.0,1,1,1522,0.000657030223390276
1275,503,8,30,BP,Conf,1,503,2,2,Son,MID,18,2,8.0,1,2,1522,0.001314060446780552
1276,503,7,31,BP,Conf,1,503,1,1,Son,MID,18,1,8.0,1,1,1522,0.000657030223390276
1277,503,13,32,BP,Conf,1,503,0,0,Son,MID,18,0,8.0,1,0,1522,0.0
1278,372,7,1,BP,Conf,1,372,4,4,Garnacho,MID,14,4,49.0,1,4,1522,0.002628120893561104
1279,372,6,9,BP,Conf,1,372,2,2,Garnacho,MID,14,2,49.0,1,2,1522,0.001314060446780552
1280,372,7,10,BP,Conf,1,372,2,2,Garnacho,MID,14,2,49.0,1,2,1522,0.001314060446780552
1281,372,8,11,BP,Conf,1,372,6,6,Garnacho,MID,14,6,49.0,1,6,1522,0.003942181340341655
1282,372,8,12,BP,Conf,1,372,2,2,Garnacho,MID,14,2,49.0,1,2,1522,0.001314060446780552
1283,372,8,13,BP,Conf,1,372,1,1,Garnacho,MID,14,1,49.0,1,1,1522,0.000657030223390276
1284,372,13,14,BP,Conf,0,372,1,0,Garnacho,MID,14,0,49.0,1,1,1522,0.0
1285,372,5,15,BP,Conf,1,372,4,4,Garnacho,MID,14,4,49.0,1,4,1522,0.002628120893561104
1286,372,13,16,BP,Conf,1,372,0,0,Garnacho,MID,14,0,49.0,1,0,1522,0.0
1287,372,8,17,BP,Conf,1,372,1,1,Garnacho,MID,14,1,49.0,1,1,1522,0.000657030223390276
1288,372,8,29,BP,Conf,1,372,8,8,Garnacho,MID,14,8,49.0,1,8,1522,0.005256241787122208
1289,492,8,1,BP,Conf,1,492,1,1,Kulusevski,MID,18,1,64.0,1,1,1522,0.000657030223390276
1290,492,9,2,BP,Conf,1,492,6,6,Kulusevski,MID,18,6,64.0,1,6,1522,0.003942181340341655
1291,492,8,3,BP,Conf,1,492,2,2,Kulusevski,MID,18,2,64.0,1,2,1522,0.001314060446780552
1292,492,9,4,BP,Conf,1,492,1,1,Kulusevski,MID,18,1,64.0,1,1,1522,0.000657030223390276
1293,492,7,5,BP,Conf,1,492,2,2,Kulusevski,MID,18,2,64.0,1,2,1522,0.001314060446780552
1294,492,8,6,BP,Conf,1,492,11,11,Kulusevski,MID,18,11,64.0,1,11,1522,0.007227332457293035
1295,492,7,7,BP,Conf,1,492,1,1,Kulusevski,MID,18,1,64.0,1,1,1522,0.000657030223390276
1296,492,8,8,BP,Conf,1,492,9,9,Kulusevski,MID,18,9,64.0,1,9,1522,0.005913272010512484
1297,492,7,9,BP,Conf,1,492,1,1,Kulusevski,MID,18,1,64.0,1,1,1522,0.000657030223390276
1298,492,8,10,BP,Conf,1,492,5,5,Kulusevski,MID,18,5,64.0,1,5,1522,0.0032851511169513796
1299,492,9,11,BP,Conf,1,492,2,2,Kulusevski,MID,18,2,64.0,1,2,1522,0.001314060446780552
1300,492,14,12,BP,Conf,0,492,6,0,Kulusevski,MID,18,0,64.0,1,6,1522,0.0
1301,492,5,13,BP,Conf,1,492,1,1,Kulusevski,MID,18,1,64.0,1,1,1522,0.000657030223390276
1302,492,6,14,BP,Conf,1,492,2,2,Kulusevski,MID,18,2,64.0,1,2,1522,0.001314060446780552
1303,492,9,15,BP,Conf,1,492,7,7,Kulusevski,MID,18,7,64.0,1,7,1522,0.0045992115637319315
1304,492,7,16,BP,Conf,1,492,8,8,Kulusevski,MID,18,8,64.0,1,8,1522,0.005256241787122208
1305,492,9,17,BP,Conf,1,492,7,7,Kulusevski,MID,18,7,64.0,1,7,1522,0.0045992115637319315
1306,492,8,18,BP,Conf,1,492,2,2,Kulusevski,MID,18,2,64.0,1,2,1522,0.001314060446780552
1307,492,8,19,BP,Conf,1,492,5,5,Kulusevski,MID,18,5,64.0,1,5,1522,0.0032851511169513796
1308,492,8,20,BP,Conf,1,492,2,2,Kulusevski,MID,18,2,64.0,1,2,1522,0.001314060446780552
1309,492,9,21,BP,Conf,1,492,2,2,Kulusevski,MID,18,2,64.0,1,2,1522,0.001314060446780552
1310,492,10,22,BP,Conf,1,492,9,9,Kulusevski,MID,18,9,64.0,1,9,1522,0.005913272010512484
1311,492,7,23,BP,Conf,1,492,2,2,Kulusevski,MID,18,2,64.0,1,2,1522,0.001314060446780552
1312,492,7,24,BP,Conf,1,492,3,3,Kulusevski,MID,18,3,64.0,1,3,1522,0.0019710906701708277
1313,492,7,25,BP,Conf,1,492,3,3,Kulusevski,MID,18,3,64.0,1,3,1522,0.0019710906701708277
1314,492,7,26,BP,Conf,1,492,9,9,Kulusevski,MID,18,9,64.0,1,9,1522,0.005913272010512484
1315,492,7,27,BP,Conf,1,492,1,1,Kulusevski,MID,18,1,64.0,1,1,1522,0.000657030223390276
1316,492,13,28,BP,Conf,1,492,0,0,Kulusevski,MID,18,0,64.0,1,0,1522,0.0
1317,491,9,1,BP,Conf,0,491,2,0,Johnson,MID,18,2,92.0,1,2,1522,0.001314060446780552
1318,491,10,2,BP,Conf,1,491,3,3,Johnson,MID,18,3,92.0,1,3,1522,0.0019710906701708277
1319,491,9,3,BP,Conf,1,491,4,4,Johnson,MID,18,4,92.0,1,4,1522,0.002628120893561104
1320,491,10,4,BP,Conf,1,491,2,2,Johnson,MID,18,2,92.0,1,2,1522,0.001314060446780552
1321,491,8,5,BP,Conf,1,491,7,7,Johnson,MID,18,7,92.0,1,7,1522,0.0045992115637319315
1322,491,9,6,BP,Conf,1,491,11,11,Johnson,MID,18,11,92.0,1,11,1522,0.007227332457293035
1323,491,8,7,BP,Conf,1,491,7,7,Johnson,MID,18,7,92.0,1,7,1522,0.0045992115637319315
1324,491,9,8,BP,Conf,1,491,2,2,Johnson,MID,18,2,92.0,1,2,1522,0.001314060446780552
1325,491,8,9,BP,Conf,1,491,1,1,Johnson,MID,18,1,92.0,1,1,1522,0.000657030223390276
1326,491,9,10,BP,Conf,1,491,8,8,Johnson,MID,18,8,92.0,1,8,1522,0.005256241787122208
1327,491,10,11,BP,Conf,1,491,2,2,Johnson,MID,18,2,92.0,1,2,1522,0.001314060446780552
1328,491,9,12,BP,Conf,1,491,6,6,Johnson,MID,18,6,92.0,1,6,1522,0.003942181340341655
1329,491,9,13,BP,Conf,1,491,10,10,Johnson,MID,18,10,92.0,1,10,1522,0.006570302233902759
1330,491,9,14,BP,Conf,1,491,2,2,Johnson,MID,18,2,92.0,1,2,1522,0.001314060446780552
1331,491,8,15,BP,Conf,1,491,4,4,Johnson,MID,18,4,92.0,1,4,1522,0.002628120893561104
1332,491,8,16,BP,Conf,1,491,0,0,Johnson,MID,18,0,92.0,1,0,1522,0.0
1333,491,6,17,BP,Conf,0,491,4,0,Johnson,MID,18,4,92.0,1,4,1522,0.002628120893561104
1334,491,13,18,BP,Conf,0,491,2,0,Johnson,MID,18,0,92.0,1,2,1522,0.0
1335,491,9,19,BP,Conf,1,491,9,9,Johnson,MID,18,9,92.0,1,9,1522,0.005913272010512484
1336,491,9,20,BP,Conf,1,491,2,2,Johnson,MID,18,2,92.0,1,2,1522,0.001314060446780552
1337,491,10,21,BP,Conf,1,491,1,1,Johnson,MID,18,1,92.0,1,1,1522,0.000657030223390276
1338,491,13,22,BP,Conf,1,491,0,0,Johnson,MID,18,0,92.0,1,0,1522,0.0
1339,491,15,23,BP,Conf,0,491,0,0,Johnson,MID,18,0,92.0,1,0,1522,0.0
1340,2,10,1,BP,Conf,1,2,0,0,G.Jesus,FWD,1,0,22.0,1,0,1522,0.0
1341,2,13,2,BP,Conf,0,2,0,0,G.Jesus,FWD,1,0,22.0,1,0,1522,0.0
1342,2,13,3,BP,Conf,0,2,0,0,G.Jesus,FWD,1,0,22.0,1,0,1522,0.0
1343,2,11,4,BP,Conf,0,2,1,0,G.Jesus,FWD,1,1,22.0,1,1,1522,0.000657030223390276
1344,2,9,5,BP,Conf,0,2,0,0,G.Jesus,FWD,1,0,22.0,1,0,1522,0.0
1345,2,10,6,BP,Conf,0,2,1,0,G.Jesus,FWD,1,1,22.0,1,1,1522,0.000657030223390276
1346,2,9,7,BP,Conf,0,2,1,0,G.Jesus,FWD,1,1,22.0,1,1,1522,0.000657030223390276
1347,2,9,18,BP,Conf,1,2,2,2,G.Jesus,FWD,1,2,22.0,1,2,1522,0.001314060446780552
1348,2,10,19,BP,Conf,1,2,12,12,G.Jesus,FWD,1,12,22.0,1,12,1522,0.00788436268068331
1349,2,11,20,BP,Conf,1,2,2,2,G.Jesus,FWD,1,2,22.0,1,2,1522,0.001314060446780552
1350,2,11,21,BP,Conf,1,2,0,0,G.Jesus,FWD,1,0,22.0,1,0,1522,0.0
1351,589,11,1,BP,Conf,1,589,1,1,Füllkrug,FWD,19,1,36.0,1,1,1522,0.000657030223390276
1352,589,11,2,BP,Conf,1,589,1,1,Füllkrug,FWD,19,1,36.0,1,1,1522,0.000657030223390276
1353,589,11,3,BP,Conf,1,589,1,1,Füllkrug,FWD,19,1,36.0,1,1,1522,0.000657030223390276
1354,589,13,4,BP,Conf,0,589,0,0,Füllkrug,FWD,19,0,36.0,1,0,1522,0.0
1355,248,12,1,BP,Conf,0,248,3,0,Leno,GKP,9,0,63.0,1,0,1522,0.0
1356,248,1,2,BP,Conf,1,248,3,3,Leno,GKP,9,3,63.0,1,3,1522,0.0019710906701708277
1357,248,1,3,BP,Conf,1,248,3,3,Leno,GKP,9,3,63.0,1,3,1522,0.0019710906701708277
1358,248,12,4,BP,Conf,0,248,2,0,Leno,GKP,9,0,63.0,1,0,1522,0.0
1359,248,12,5,BP,Conf,0,248,2,0,Leno,GKP,9,0,63.0,1,2,1522,0.0
1360,248,1,6,BP,Conf,1,248,5,5,Leno,GKP,9,5,63.0,1,5,1522,0.0032851511169513796
1361,248,12,7,BP,Conf,0,248,2,0,Leno,GKP,9,0,63.0,1,2,1522,0.0
1362,248,12,8,BP,Conf,0,248,5,0,Leno,GKP,9,0,63.0,1,0,1522,0.0
1363,248,1,9,BP,Conf,1,248,3,3,Leno,GKP,9,3,63.0,1,3,1522,0.0019710906701708277
1364,248,1,10,BP,Conf,1,248,2,2,Leno,GKP,9,2,63.0,1,0,1522,0.001314060446780552
1365,248,1,11,BP,Conf,1,248,9,9,Leno,GKP,9,9,63.0,1,9,1522,0.005913272010512484
1366,248,1,12,BP,Conf,1,248,0,0,Leno,GKP,9,0,63.0,1,0,1522,0.0
1367,248,12,13,BP,Conf,0,248,2,0,Leno,GKP,9,0,63.0,1,2,1522,0.0
1368,248,12,14,BP,Conf,0,248,2,0,Leno,GKP,9,0,63.0,1,2,1522,0.0
1369,248,12,15,BP,Conf,0,248,3,0,Leno,GKP,9,0,63.0,1,3,1522,0.0
1370,248,12,16,BP,Conf,0,248,1,0,Leno,GKP,9,0,63.0,1,1,1522,0.0
1371,248,1,17,BP,Conf,1,248,6,6,Leno,GKP,9,6,63.0,1,6,1522,0.003942181340341655
1372,248,12,18,BP,Conf,0,248,4,0,Leno,GKP,9,0,63.0,1,0,1522,0.0
1373,248,1,19,BP,Conf,1,248,3,3,Leno,GKP,9,3,63.0,1,3,1522,0.0019710906701708277
1374,248,1,20,BP,Conf,1,248,1,1,Leno,GKP,9,1,63.0,1,0,1522,0.000657030223390276
1375,248,12,21,BP,Conf,0,248,1,0,Leno,GKP,9,0,63.0,1,0,1522,0.0
1376,248,1,22,BP,Conf,1,248,7,7,Leno,GKP,9,7,63.0,1,7,1522,0.0045992115637319315
1377,248,12,23,BP,Conf,0,248,2,0,Leno,GKP,9,0,63.0,1,2,1522,0.0
1378,248,12,24,BP,Conf,0,248,2,0,Leno,GKP,9,0,63.0,1,2,1522,0.0
1379,248,12,25,BP,Conf,0,248,2,0,Leno,GKP,9,0,63.0,1,0,1522,0.0
1380,248,12,26,BP,Conf,0,248,2,0,Leno,GKP,9,0,63.0,1,0,1522,0.0
1381,248,1,27,BP,Conf,1,248,3,3,Leno,GKP,9,3,63.0,1,3,1522,0.0019710906701708277
1382,248,12,28,BP,Conf,0,248,1,0,Leno,GKP,9,0,63.0,1,0,1522,0.0
1383,108,13,1,BP,Conf,1,108,0,0,Toney,FWD,4,0,21.0,1,0,1522,0.0
1384,108,14,2,BP,Conf,1,108,0,0,Toney,FWD,4,0,21.0,1,0,1522,0.0
1385,160,14,1,BP,Conf,0,160,0,0,Chilwell,DEF,7,0,78.0,1,0,1522,0.0
1386,418,15,1,BP,Conf,1,418,0,0,Trippier,DEF,15,0,35.0,1,0,1522,0.0
1387,418,5,2,BP,Conf,0,418,1,0,Trippier,DEF,15,1,35.0,1,1,1522,0.000657030223390276
1388,418,14,3,BP,Conf,0,418,0,0,Trippier,DEF,15,0,35.0,1,0,1522,0.0
1389,210,2,20,BP,Conf,0,210,2,0,Mitchell,DEF,7,2,,0,2,1522,0.001314060446780552
1390,210,5,21,BP,Conf,1,210,6,6,Mitchell,DEF,7,6,,0,6,1522,0.003942181340341655
1391,210,5,22,BP,Conf,1,210,6,6,Mitchell,DEF,7,6,,0,6,1522,0.003942181340341655
1392,210,2,23,BP,Conf,1,210,1,1,Mitchell,DEF,7,1,,0,1,1522,0.000657030223390276
1393,210,2,24,BP,Conf,1,210,6,6,Mitchell,DEF,7,6,,0,6,1522,0.003942181340341655
1394,210,5,25,BP,Conf,1,210,1,1,Mitchell,DEF,7,1,,0,1,1522,0.000657030223390276
1395,210,5,26,BP,Conf,1,210,7,7,Mitchell,DEF,7,7,,0,7,1522,0.0045992115637319315
1396,210,5,27,BP,Conf,1,210,5,5,Mitchell,DEF,7,5,,0,5,1522,0.0032851511169513796
1397,210,5,28,BP,Conf,1,210,6,6,Mitchell,DEF,7,6,,0,6,1522,0.003942181340341655
1398,210,13,29,BP,Conf,0,210,0,0,Mitchell,DEF,7,0,,0,0,1522,0.0
1399,210,6,30,BP,Conf,1,210,1,1,Mitchell,DEF,7,1,,0,1,1522,0.000657030223390276
1400,210,4,31,BP,Conf,1,210,2,2,Mitchell,DEF,7,2,,0,2,1522,0.001314060446780552
1401,210,4,32,BP,Conf,1,210,0,0,Mitchell,DEF,7,0,,0,0,1522,0.0
1402,210,4,33,BP,Conf,1,210,7,7,Mitchell,DEF,7,7,,0,7,1522,0.0045992115637319315
1403,23,9,29,BP,Conf,1,23,3,3,Trossard,MID,1,3,,0,3,1522,0.0019710906701708277
1404,23,13,30,BP,Conf,0,23,1,0,Trossard,MID,1,0,,0,0,1522,0.0
1405,148,9,37,BP,Conf,0,148,5,0,Welbeck,FWD,5,5,,0,5,1522,0.0032851511169513796
1406,148,14,38,BP,Conf,0,148,0,0,Welbeck,FWD,5,0,,0,0,1522,0.0
1407,512,10,8,BP,Conf,0,512,2,0,Antonio,FWD,19,2,,0,2,1522,0.001314060446780552
1408,512,9,9,BP,Conf,0,512,2,0,Antonio,FWD,19,2,,0,2,1522,0.001314060446780552
1409,512,11,10,BP,Conf,1,512,1,1,Antonio,FWD,19,1,,0,1,1522,0.000657030223390276
1410,395,2,38,BP,Conf,1,395,2,2,Burn,DEF,15,2,,0,2,1522,0.001314060446780552
1411,136,8,34,BP,Conf,1,136,6,6,Mitoma,MID,5,6,,0,6,1522,0.003942181340341655
1412,255,14,8,BP,Conf,0,255,1,0,Robinson,DEF,9,0,,0,1,1522,0.0
1413,255,2,9,BP,Conf,1,255,2,2,Robinson,DEF,9,2,,0,2,1522,0.001314060446780552
1414,255,2,10,BP,Conf,1,255,6,6,Robinson,DEF,9,6,,0,6,1522,0.003942181340341655
1415,255,2,11,BP,Conf,1,255,6,6,Robinson,DEF,9,6,,0,6,1522,0.003942181340341655
1416,255,2,12,BP,Conf,1,255,0,0,Robinson,DEF,9,0,,0,0,1522,0.0
1417,255,14,13,BP,Conf,0,255,2,0,Robinson,DEF,9,0,,0,2,1522,0.0
1418,255,5,14,BP,Conf,1,255,6,6,Robinson,DEF,9,6,,0,6,1522,0.003942181340341655
1419,355,3,2,BP,Conf,1,355,2,2,Lewis,DEF,13,2,,0,2,1522,0.001314060446780552
1420,355,4,3,BP,Conf,1,355,6,6,Lewis,DEF,13,6,,0,6,1522,0.003942181340341655
1421,355,4,4,BP,Conf,1,355,1,1,Lewis,DEF,13,1,,0,1,1522,0.000657030223390276
1422,355,13,5,BP,Conf,0,355,0,0,Lewis,DEF,13,0,,0,0,1522,0.0
1423,355,4,6,BP,Conf,1,355,2,2,Lewis,DEF,13,2,,0,2,1522,0.001314060446780552
1424,355,4,7,BP,Conf,1,355,4,4,Lewis,DEF,13,4,,0,4,1522,0.002628120893561104
1425,355,4,8,BP,Conf,1,355,2,2,Lewis,DEF,13,2,,0,2,1522,0.001314060446780552
1426,355,4,9,BP,Conf,1,355,6,6,Lewis,DEF,13,6,,0,6,1522,0.003942181340341655
1427,355,4,10,BP,Conf,1,355,1,1,Lewis,DEF,13,1,,0,1,1522,0.000657030223390276
1428,355,3,11,BP,Conf,1,355,0,0,Lewis,DEF,13,0,,0,0,1522,0.0
1429,355,4,12,BP,Conf,1,355,0,0,Lewis,DEF,13,0,,0,0,1522,0.0
1430,355,13,13,BP,Conf,0,355,1,0,Lewis,DEF,13,0,,0,1,1522,0.0
1431,355,3,14,BP,Conf,1,355,1,1,Lewis,DEF,13,1,,0,0,1522,0.000657030223390276
1432,355,14,15,BP,Conf,0,355,4,0,Lewis,DEF,13,0,,0,4,1522,0.0
1433,355,14,16,BP,Conf,0,355,0,0,Lewis,DEF,13,0,,0,0,1522,0.0
1434,355,15,17,BP,Conf,0,355,0,0,Lewis,DEF,13,0,,0,0,1522,0.0
1435,355,15,18,BP,Conf,0,355,2,0,Lewis,DEF,13,0,,0,2,1522,0.0
1436,355,4,19,BP,Conf,1,355,6,6,Lewis,DEF,13,6,,0,6,1522,0.003942181340341655
1437,355,4,20,BP,Conf,1,355,2,2,Lewis,DEF,13,2,,0,2,1522,0.001314060446780552
1438,355,14,21,BP,Conf,1,355,0,0,Lewis,DEF,13,0,,0,0,1522,0.0
1439,355,4,22,BP,Conf,1,355,1,1,Lewis,DEF,13,1,,0,1,1522,0.000657030223390276
1440,571,8,2,BP,Conf,1,571,9,9,Savinho,MID,13,9,,0,9,1522,0.005913272010512484
1441,571,15,3,BP,Conf,1,571,0,0,Savinho,MID,13,0,,0,0,1522,0.0
1442,571,8,4,BP,Conf,1,571,1,1,Savinho,MID,13,1,,0,1,1522,0.000657030223390276
1443,571,6,5,BP,Conf,1,571,7,7,Savinho,MID,13,7,,0,7,1522,0.0045992115637319315
1444,571,7,6,BP,Conf,1,571,1,1,Savinho,MID,13,1,,0,1,1522,0.000657030223390276
1445,571,15,7,BP,Conf,1,571,0,0,Savinho,MID,13,0,,0,0,1522,0.0
1446,571,7,8,BP,Conf,1,571,1,1,Savinho,MID,13,1,,0,0,1522,0.000657030223390276
1447,566,15,8,BP,Conf,0,566,9,0,Strand Larsen,FWD,20,0,,0,9,1522,0.0
1448,566,11,9,BP,Conf,1,566,1,1,Strand Larsen,FWD,20,1,,0,1,1522,0.000657030223390276
1449,566,10,10,BP,Conf,1,566,8,8,Strand Larsen,FWD,20,8,,0,8,1522,0.005256241787122208
1450,566,11,11,BP,Conf,1,566,2,2,Strand Larsen,FWD,20,2,,0,2,1522,0.001314060446780552
1451,566,10,12,BP,Conf,0,566,5,0,Strand Larsen,FWD,20,5,,0,5,1522,0.0032851511169513796
1452,566,10,13,BP,Conf,1,566,11,11,Strand Larsen,FWD,20,11,,0,11,1522,0.007227332457293035
1453,566,10,14,BP,Conf,1,566,2,2,Strand Larsen,FWD,20,2,,0,2,1522,0.001314060446780552
1454,566,10,15,BP,Conf,1,566,2,2,Strand Larsen,FWD,20,2,,0,2,1522,0.001314060446780552
1455,566,10,16,BP,Conf,1,566,2,2,Strand Larsen,FWD,20,2,,0,2,1522,0.001314060446780552
1456,566,10,17,BP,Conf,1,566,2,2,Strand Larsen,FWD,20,2,,0,2,1522,0.001314060446780552
1457,6,4,13,BP,Conf,1,6,1,1,J.Timber,DEF,1,1,,0,0,1522,0.000657030223390276
1458,6,2,15,BP,Conf,1,6,2,2,J.Timber,DEF,1,2,,0,2,1522,0.001314060446780552
1459,6,2,16,BP,Conf,1,6,6,6,J.Timber,DEF,1,6,,0,6,1522,0.003942181340341655
1460,6,2,17,BP,Conf,1,6,1,1,J.Timber,DEF,1,1,,0,0,1522,0.000657030223390276
1461,6,2,18,BP,Conf,1,6,9,9,J.Timber,DEF,1,9,,0,9,1522,0.005913272010512484
1462,6,2,19,BP,Conf,1,6,1,1,J.Timber,DEF,1,1,,0,1,1522,0.000657030223390276
1463,6,13,20,BP,Conf,1,6,0,0,J.Timber,DEF,1,0,,0,0,1522,0.0
1464,6,4,21,BP,Conf,0,6,2,0,J.Timber,DEF,1,2,,0,2,1522,0.001314060446780552
1465,6,6,22,BP,Conf,0,6,1,0,J.Timber,DEF,1,1,,0,1,1522,0.000657030223390276
1466,6,3,23,BP,Conf,1,6,5,5,J.Timber,DEF,1,5,,0,5,1522,0.0032851511169513796
1467,6,3,24,BP,Conf,1,6,1,1,J.Timber,DEF,1,1,,0,1,1522,0.000657030223390276
1468,6,2,25,BP,Conf,1,6,6,6,J.Timber,DEF,1,6,,0,6,1522,0.003942181340341655
1469,6,2,26,BP,Conf,1,6,2,2,J.Timber,DEF,1,2,,0,2,1522,0.001314060446780552
1470,6,14,27,BP,Conf,0,6,6,0,J.Timber,DEF,1,0,,0,6,1522,0.0
1471,6,2,28,BP,Conf,1,6,5,5,J.Timber,DEF,1,5,,0,5,1522,0.0032851511169513796
1472,6,3,29,BP,Conf,1,6,9,9,J.Timber,DEF,1,9,,0,9,1522,0.005913272010512484
1473,6,3,30,BP,Conf,1,6,7,7,J.Timber,DEF,1,7,,0,7,1522,0.0045992115637319315
1474,6,3,31,BP,Conf,1,6,1,1,J.Timber,DEF,1,1,,0,1,1522,0.000657030223390276
1475,6,2,32,BP,Conf,1,6,1,1,J.Timber,DEF,1,1,,0,1,1522,0.000657030223390276
1476,6,2,33,BP,Conf,1,6,4,4,J.Timber,DEF,1,4,,0,4,1522,0.002628120893561104
1477,146,1,4,BP,Conf,1,146,5,5,Verbruggen,GKP,5,5,,0,5,1522,0.0032851511169513796
1478,146,1,5,BP,Conf,1,146,1,1,Verbruggen,GKP,5,1,,0,0,1522,0.000657030223390276
1479,146,12,6,BP,Conf,0,146,0,0,Verbruggen,GKP,5,0,,0,0,1522,0.0
1480,146,1,7,BP,Conf,1,146,0,0,Verbruggen,GKP,5,0,,0,0,1522,0.0
1481,146,1,8,BP,Conf,1,146,10,10,Verbruggen,GKP,5,10,,0,10,1522,0.006570302233902759
1482,146,12,9,BP,Conf,0,146,2,0,Verbruggen,GKP,5,0,,0,0,1522,0.0
1483,146,12,10,BP,Conf,0,146,3,0,Verbruggen,GKP,5,0,,0,3,1522,0.0
1484,146,12,11,BP,Conf,0,146,3,0,Verbruggen,GKP,5,0,,0,0,1522,0.0
1485,146,12,12,BP,Conf,0,146,3,0,Verbruggen,GKP,5,0,,0,3,1522,0.0
1486,146,1,13,BP,Conf,1,146,2,2,Verbruggen,GKP,5,2,,0,0,1522,0.001314060446780552
1487,146,1,14,BP,Conf,1,146,1,1,Verbruggen,GKP,5,1,,0,0,1522,0.000657030223390276
1488,146,1,15,BP,Conf,1,146,1,1,Verbruggen,GKP,5,1,,0,0,1522,0.000657030223390276
1489,146,1,16,BP,Conf,1,146,1,1,Verbruggen,GKP,5,1,,0,0,1522,0.000657030223390276
1490,146,12,17,BP,Conf,0,146,3,0,Verbruggen,GKP,5,0,,0,0,1522,0.0
1491,146,1,18,BP,Conf,1,146,9,9,Verbruggen,GKP,5,9,,0,9,1522,0.005913272010512484
1492,146,12,19,BP,Conf,0,146,2,0,Verbruggen,GKP,5,0,,0,0,1522,0.0
1493,146,12,20,BP,Conf,0,146,2,0,Verbruggen,GKP,5,0,,0,2,1522,0.0
1494,146,1,21,BP,Conf,1,146,7,7,Verbruggen,GKP,5,7,,0,7,1522,0.0045992115637319315
1495,146,12,22,BP,Conf,0,146,2,0,Verbruggen,GKP,5,0,,0,0,1522,0.0
1496,146,1,23,BP,Conf,1,146,1,1,Verbruggen,GKP,5,1,,0,0,1522,0.000657030223390276
1497,146,1,24,BP,Conf,1,146,-1,-1,Verbruggen,GKP,5,-1,,0,0,1522,-0.000657030223390276
1498,146,1,25,BP,Conf,1,146,10,10,Verbruggen,GKP,5,10,,0,10,1522,0.006570302233902759
1499,146,1,26,BP,Conf,1,146,6,6,Verbruggen,GKP,5,6,,0,6,1522,0.003942181340341655
1500,146,12,27,BP,Conf,0,146,3,0,Verbruggen,GKP,5,0,,0,0,1522,0.0
1501,146,1,28,BP,Conf,1,146,2,2,Verbruggen,GKP,5,2,,0,2,1522,0.001314060446780552
1502,146,12,29,BP,Conf,0,146,0,0,Verbruggen,GKP,5,0,,0,0,1522,0.0
1503,146,12,30,BP,Conf,0,146,1,0,Verbruggen,GKP,5,0,,0,0,1522,0.0
1504,146,12,31,BP,Conf,0,146,1,0,Verbruggen,GKP,5,0,,0,0,1522,0.0
1505,146,12,32,BP,Conf,0,146,2,0,Verbruggen,GKP,5,0,,0,0,1522,0.0
1506,146,12,33,BP,Conf,0,146,1,0,Verbruggen,GKP,5,0,,0,0,1522,0.0
1507,146,12,34,BP,Conf,0,146,1,0,Verbruggen,GKP,5,0,,0,0,1522,0.0
1508,146,12,35,BP,Conf,0,146,3,0,Verbruggen,GKP,5,0,,0,3,1522,0.0
1509,146,12,36,BP,Conf,0,146,8,0,Verbruggen,GKP,5,0,,0,0,1522,0.0
1510,146,12,37,BP,Conf,0,146,2,0,Verbruggen,GKP,5,0,,0,0,1522,0.0
1511,146,12,38,BP,Conf,0,146,2,0,Verbruggen,GKP,5,0,,0,0,1522,0.0
1512,120,2,4,BP,Conf,1,120,6,6,Dunk,DEF,5,6,,0,6,1522,0.003942181340341655
1513,120,2,5,BP,Conf,1,120,0,0,Dunk,DEF,5,0,,0,0,1522,0.0
1514,38,11,5,BP,Conf,1,38,5,5,Duran,FWD,2,5,,0,5,1522,0.0032851511169513796
1515,38,11,6,BP,Conf,1,38,1,1,Duran,FWD,2,1,,0,1,1522,0.000657030223390276
1516,38,11,7,BP,Conf,1,38,1,1,Duran,FWD,2,1,,0,1,1522,0.000657030223390276
1517,38,11,8,BP,Conf,1,38,1,1,Duran,FWD,2,1,,0,0,1522,0.000657030223390276
1518,38,10,9,BP,Conf,0,38,1,0,Duran,FWD,2,1,,0,1,1522,0.000657030223390276
1519,38,10,18,BP,Conf,1,38,-2,-2,Duran,FWD,2,-2,,0,0,1522,-0.001314060446780552
1520,38,15,19,BP,Conf,0,38,0,0,Duran,FWD,2,0,,0,0,1522,0.0
1521,38,15,20,BP,Conf,0,38,0,0,Duran,FWD,2,0,,0,0,1522,0.0
1522,38,13,21,BP,Conf,0,38,0,0,Duran,FWD,2,0,,0,0,1522,0.0
1523,38,14,22,BP,Conf,0,38,1,0,Duran,FWD,2,0,,0,1,1522,0.0
1524,38,9,23,BP,Conf,1,38,1,1,Duran,FWD,2,1,,0,0,1522,0.000657030223390276
1525,421,15,10,BP,Conf,0,421,0,0,Wilson,FWD,15,0,,0,0,1522,0.0
1526,421,15,11,BP,Conf,0,421,0,0,Wilson,FWD,15,0,,0,0,1522,0.0
1527,421,15,12,BP,Conf,0,421,1,0,Wilson,FWD,15,0,,0,1,1522,0.0
1528,421,15,13,BP,Conf,0,421,0,0,Wilson,FWD,15,0,,0,0,1522,0.0
1529,421,15,14,BP,Conf,0,421,1,0,Wilson,FWD,15,0,,0,0,1522,0.0
1530,421,15,15,BP,Conf,0,421,1,0,Wilson,FWD,15,0,,0,0,1522,0.0
1531,421,14,29,BP,Conf,0,421,0,0,Wilson,FWD,15,0,,0,0,1522,0.0
1532,85,5,6,BP,Conf,0,85,2,0,Zabarnyi,DEF,3,2,,0,2,1522,0.001314060446780552
1533,85,5,7,BP,Conf,0,85,2,0,Zabarnyi,DEF,3,2,,0,2,1522,0.001314060446780552
1534,88,6,34,BP,Conf,0,88,11,0,Collins,DEF,4,11,,0,11,1522,0.007227332457293035
1535,88,3,35,BP,Conf,1,88,1,1,Collins,DEF,4,1,,0,1,1522,0.000657030223390276
1536,88,4,36,BP,Conf,1,88,8,8,Collins,DEF,4,8,,0,8,1522,0.005256241787122208
1537,88,5,37,BP,Conf,1,88,1,1,Collins,DEF,4,1,,0,1,1522,0.000657030223390276
1538,88,4,38,BP,Conf,1,88,2,2,Collins,DEF,4,2,,0,2,1522,0.001314060446780552
1539,238,3,8,BP,Conf,1,238,6,6,Young,DEF,8,6,,0,6,1522,0.003942181340341655
1540,238,3,9,BP,Conf,1,238,6,6,Young,DEF,8,6,,0,6,1522,0.003942181340341655
1541,238,3,10,BP,Conf,1,238,2,2,Young,DEF,8,2,,0,2,1522,0.001314060446780552
1542,238,4,11,BP,Conf,1,238,5,5,Young,DEF,8,5,,0,5,1522,0.0032851511169513796
1543,238,3,12,BP,Conf,1,238,9,9,Young,DEF,8,9,,0,9,1522,0.005913272010512484
1544,238,2,13,BP,Conf,1,238,-1,-1,Young,DEF,8,-1,,0,0,1522,-0.000657030223390276
1545,238,2,14,BP,Conf,1,238,15,15,Young,DEF,8,15,,0,15,1522,0.00985545335085414
1546,238,13,15,BP,Conf,0,238,0,0,Young,DEF,8,0,,0,0,1522,0.0
1547,238,15,16,BP,Conf,0,238,5,0,Young,DEF,8,0,,0,5,1522,0.0
1548,238,4,17,BP,Conf,1,238,5,5,Young,DEF,8,5,,0,5,1522,0.0032851511169513796
1549,238,14,18,BP,Conf,0,238,0,0,Young,DEF,8,0,,0,0,1522,0.0
1550,238,3,19,BP,Conf,1,238,1,1,Young,DEF,8,1,,0,1,1522,0.000657030223390276
1551,238,3,20,BP,Conf,1,238,2,2,Young,DEF,8,2,,0,2,1522,0.001314060446780552
1552,238,3,21,BP,Conf,1,238,2,2,Young,DEF,8,2,,0,2,1522,0.001314060446780552
1553,238,3,22,BP,Conf,1,238,0,0,Young,DEF,8,0,,0,0,1522,0.0
1554,238,14,23,BP,Conf,0,238,1,0,Young,DEF,8,0,,0,0,1522,0.0
1555,238,13,24,BP,Conf,0,238,2,0,Young,DEF,8,0,,0,2,1522,0.0
1556,228,5,10,BP,Conf,0,228,1,0,Keane,DEF,8,1,,0,0,1522,0.000657030223390276
1557,228,14,11,BP,Conf,0,228,0,0,Keane,DEF,8,0,,0,0,1522,0.0
1558,228,13,12,BP,Conf,1,228,0,0,Keane,DEF,8,0,,0,0,1522,0.0
1559,436,4,29,BP,Conf,1,436,1,1,Murillo,DEF,16,1,,0,1,1522,0.000657030223390276
1560,436,4,30,BP,Conf,1,436,9,9,Murillo,DEF,16,9,,0,9,1522,0.005913272010512484
1561,436,14,31,BP,Conf,0,436,1,0,Murillo,DEF,16,0,,0,0,1522,0.0
1562,436,14,32,BP,Conf,0,436,2,0,Murillo,DEF,16,0,,0,2,1522,0.0
1563,436,14,33,BP,Conf,0,436,2,0,Murillo,DEF,16,0,,0,2,1522,0.0
1564,436,4,34,BP,Conf,1,436,1,1,Murillo,DEF,16,1,,0,1,1522,0.000657030223390276
1565,436,4,35,BP,Conf,1,436,10,10,Murillo,DEF,16,10,,0,10,1522,0.006570302233902759
1566,436,13,36,BP,Conf,1,436,0,0,Murillo,DEF,16,0,,0,0,1522,0.0
1567,436,4,37,BP,Conf,1,436,1,1,Murillo,DEF,16,1,,0,1,1522,0.000657030223390276
1568,436,5,38,BP,Conf,0,436,2,0,Murillo,DEF,16,2,,0,2,1522,0.001314060446780552
1569,617,13,11,BP,Conf,0,617,8,0,Evanilson,FWD,3,0,,0,8,1522,0.0
1570,617,11,12,BP,Conf,1,617,2,2,Evanilson,FWD,3,2,,0,2,1522,0.001314060446780552
1571,617,11,13,BP,Conf,1,617,12,12,Evanilson,FWD,3,12,,0,12,1522,0.00788436268068331
1572,617,11,14,BP,Conf,1,617,2,2,Evanilson,FWD,3,2,,0,2,1522,0.001314060446780552
1573,617,11,15,BP,Conf,1,617,2,2,Evanilson,FWD,3,2,,0,2,1522,0.001314060446780552
1574,617,11,16,BP,Conf,1,617,2,2,Evanilson,FWD,3,2,,0,2,1522,0.001314060446780552
1575,617,11,17,BP,Conf,1,617,2,2,Evanilson,FWD,3,2,,0,2,1522,0.001314060446780552
1576,617,11,18,BP,Conf,1,617,1,1,Evanilson,FWD,3,1,,0,0,1522,0.000657030223390276
1577,617,11,19,BP,Conf,1,617,8,8,Evanilson,FWD,3,8,,0,8,1522,0.005256241787122208
1578,617,10,20,BP,Conf,1,617,2,2,Evanilson,FWD,3,2,,0,2,1522,0.001314060446780552
1579,617,15,21,BP,Conf,0,617,0,0,Evanilson,FWD,3,0,,0,0,1522,0.0
1580,617,15,22,BP,Conf,0,617,0,0,Evanilson,FWD,3,0,,0,0,1522,0.0
1581,388,4,14,BP,Conf,1,388,1,1,Wan-Bissaka,DEF,19,1,,0,0,1522,0.000657030223390276
1582,388,3,15,BP,Conf,1,388,2,2,Wan-Bissaka,DEF,19,2,,0,2,1522,0.001314060446780552
1583,388,3,16,BP,Conf,1,388,5,5,Wan-Bissaka,DEF,19,5,,0,5,1522,0.0032851511169513796
1584,388,3,17,BP,Conf,1,388,2,2,Wan-Bissaka,DEF,19,2,,0,2,1522,0.001314060446780552
1585,388,3,18,BP,Conf,1,388,9,9,Wan-Bissaka,DEF,19,9,,0,9,1522,0.005913272010512484
1586,388,14,19,BP,Conf,0,388,0,0,Wan-Bissaka,DEF,19,0,,0,0,1522,0.0
1587,388,14,20,BP,Conf,0,388,0,0,Wan-Bissaka,DEF,19,0,,0,0,1522,0.0
1588,388,2,21,BP,Conf,1,388,3,3,Wan-Bissaka,DEF,19,3,,0,3,1522,0.0019710906701708277
1589,388,2,22,BP,Conf,1,388,1,1,Wan-Bissaka,DEF,19,1,,0,1,1522,0.000657030223390276
1590,388,4,23,BP,Conf,1,388,2,2,Wan-Bissaka,DEF,19,2,,0,2,1522,0.001314060446780552
1591,388,4,24,BP,Conf,1,388,-1,-1,Wan-Bissaka,DEF,19,-1,,0,0,1522,-0.000657030223390276
1592,388,3,25,BP,Conf,1,388,2,2,Wan-Bissaka,DEF,19,2,,0,2,1522,0.001314060446780552
1593,388,15,26,BP,Conf,0,388,12,0,Wan-Bissaka,DEF,19,0,,0,12,1522,0.0
1594,388,2,27,BP,Conf,1,388,7,7,Wan-Bissaka,DEF,19,7,,0,7,1522,0.0045992115637319315
1595,388,6,28,BP,Conf,0,388,2,0,Wan-Bissaka,DEF,19,2,,0,2,1522,0.001314060446780552
1596,388,2,29,BP,Conf,1,388,2,2,Wan-Bissaka,DEF,19,2,,0,2,1522,0.001314060446780552
1597,388,2,30,BP,Conf,1,388,2,2,Wan-Bissaka,DEF,19,2,,0,2,1522,0.001314060446780552
1598,388,2,31,BP,Conf,1,388,1,1,Wan-Bissaka,DEF,19,1,,0,0,1522,0.000657030223390276
1599,388,3,32,BP,Conf,1,388,1,1,Wan-Bissaka,DEF,19,1,,0,1,1522,0.000657030223390276
1600,388,13,33,BP,Conf,1,388,0,0,Wan-Bissaka,DEF,19,0,,0,0,1522,0.0
1601,453,9,16,BP,Conf,0,453,2,0,Armstrong,FWD,17,2,,0,2,1522,0.001314060446780552
1602,453,14,17,BP,Conf,0,453,2,0,Armstrong,FWD,17,0,,0,2,1522,0.0
1603,219,2,34,BP,Conf,1,219,2,2,Branthwaite,DEF,8,2,,0,2,1522,0.001314060446780552
1604,219,5,35,BP,Conf,1,219,1,1,Branthwaite,DEF,8,1,,0,1,1522,0.000657030223390276
1605,219,2,36,BP,Conf,1,219,2,2,Branthwaite,DEF,8,2,,0,2,1522,0.001314060446780552
1606,219,2,37,BP,Conf,1,219,6,6,Branthwaite,DEF,8,6,,0,6,1522,0.003942181340341655
1607,402,5,18,BP,Conf,1,402,6,6,J.Murphy,MID,15,6,,0,6,1522,0.003942181340341655
1608,402,5,19,BP,Conf,1,402,3,3,J.Murphy,MID,15,3,,0,3,1522,0.0019710906701708277
1609,402,7,20,BP,Conf,1,402,5,5,J.Murphy,MID,15,5,,0,5,1522,0.0032851511169513796
1610,402,8,21,BP,Conf,1,402,3,3,J.Murphy,MID,15,3,,0,3,1522,0.0019710906701708277
1611,402,9,22,BP,Conf,1,402,2,2,J.Murphy,MID,15,2,,0,2,1522,0.001314060446780552
1612,402,5,23,BP,Conf,1,402,6,6,J.Murphy,MID,15,6,,0,6,1522,0.003942181340341655
1613,402,5,24,BP,Conf,1,402,8,8,J.Murphy,MID,15,8,,0,8,1522,0.005256241787122208
1614,402,9,25,BP,Conf,0,402,2,0,J.Murphy,MID,15,2,,0,2,1522,0.001314060446780552
1615,402,14,26,BP,Conf,0,402,7,0,J.Murphy,MID,15,0,,0,7,1522,0.0
1616,402,9,27,BP,Conf,0,402,1,0,J.Murphy,MID,15,1,,0,1,1522,0.000657030223390276
1617,402,8,28,BP,Conf,1,402,3,3,J.Murphy,MID,15,3,,0,3,1522,0.0019710906701708277
1618,402,15,29,BP,Conf,0,402,0,0,J.Murphy,MID,15,0,,0,0,1522,0.0
1619,402,10,30,BP,Conf,1,402,5,5,J.Murphy,MID,15,5,,0,5,1522,0.0032851511169513796
1620,402,9,31,BP,Conf,1,402,16,16,J.Murphy,MID,15,16,,0,16,1522,0.010512483574244415
1621,402,7,32,BP,Conf,1,402,19,19,J.Murphy,MID,15,19,,0,19,1522,0.012483574244415242
1622,402,7,33,BP,Conf,1,402,2,2,J.Murphy,MID,15,2,,0,0,1522,0.001314060446780552
1623,402,7,34,BP,Conf,1,402,6,6,J.Murphy,MID,15,6,,0,6,1522,0.003942181340341655
1624,402,8,35,BP,Conf,1,402,1,1,J.Murphy,MID,15,1,,0,1,1522,0.000657030223390276
1625,402,7,36,BP,Conf,1,402,5,5,J.Murphy,MID,15,5,,0,5,1522,0.0032851511169513796
1626,402,8,37,BP,Conf,1,402,2,2,J.Murphy,MID,15,2,,0,2,1522,0.001314060446780552
1627,402,8,38,BP,Conf,1,402,2,2,J.Murphy,MID,15,2,,0,2,1522,0.001314060446780552
1628,231,3,34,BP,Conf,1,231,2,2,Mykolenko,DEF,8,2,,0,2,1522,0.001314060446780552
1629,231,2,35,BP,Conf,1,231,0,0,Mykolenko,DEF,8,0,,0,0,1522,0.0
1630,231,3,36,BP,Conf,1,231,8,8,Mykolenko,DEF,8,8,,0,8,1522,0.005256241787122208
1631,231,3,37,BP,Conf,1,231,8,8,Mykolenko,DEF,8,8,,0,8,1522,0.005256241787122208
1632,232,11,22,BP,Conf,1,232,7,7,Ndiaye,FWD,8,7,,0,7,1522,0.0045992115637319315
1633,232,11,23,BP,Conf,1,232,8,8,Ndiaye,FWD,8,8,,0,8,1522,0.005256241787122208
1634,232,11,24,BP,Conf,1,232,9,9,Ndiaye,FWD,8,9,,0,9,1522,0.005913272010512484
1635,232,14,25,BP,Conf,1,232,0,0,Ndiaye,FWD,8,0,,0,0,1522,0.0
1636,232,13,26,BP,Conf,1,232,0,0,Ndiaye,FWD,8,0,,0,0,1522,0.0
1637,232,13,27,BP,Conf,1,232,0,0,Ndiaye,FWD,8,0,,0,0,1522,0.0
1638,232,14,28,BP,Conf,0,232,0,0,Ndiaye,FWD,8,0,,0,0,1522,0.0
1639,580,13,23,BP,Conf,0,580,6,0,Huijsen,DEF,3,0,,0,6,1522,0.0
1640,580,14,24,BP,Conf,0,580,0,0,Huijsen,DEF,3,0,,0,0,1522,0.0
1641,580,4,25,BP,Conf,1,580,2,2,Huijsen,DEF,3,2,,0,2,1522,0.001314060446780552
1642,580,4,26,BP,Conf,1,580,2,2,Huijsen,DEF,3,2,,0,2,1522,0.001314060446780552
1643,580,4,27,BP,Conf,1,580,1,1,Huijsen,DEF,3,1,,0,0,1522,0.000657030223390276
1644,580,4,28,BP,Conf,1,580,0,0,Huijsen,DEF,3,0,,0,0,1522,0.0
1645,580,5,29,BP,Conf,1,580,1,1,Huijsen,DEF,3,1,,0,1,1522,0.000657030223390276
1646,580,5,30,BP,Conf,1,580,0,0,Huijsen,DEF,3,0,,0,0,1522,0.0
1647,580,13,31,BP,Conf,0,580,4,0,Huijsen,DEF,3,0,,0,4,1522,0.0
1648,580,5,32,BP,Conf,0,580,7,0,Huijsen,DEF,3,7,,0,7,1522,0.0045992115637319315
1649,580,3,33,BP,Conf,0,580,8,0,Huijsen,DEF,3,8,,0,8,1522,0.005256241787122208
1650,580,5,34,BP,Conf,1,580,1,1,Huijsen,DEF,3,1,,0,1,1522,0.000657030223390276
1651,580,14,35,BP,Conf,0,580,8,0,Huijsen,DEF,3,0,,0,8,1522,0.0
1652,580,14,36,BP,Conf,0,580,1,0,Huijsen,DEF,3,0,,0,1,1522,0.0
1653,580,14,37,BP,Conf,0,580,0,0,Huijsen,DEF,3,0,,0,0,1522,0.0
1654,580,3,38,BP,Conf,1,580,4,4,Huijsen,DEF,3,4,,0,4,1522,0.002628120893561104
1655,735,9,24,BP,Conf,1,735,2,2,Marmoush,FWD,13,2,,0,2,1522,0.001314060446780552
1656,735,10,25,BP,Conf,0,735,17,0,Marmoush,FWD,13,17,,0,17,1522,0.011169513797634692
1657,735,10,26,BP,Conf,1,735,2,2,Marmoush,FWD,13,2,,0,0,1522,0.001314060446780552
1658,735,10,27,BP,Conf,1,735,2,2,Marmoush,FWD,13,2,,0,2,1522,0.001314060446780552
1659,735,10,28,BP,Conf,1,735,1,1,Marmoush,FWD,13,1,,0,1,1522,0.000657030223390276
1660,735,10,29,BP,Conf,1,735,12,12,Marmoush,FWD,13,12,,0,12,1522,0.00788436268068331
1661,735,11,30,BP,Conf,1,735,9,9,Marmoush,FWD,13,9,,0,9,1522,0.005913272010512484
1662,735,11,31,BP,Conf,1,735,2,2,Marmoush,FWD,13,2,,0,2,1522,0.001314060446780552
1663,735,10,32,BP,Conf,1,735,7,7,Marmoush,FWD,13,7,,0,7,1522,0.0045992115637319315
1664,735,10,33,BP,Conf,1,735,4,4,Marmoush,FWD,13,4,,0,4,1522,0.002628120893561104
1665,735,9,34,BP,Conf,1,735,0,0,Marmoush,FWD,13,0,,0,0,1522,0.0
1666,735,11,35,BP,Conf,1,735,2,2,Marmoush,FWD,13,2,,0,2,1522,0.001314060446780552
1667,735,11,36,BP,Conf,1,735,1,1,Marmoush,FWD,13,1,,0,1,1522,0.000657030223390276
1668,735,10,37,BP,Conf,1,735,8,8,Marmoush,FWD,13,8,,0,8,1522,0.005256241787122208
1669,735,11,38,BP,Conf,1,735,2,2,Marmoush,FWD,13,2,,0,2,1522,0.001314060446780552
1670,74,15,24,BP,Conf,0,74,2,0,O.Dango,MID,3,0,,0,2,1522,0.0
1671,74,8,25,BP,Conf,1,74,7,7,O.Dango,MID,3,7,,0,7,1522,0.0045992115637319315
1672,74,8,26,BP,Conf,1,74,2,2,O.Dango,MID,3,2,,0,0,1522,0.001314060446780552
1673,74,8,27,BP,Conf,1,74,2,2,O.Dango,MID,3,2,,0,2,1522,0.001314060446780552
1674,74,9,28,BP,Conf,1,74,1,1,O.Dango,MID,3,1,,0,1,1522,0.000657030223390276
1675,218,11,25,BP,Conf,1,218,8,8,Beto,FWD,8,8,,0,8,1522,0.005256241787122208
1676,218,11,26,BP,Conf,1,218,6,6,Beto,FWD,8,6,,0,6,1522,0.003942181340341655
1677,218,11,27,BP,Conf,1,218,2,2,Beto,FWD,8,2,,0,2,1522,0.001314060446780552
1678,218,11,28,BP,Conf,1,218,2,2,Beto,FWD,8,2,,0,2,1522,0.001314060446780552
1679,218,11,29,BP,Conf,1,218,2,2,Beto,FWD,8,2,,0,2,1522,0.001314060446780552
1680,218,14,30,BP,Conf,0,218,1,0,Beto,FWD,8,0,,0,0,1522,0.0
1681,218,15,31,BP,Conf,0,218,2,0,Beto,FWD,8,0,,0,2,1522,0.0
1682,218,15,32,BP,Conf,0,218,1,0,Beto,FWD,8,0,,0,1,1522,0.0
1683,218,15,33,BP,Conf,0,218,1,0,Beto,FWD,8,0,,0,0,1522,0.0
1684,650,15,25,BP,Conf,0,650,1,0,Lacroix,DEF,7,0,,0,0,1522,0.0
1685,650,3,26,BP,Conf,1,650,9,9,Lacroix,DEF,7,9,,0,9,1522,0.005913272010512484
1686,650,3,27,BP,Conf,1,650,2,2,Lacroix,DEF,7,2,,0,2,1522,0.001314060446780552
1687,650,3,28,BP,Conf,1,650,6,6,Lacroix,DEF,7,6,,0,6,1522,0.003942181340341655
1688,633,6,29,BP,Conf,1,633,9,9,Merino,MID,1,9,,0,9,1522,0.005913272010512484
1689,633,7,30,BP,Conf,1,633,10,10,Merino,MID,1,10,,0,10,1522,0.006570302233902759
1690,633,6,31,BP,Conf,1,633,2,2,Merino,MID,1,2,,0,2,1522,0.001314060446780552
1691,633,8,32,BP,Conf,1,633,1,1,Merino,MID,1,1,,0,0,1522,0.000657030223390276
1692,633,8,33,BP,Conf,1,633,4,4,Merino,MID,1,4,,0,4,1522,0.002628120893561104
1693,633,15,34,BP,Conf,0,633,0,0,Merino,MID,1,0,,0,0,1522,0.0
1694,633,10,35,BP,Conf,1,633,1,1,Merino,MID,1,1,,0,1,1522,0.000657030223390276
1695,633,8,36,BP,Conf,1,633,4,4,Merino,MID,1,4,,0,4,1522,0.002628120893561104
1696,633,15,37,BP,Conf,0,633,0,0,Merino,MID,1,0,,0,0,1522,0.0
1697,633,9,38,BP,Conf,1,633,2,2,Merino,MID,1,2,,0,2,1522,0.001314060446780552
1698,742,5,31,BP,Conf,1,742,1,1,M.Asensio,MID,2,1,,0,0,1522,0.000657030223390276
1699,742,6,32,BP,Conf,1,742,2,2,M.Asensio,MID,2,2,,0,2,1522,0.001314060446780552
1700,742,5,33,BP,Conf,1,742,3,3,M.Asensio,MID,2,3,,0,3,1522,0.0019710906701708277
1701,742,13,34,BP,Conf,0,742,0,0,M.Asensio,MID,2,0,,0,0,1522,0.0
1702,742,9,35,BP,Conf,1,742,1,1,M.Asensio,MID,2,1,,0,1,1522,0.000657030223390276
1703,742,5,36,BP,Conf,1,742,2,2,M.Asensio,MID,2,2,,0,2,1522,0.001314060446780552
1704,742,6,37,BP,Conf,1,742,3,3,M.Asensio,MID,2,3,,0,3,1522,0.0019710906701708277
1705,742,6,38,BP,Conf,1,742,1,1,M.Asensio,MID,2,1,,0,1,1522,0.000657030223390276
1706,606,7,35,BP,Conf,1,606,1,1,O’Reilly,MID,13,1,,0,0,1522,0.000657030223390276
1707,606,9,36,BP,Conf,1,606,1,1,O’Reilly,MID,13,1,,0,1,1522,0.000657030223390276
1708,606,13,37,BP,Conf,1,606,0,0,O’Reilly,MID,13,0,,0,0,1522,0.0
1709,606,15,38,BP,Conf,1,606,0,0,O’Reilly,MID,13,0,,0,0,1522,0.0
1710,505,2,9,IR,Conf,1,505,2,2,Udogie,DEF,18,2,,0,2,1622,0.0012330456226880395
1711,505,5,10,IR,Conf,0,505,2,0,Udogie,DEF,18,2,,0,2,1622,0.0012330456226880395
1712,505,4,11,IR,Conf,1,505,1,1,Udogie,DEF,18,1,,0,1,1622,0.0006165228113440197
1713,366,7,9,IR,Conf,1,366,2,2,B.Fernandes,MID,14,2,,0,2,1622,0.0012330456226880395
1714,366,7,10,IR,Conf,1,366,10,10,B.Fernandes,MID,14,10,,0,10,1622,0.006165228113440197
1715,366,7,11,IR,Conf,1,366,17,17,B.Fernandes,MID,14,17,,0,17,1622,0.010480887792848335
1716,366,9,12,IR,Conf,1,366,2,2,B.Fernandes,MID,14,2,,0,2,1622,0.0012330456226880395
1717,366,7,13,IR,Conf,1,366,9,9,B.Fernandes,MID,14,9,,0,9,1622,0.005548705302096177
1718,366,8,14,IR,Conf,1,366,2,2,B.Fernandes,MID,14,2,,0,2,1622,0.0012330456226880395
1719,366,8,15,IR,Conf,1,366,9,9,B.Fernandes,MID,14,9,,0,9,1622,0.005548705302096177
1720,366,8,16,IR,Conf,1,366,9,9,B.Fernandes,MID,14,9,,0,9,1622,0.005548705302096177
1721,366,8,17,IR,Conf,1,366,2,2,B.Fernandes,MID,14,2,,0,2,1622,0.0012330456226880395
1722,366,7,18,IR,Conf,1,366,-2,-2,B.Fernandes,MID,14,-2,,0,0,1622,-0.0012330456226880395
1723,366,14,19,IR,Conf,0,366,0,0,B.Fernandes,MID,14,0,,0,0,1622,0.0
1724,366,6,20,IR,Conf,1,366,7,7,B.Fernandes,MID,14,7,,0,7,1622,0.004315659679408138
1725,366,7,21,IR,Conf,1,366,4,4,B.Fernandes,MID,14,4,,0,4,1622,0.002466091245376079
1726,366,8,22,IR,Conf,1,366,8,8,B.Fernandes,MID,14,8,,0,8,1622,0.004932182490752158
1727,366,7,23,IR,Conf,1,366,3,3,B.Fernandes,MID,14,3,,0,3,1622,0.0018495684340320592
1728,366,7,24,IR,Conf,1,366,1,1,B.Fernandes,MID,14,1,,0,1,1622,0.0006165228113440197
1729,366,8,25,IR,Conf,1,366,2,2,B.Fernandes,MID,14,2,,0,2,1622,0.0012330456226880395
1730,366,7,26,IR,Conf,1,366,10,10,B.Fernandes,MID,14,10,,0,10,1622,0.006165228113440197
1731,366,8,27,IR,Conf,1,366,10,10,B.Fernandes,MID,14,10,,0,10,1622,0.006165228113440197
1732,366,8,28,IR,Conf,1,366,9,9,B.Fernandes,MID,14,9,,0,9,1622,0.005548705302096177
1733,366,8,29,IR,Conf,1,366,17,17,B.Fernandes,MID,14,17,,0,17,1622,0.010480887792848335
1734,366,8,30,IR,Conf,1,366,2,2,B.Fernandes,MID,14,2,,0,2,1622,0.0012330456226880395
1735,366,8,31,IR,Conf,1,366,3,3,B.Fernandes,MID,14,3,,0,3,1622,0.0018495684340320592
1736,366,9,32,IR,Conf,1,366,2,2,B.Fernandes,MID,14,2,,0,2,1622,0.0012330456226880395
1737,366,9,33,IR,Conf,1,366,1,1,B.Fernandes,MID,14,1,,0,1,1622,0.0006165228113440197
1738,366,10,34,IR,Conf,1,366,4,4,B.Fernandes,MID,14,4,,0,4,1622,0.002466091245376079
1739,366,8,35,IR,Conf,1,366,0,0,B.Fernandes,MID,14,0,,0,0,1622,0.0
1740,366,8,36,IR,Conf,1,366,2,2,B.Fernandes,MID,14,2,,0,2,1622,0.0012330456226880395
1741,207,13,20,IR,Conf,0,207,8,0,Mateta,FWD,7,0,,0,8,1622,0.0
1742,207,9,21,IR,Conf,1,207,8,8,Mateta,FWD,7,8,,0,8,1622,0.004932182490752158
1743,207,11,22,IR,Conf,1,207,13,13,Mateta,FWD,7,13,,0,13,1622,0.008014796547472256
1744,207,11,23,IR,Conf,1,207,2,2,Mateta,FWD,7,2,,0,2,1622,0.0012330456226880395
1745,207,11,24,IR,Conf,1,207,13,13,Mateta,FWD,7,13,,0,13,1622,0.008014796547472256
1746,207,10,25,IR,Conf,1,207,7,7,Mateta,FWD,7,7,,0,7,1622,0.004315659679408138
1747,207,11,26,IR,Conf,1,207,5,5,Mateta,FWD,7,5,,0,5,1622,0.0030826140567200987
1748,207,11,27,IR,Conf,1,207,8,8,Mateta,FWD,7,8,,0,8,1622,0.004932182490752158
1749,207,14,28,IR,Conf,0,207,0,0,Mateta,FWD,7,0,,0,0,1622,0.0
1750,207,14,29,IR,Conf,0,207,0,0,Mateta,FWD,7,0,,0,0,1622,0.0
1751,207,11,30,IR,Conf,1,207,1,1,Mateta,FWD,7,1,,0,1,1622,0.0006165228113440197
1752,207,11,31,IR,Conf,1,207,8,8,Mateta,FWD,7,8,,0,8,1622,0.004932182490752158
1753,207,11,32,IR,Conf,1,207,2,2,Mateta,FWD,7,2,,0,2,1622,0.0012330456226880395
1754,207,11,33,IR,Conf,1,207,10,10,Mateta,FWD,7,10,,0,10,1622,0.006165228113440197
1755,207,13,34,IR,Conf,0,207,0,0,Mateta,FWD,7,0,,0,0,1622,0.0
1756,207,11,35,IR,Conf,1,207,2,2,Mateta,FWD,7,2,,0,2,1622,0.0012330456226880395
1757,207,11,36,IR,Conf,1,207,1,1,Mateta,FWD,7,1,,0,1,1622,0.0006165228113440197
1758,207,11,37,IR,Conf,1,207,1,1,Mateta,FWD,7,1,,0,1,1622,0.0006165228113440197
1759,207,11,38,IR,Conf,1,207,2,2,Mateta,FWD,7,2,,0,2,1622,0.0012330456226880395
1760,47,12,17,IR,Conf,0,47,2,0,Martinez,GKP,2,0,,0,0,1622,0.0
1761,47,12,18,IR,Conf,0,47,2,0,Martinez,GKP,2,0,,0,0,1622,0.0
1762,47,12,19,IR,Conf,0,47,2,0,Martinez,GKP,2,0,,0,0,1622,0.0
1763,47,1,20,IR,Conf,1,47,2,2,Martinez,GKP,2,2,,0,0,1622,0.0012330456226880395
1764,47,1,21,IR,Conf,1,47,6,6,Martinez,GKP,2,6,,0,6,1622,0.0036991368680641184
1765,47,12,22,IR,Conf,0,47,2,0,Martinez,GKP,2,0,,0,2,1622,0.0
1766,47,12,23,IR,Conf,0,47,2,0,Martinez,GKP,2,0,,0,0,1622,0.0
1767,47,12,24,IR,Conf,0,47,2,0,Martinez,GKP,2,0,,0,2,1622,0.0
1768,47,1,25,IR,Conf,1,47,4,4,Martinez,GKP,2,4,,0,4,1622,0.002466091245376079
1769,47,1,26,IR,Conf,1,47,3,3,Martinez,GKP,2,3,,0,3,1622,0.0018495684340320592
1770,47,1,27,IR,Conf,0,47,1,0,Martinez,GKP,2,1,,0,1,1622,0.0006165228113440197
1771,47,12,28,IR,Conf,0,47,0,0,Martinez,GKP,2,0,,0,0,1622,0.0
1772,47,12,29,IR,Conf,0,47,0,0,Martinez,GKP,2,0,,0,0,1622,0.0
1773,409,4,16,IR,Conf,1,409,6,6,Livramento,DEF,15,6,,0,6,1622,0.0036991368680641184
1774,409,4,17,IR,Conf,1,409,6,6,Livramento,DEF,15,6,,0,6,1622,0.0036991368680641184
1775,409,3,18,IR,Conf,1,409,0,0,Livramento,DEF,15,0,,0,0,1622,0.0
1776,409,4,19,IR,Conf,1,409,1,1,Livramento,DEF,15,1,,0,1,1622,0.0006165228113440197
1777,409,14,30,IR,Conf,0,409,2,0,Livramento,DEF,15,0,,0,2,1622,0.0
1778,409,4,31,IR,Conf,1,409,11,11,Livramento,DEF,15,11,,0,11,1622,0.006781750924784217
1779,409,3,32,IR,Conf,1,409,8,8,Livramento,DEF,15,8,,0,8,1622,0.004932182490752158
1780,409,14,33,IR,Conf,0,409,0,0,Livramento,DEF,15,0,,0,0,1622,0.0
1781,409,6,34,IR,Conf,1,409,6,6,Livramento,DEF,15,6,,0,6,1622,0.0036991368680641184
1782,398,13,37,IR,Conf,0,398,2,0,Gordon,MID,15,0,,0,2,1622,0.0
1783,398,5,38,IR,Conf,1,398,1,1,Gordon,MID,15,1,,0,1,1622,0.0006165228113440197
1784,342,9,36,IR,Conf,1,342,3,3,Bernardo,MID,13,3,,0,3,1622,0.0018495684340320592
1785,336,8,24,IR,Conf,1,336,5,5,Szoboszlai,MID,12,5,,0,5,1622,0.0030826140567200987
1786,389,10,29,IR,Conf,1,389,1,1,Zirkzee,FWD,14,1,,0,1,1622,0.0006165228113440197
1787,17,13,19,IR,Conf,0,17,0,0,Saka,MID,1,0,,0,0,1622,0.0
1788,17,15,20,IR,Conf,0,17,0,0,Saka,MID,1,0,,0,0,1622,0.0
1789,17,15,21,IR,Conf,0,17,0,0,Saka,MID,1,0,,0,0,1622,0.0
1790,17,15,22,IR,Conf,0,17,0,0,Saka,MID,1,0,,0,0,1622,0.0
1791,17,15,23,IR,Conf,0,17,0,0,Saka,MID,1,0,,0,0,1622,0.0
1792,17,15,24,IR,Conf,0,17,0,0,Saka,MID,1,0,,0,0,1622,0.0
1793,17,15,25,IR,Conf,0,17,0,0,Saka,MID,1,0,,0,0,1622,0.0
1794,17,15,26,IR,Conf,0,17,0,0,Saka,MID,1,0,,0,0,1622,0.0
1795,17,15,27,IR,Conf,0,17,0,0,Saka,MID,1,0,,0,0,1622,0.0
1796,17,15,28,IR,Conf,0,17,0,0,Saka,MID,1,0,,0,0,1622,0.0
1797,17,15,29,IR,Conf,0,17,0,0,Saka,MID,1,0,,0,0,1622,0.0
1798,17,6,30,IR,Conf,1,17,8,8,Saka,MID,1,8,,0,8,1622,0.004932182490752158
1799,17,6,31,IR,Conf,1,17,1,1,Saka,MID,1,1,,0,1,1622,0.0006165228113440197
1800,17,7,32,IR,Conf,1,17,1,1,Saka,MID,1,1,,0,1,1622,0.0006165228113440197
1801,17,7,33,IR,Conf,1,17,2,2,Saka,MID,1,2,,0,2,1622,0.0012330456226880395
1802,17,14,34,IR,Conf,0,17,0,0,Saka,MID,1,0,,0,0,1622,0.0
1803,17,6,35,IR,Conf,1,17,2,2,Saka,MID,1,2,,0,2,1622,0.0012330456226880395
1804,17,6,36,IR,Conf,1,17,2,2,Saka,MID,1,2,,0,2,1622,0.0012330456226880395
1805,17,6,37,IR,Conf,1,17,3,3,Saka,MID,1,3,,0,3,1622,0.0018495684340320592
1806,17,6,38,IR,Conf,1,17,1,1,Saka,MID,1,1,,0,0,1622,0.0006165228113440197
1807,346,5,35,IR,Conf,1,346,6,6,Doku,MID,13,6,,0,6,1622,0.0036991368680641184
1808,346,5,36,IR,Conf,1,346,1,1,Doku,MID,13,1,,0,0,1622,0.0006165228113440197
1809,220,10,23,IR,Conf,1,220,1,1,Calvert-Lewin,FWD,8,1,,0,1,1622,0.0006165228113440197
1810,220,14,24,IR,Conf,1,220,0,0,Calvert-Lewin,FWD,8,0,,0,0,1622,0.0
1811,392,10,4,IR,Conf,1,392,8,8,Barnes,MID,15,8,,0,8,1622,0.004932182490752158
1812,392,9,5,IR,Conf,1,392,10,10,Barnes,MID,15,10,,0,10,1622,0.006165228113440197
1813,392,14,6,IR,Conf,0,392,2,0,Barnes,MID,15,0,,0,2,1622,0.0
1814,392,7,7,IR,Conf,1,392,3,3,Barnes,MID,15,3,,0,3,1622,0.0018495684340320592
1815,392,7,8,IR,Conf,1,392,1,1,Barnes,MID,15,1,,0,1,1622,0.0006165228113440197
1816,392,5,16,IR,Conf,1,392,1,1,Barnes,MID,15,1,,0,1,1622,0.0006165228113440197
1817,582,4,35,IR,Conf,1,582,0,0,O'Brien,DEF,8,0,,0,0,1622,0.0
1818,16,6,33,IR,Conf,1,16,8,8,Rice,MID,1,8,,0,8,1622,0.004932182490752158
1819,16,9,38,IR,Conf,1,16,2,2,Rice,MID,1,2,,0,2,1622,0.0012330456226880395
1820,251,13,25,IR,Conf,0,251,1,0,Muniz,FWD,9,0,,0,1,1622,0.0
1821,251,9,26,IR,Conf,0,251,1,0,Muniz,FWD,9,1,,0,1,1622,0.0006165228113440197
1822,251,14,27,IR,Conf,0,251,9,0,Muniz,FWD,9,0,,0,9,1622,0.0
1823,251,10,32,IR,Conf,0,251,1,0,Muniz,FWD,9,1,,0,1,1622,0.0006165228113440197
1824,251,13,33,IR,Conf,0,251,0,0,Muniz,FWD,9,0,,0,0,1622,0.0
1825,362,14,17,IR,Conf,0,362,1,0,Stones,DEF,13,0,,0,1,1622,0.0
1826,362,13,18,IR,Conf,1,362,0,0,Stones,DEF,13,0,,0,0,1622,0.0
1827,375,11,34,IR,Conf,1,375,9,9,Højlund,FWD,14,9,,0,9,1622,0.005548705302096177
1828,413,1,1,IR,Conf,1,413,9,9,Pope,GKP,15,9,99.0,1,9,1622,0.005548705302096177
1829,413,1,2,IR,Conf,1,413,3,3,Pope,GKP,15,3,99.0,1,0,1622,0.0018495684340320592
1830,413,1,3,IR,Conf,1,413,4,4,Pope,GKP,15,4,99.0,1,4,1622,0.002466091245376079
1831,413,1,4,IR,Conf,1,413,3,3,Pope,GKP,15,3,99.0,1,3,1622,0.0018495684340320592
1832,413,12,5,IR,Conf,0,413,3,0,Pope,GKP,15,0,99.0,1,3,1622,0.0
1833,413,12,6,IR,Conf,0,413,3,0,Pope,GKP,15,0,99.0,1,0,1622,0.0
1834,413,1,7,IR,Conf,1,413,6,6,Pope,GKP,15,6,99.0,1,6,1622,0.0036991368680641184
1835,413,12,8,IR,Conf,0,413,3,0,Pope,GKP,15,0,99.0,1,3,1622,0.0
1836,413,12,9,IR,Conf,0,413,2,0,Pope,GKP,15,0,99.0,1,0,1622,0.0
1837,413,12,10,IR,Conf,0,413,5,0,Pope,GKP,15,0,99.0,1,5,1622,0.0
1838,413,12,11,IR,Conf,0,413,2,0,Pope,GKP,15,0,99.0,1,2,1622,0.0
1839,413,1,12,IR,Conf,1,413,2,2,Pope,GKP,15,2,99.0,1,0,1622,0.0012330456226880395
1840,413,1,13,IR,Conf,1,413,2,2,Pope,GKP,15,2,99.0,1,2,1622,0.0012330456226880395
1841,413,12,14,IR,Conf,0,413,0,0,Pope,GKP,15,0,99.0,1,0,1622,0.0
1842,413,1,15,IR,Conf,0,413,1,0,Pope,GKP,15,1,99.0,1,1,1622,0.0006165228113440197
1843,413,12,16,IR,Conf,0,413,0,0,Pope,GKP,15,0,99.0,1,0,1622,0.0
1844,413,12,21,IR,Conf,0,413,0,0,Pope,GKP,15,0,99.0,1,0,1622,0.0
1845,413,12,30,IR,Conf,0,413,2,0,Pope,GKP,15,0,99.0,1,2,1622,0.0
1846,413,1,31,IR,Conf,1,413,6,6,Pope,GKP,15,6,99.0,1,6,1622,0.0036991368680641184
1847,413,1,32,IR,Conf,1,413,15,15,Pope,GKP,15,15,99.0,1,15,1622,0.009247842170160296
1848,413,12,33,IR,Conf,0,413,2,0,Pope,GKP,15,0,99.0,1,2,1622,0.0
1849,413,1,34,IR,Conf,1,413,6,6,Pope,GKP,15,6,99.0,1,0,1622,0.0036991368680641184
1850,413,12,35,IR,Conf,0,413,2,0,Pope,GKP,15,0,99.0,1,2,1622,0.0
1851,413,1,36,IR,Conf,0,413,7,0,Pope,GKP,15,7,99.0,1,7,1622,0.004315659679408138
1852,413,12,37,IR,Conf,0,413,3,0,Pope,GKP,15,0,99.0,1,3,1622,0.0
1853,413,1,38,IR,Conf,1,413,3,3,Pope,GKP,15,3,99.0,1,3,1622,0.0018495684340320592
1854,415,2,1,IR,Conf,1,415,-2,-2,Schär,DEF,15,-2,57.0,1,0,1622,-0.0012330456226880395
1855,415,15,2,IR,Conf,0,415,0,0,Schär,DEF,15,0,57.0,1,0,1622,0.0
1856,415,15,3,IR,Conf,0,415,0,0,Schär,DEF,15,0,57.0,1,0,1622,0.0
1857,415,2,8,IR,Conf,1,415,2,2,Schär,DEF,15,2,57.0,1,2,1622,0.0012330456226880395
1858,44,3,1,IR,Conf,1,44,2,2,Konsa,DEF,2,2,84.0,1,2,1622,0.0012330456226880395
1859,44,3,2,IR,Conf,0,44,1,0,Konsa,DEF,2,1,84.0,1,1,1622,0.0006165228113440197
1860,44,4,3,IR,Conf,1,44,2,2,Konsa,DEF,2,2,84.0,1,2,1622,0.0012330456226880395
1861,44,5,4,IR,Conf,1,44,1,1,Konsa,DEF,2,1,84.0,1,0,1622,0.0006165228113440197
1862,44,4,5,IR,Conf,1,44,9,9,Konsa,DEF,2,9,84.0,1,9,1622,0.005548705302096177
1863,44,4,6,IR,Conf,1,44,1,1,Konsa,DEF,2,1,84.0,1,1,1622,0.0006165228113440197
1864,44,5,7,IR,Conf,1,44,1,1,Konsa,DEF,2,1,84.0,1,1,1622,0.0006165228113440197
1865,44,13,8,IR,Conf,0,44,0,0,Konsa,DEF,2,0,84.0,1,0,1622,0.0
1866,44,3,9,IR,Conf,1,44,2,2,Konsa,DEF,2,2,84.0,1,2,1622,0.0012330456226880395
1867,44,13,31,IR,Conf,0,44,1,0,Konsa,DEF,2,0,84.0,1,1,1622,0.0
1868,44,5,32,IR,Conf,1,44,7,7,Konsa,DEF,2,7,84.0,1,7,1622,0.004315659679408138
1869,44,4,33,IR,Conf,1,44,3,3,Konsa,DEF,2,3,84.0,1,3,1622,0.0018495684340320592
1870,333,4,1,IR,Conf,1,333,1,1,Quansah,DEF,12,1,98.0,1,1,1622,0.0006165228113440197
1871,340,5,1,IR,Conf,0,340,6,0,Akanji,DEF,13,6,42.0,1,6,1622,0.0036991368680641184
1872,340,2,2,IR,Conf,1,340,2,2,Akanji,DEF,13,2,42.0,1,2,1622,0.0012330456226880395
1873,340,2,3,IR,Conf,1,340,1,1,Akanji,DEF,13,1,42.0,1,1,1622,0.0006165228113440197
1874,340,3,4,IR,Conf,1,340,2,2,Akanji,DEF,13,2,42.0,1,2,1622,0.0012330456226880395
1875,340,14,5,IR,Conf,0,340,1,0,Akanji,DEF,13,0,42.0,1,1,1622,0.0
1876,340,2,6,IR,Conf,1,340,2,2,Akanji,DEF,13,2,42.0,1,2,1622,0.0012330456226880395
1877,340,2,7,IR,Conf,1,340,2,2,Akanji,DEF,13,2,42.0,1,2,1622,0.0012330456226880395
1878,340,14,8,IR,Conf,1,340,0,0,Akanji,DEF,13,0,42.0,1,0,1622,0.0
1879,340,5,9,IR,Conf,1,340,6,6,Akanji,DEF,13,6,42.0,1,6,1622,0.0036991368680641184
1880,340,2,10,IR,Conf,1,340,1,1,Akanji,DEF,13,1,42.0,1,1,1622,0.0006165228113440197
1881,340,13,11,IR,Conf,1,340,0,0,Akanji,DEF,13,0,42.0,1,0,1622,0.0
1882,340,14,12,IR,Conf,0,340,-1,0,Akanji,DEF,13,0,42.0,1,0,1622,0.0
1883,340,4,13,IR,Conf,0,340,0,0,Akanji,DEF,13,0,42.0,1,0,1622,0.0
1884,340,2,14,IR,Conf,1,340,1,1,Akanji,DEF,13,1,42.0,1,1,1622,0.0006165228113440197
1885,340,14,15,IR,Conf,1,340,0,0,Akanji,DEF,13,0,42.0,1,0,1622,0.0
1886,340,14,16,IR,Conf,0,340,0,0,Akanji,DEF,13,0,42.0,1,0,1622,0.0
1887,340,2,18,IR,Conf,1,340,2,2,Akanji,DEF,13,2,42.0,1,2,1622,0.0012330456226880395
1888,340,3,19,IR,Conf,1,340,7,7,Akanji,DEF,13,7,42.0,1,7,1622,0.004315659679408138
1889,340,2,20,IR,Conf,1,340,2,2,Akanji,DEF,13,2,42.0,1,2,1622,0.0012330456226880395
1890,340,2,21,IR,Conf,1,340,1,1,Akanji,DEF,13,1,42.0,1,1,1622,0.0006165228113440197
1891,340,3,22,IR,Conf,1,340,6,6,Akanji,DEF,13,6,42.0,1,6,1622,0.0036991368680641184
1892,340,4,23,IR,Conf,0,340,2,0,Akanji,DEF,13,2,42.0,1,2,1622,0.0012330456226880395
1893,340,4,24,IR,Conf,0,340,0,0,Akanji,DEF,13,0,42.0,1,0,1622,0.0
1894,340,2,35,IR,Conf,0,340,1,0,Akanji,DEF,13,1,42.0,1,1,1622,0.0006165228113440197
1895,340,3,36,IR,Conf,1,340,6,6,Akanji,DEF,13,6,42.0,1,6,1622,0.0036991368680641184
1896,340,2,37,IR,Conf,1,340,2,2,Akanji,DEF,13,2,42.0,1,2,1622,0.0012330456226880395
1897,340,2,38,IR,Conf,1,340,6,6,Akanji,DEF,13,6,42.0,1,6,1622,0.0036991368680641184
1898,13,6,1,IR,Conf,1,13,3,3,Ødegaard,MID,1,3,15.0,1,3,1622,0.0018495684340320592
1899,13,5,2,IR,Conf,1,13,2,2,Ødegaard,MID,1,2,15.0,1,2,1622,0.0012330456226880395
1900,13,6,3,IR,Conf,1,13,2,2,Ødegaard,MID,1,2,15.0,1,2,1622,0.0012330456226880395
1901,13,15,4,IR,Conf,0,13,0,0,Ødegaard,MID,1,0,15.0,1,0,1622,0.0
1902,13,15,5,IR,Conf,0,13,0,0,Ødegaard,MID,1,0,15.0,1,0,1622,0.0
1903,13,15,6,IR,Conf,0,13,0,0,Ødegaard,MID,1,0,15.0,1,0,1622,0.0
1904,13,15,7,IR,Conf,0,13,0,0,Ødegaard,MID,1,0,15.0,1,0,1622,0.0
1905,13,15,8,IR,Conf,0,13,0,0,Ødegaard,MID,1,0,15.0,1,0,1622,0.0
1906,13,15,9,IR,Conf,0,13,0,0,Ødegaard,MID,1,0,15.0,1,0,1622,0.0
1907,13,15,10,IR,Conf,0,13,0,0,Ødegaard,MID,1,0,15.0,1,0,1622,0.0
1908,13,5,11,IR,Conf,0,13,7,0,Ødegaard,MID,1,7,15.0,1,7,1622,0.004315659679408138
1909,13,6,12,IR,Conf,1,13,6,6,Ødegaard,MID,1,6,15.0,1,6,1622,0.0036991368680641184
1910,13,5,13,IR,Conf,1,13,8,8,Ødegaard,MID,1,8,15.0,1,8,1622,0.004932182490752158
1911,13,5,14,IR,Conf,1,13,3,3,Ødegaard,MID,1,3,15.0,1,3,1622,0.0018495684340320592
1912,13,6,15,IR,Conf,1,13,2,2,Ødegaard,MID,1,2,15.0,1,2,1622,0.0012330456226880395
1913,13,6,16,IR,Conf,1,13,3,3,Ødegaard,MID,1,3,15.0,1,3,1622,0.0018495684340320592
1914,13,6,17,IR,Conf,1,13,2,2,Ødegaard,MID,1,2,15.0,1,2,1622,0.0012330456226880395
1915,13,6,18,IR,Conf,1,13,3,3,Ødegaard,MID,1,3,15.0,1,3,1622,0.0018495684340320592
1916,13,7,19,IR,Conf,1,13,2,2,Ødegaard,MID,1,2,15.0,1,2,1622,0.0012330456226880395
1917,13,7,20,IR,Conf,1,13,1,1,Ødegaard,MID,1,1,15.0,1,1,1622,0.0006165228113440197
1918,13,8,21,IR,Conf,1,13,8,8,Ødegaard,MID,1,8,15.0,1,8,1622,0.004932182490752158
1919,13,6,22,IR,Conf,1,13,2,2,Ødegaard,MID,1,2,15.0,1,2,1622,0.0012330456226880395
1920,13,14,23,IR,Conf,1,13,0,0,Ødegaard,MID,1,0,15.0,1,0,1622,0.0
1921,13,9,24,IR,Conf,0,13,6,0,Ødegaard,MID,1,6,15.0,1,6,1622,0.0036991368680641184
1922,13,9,25,IR,Conf,1,13,3,3,Ødegaard,MID,1,3,15.0,1,3,1622,0.0018495684340320592
1923,13,5,26,IR,Conf,1,13,2,2,Ødegaard,MID,1,2,15.0,1,2,1622,0.0012330456226880395
1924,13,13,27,IR,Conf,0,13,3,0,Ødegaard,MID,1,0,15.0,1,3,1622,0.0
1925,199,7,1,IR,Conf,1,199,2,2,Eze,MID,7,2,29.0,1,2,1622,0.0012330456226880395
1926,199,6,2,IR,Conf,1,199,2,2,Eze,MID,7,2,29.0,1,2,1622,0.0012330456226880395
1927,199,9,3,IR,Conf,0,199,10,0,Eze,MID,7,10,29.0,1,10,1622,0.006165228113440197
1928,199,7,4,IR,Conf,1,199,2,2,Eze,MID,7,2,29.0,1,2,1622,0.0012330456226880395
1929,199,6,5,IR,Conf,1,199,3,3,Eze,MID,7,3,29.0,1,3,1622,0.0018495684340320592
1930,199,7,6,IR,Conf,1,199,2,2,Eze,MID,7,2,29.0,1,2,1622,0.0012330456226880395
1931,199,9,7,IR,Conf,0,199,2,0,Eze,MID,7,2,29.0,1,2,1622,0.0012330456226880395
1932,199,5,8,IR,Conf,1,199,2,2,Eze,MID,7,2,29.0,1,2,1622,0.0012330456226880395
1933,199,6,9,IR,Conf,1,199,6,6,Eze,MID,7,6,29.0,1,6,1622,0.0036991368680641184
1934,199,13,10,IR,Conf,1,199,0,0,Eze,MID,7,0,29.0,1,0,1622,0.0
1935,199,15,11,IR,Conf,0,199,0,0,Eze,MID,7,0,29.0,1,0,1622,0.0
1936,199,15,12,IR,Conf,0,199,0,0,Eze,MID,7,0,29.0,1,0,1622,0.0
1937,199,9,13,IR,Conf,0,199,2,0,Eze,MID,7,2,29.0,1,2,1622,0.0012330456226880395
1938,199,6,14,IR,Conf,1,199,6,6,Eze,MID,7,6,29.0,1,6,1622,0.0036991368680641184
1939,199,5,15,IR,Conf,0,199,2,0,Eze,MID,7,2,29.0,1,2,1622,0.0012330456226880395
1940,385,8,1,IR,Conf,1,385,3,3,Rashford,MID,2,3,43.0,1,3,1622,0.0018495684340320592
1941,385,7,2,IR,Conf,1,385,2,2,Rashford,MID,2,2,43.0,1,2,1622,0.0012330456226880395
1942,385,14,3,IR,Conf,0,385,2,0,Rashford,MID,2,0,43.0,1,2,1622,0.0
1943,385,9,4,IR,Conf,1,385,8,8,Rashford,MID,2,8,43.0,1,8,1622,0.004932182490752158
1944,385,8,5,IR,Conf,1,385,1,1,Rashford,MID,2,1,43.0,1,1,1622,0.0006165228113440197
1945,385,8,6,IR,Conf,1,385,2,2,Rashford,MID,2,2,43.0,1,2,1622,0.0012330456226880395
1946,385,6,7,IR,Conf,0,385,2,0,Rashford,MID,2,2,43.0,1,2,1622,0.0012330456226880395
1947,385,6,8,IR,Conf,1,385,6,6,Rashford,MID,2,6,43.0,1,6,1622,0.0036991368680641184
1948,385,9,9,IR,Conf,1,385,1,1,Rashford,MID,2,1,43.0,1,1,1622,0.0006165228113440197
1949,385,6,10,IR,Conf,1,385,2,2,Rashford,MID,2,2,43.0,1,2,1622,0.0012330456226880395
1950,385,6,11,IR,Conf,1,385,1,1,Rashford,MID,2,1,43.0,1,0,1622,0.0006165228113440197
1951,385,7,12,IR,Conf,1,385,8,8,Rashford,MID,2,8,43.0,1,8,1622,0.004932182490752158
1952,385,6,13,IR,Conf,1,385,14,14,Rashford,MID,2,14,43.0,1,14,1622,0.008631319358816275
1953,385,7,14,IR,Conf,1,385,1,1,Rashford,MID,2,1,43.0,1,1,1622,0.0006165228113440197
1954,385,7,15,IR,Conf,1,385,1,1,Rashford,MID,2,1,43.0,1,1,1622,0.0006165228113440197
1955,385,13,16,IR,Conf,0,385,0,0,Rashford,MID,2,0,43.0,1,0,1622,0.0
1956,385,13,17,IR,Conf,0,385,0,0,Rashford,MID,2,0,43.0,1,0,1622,0.0
1957,28,9,1,IR,Conf,1,28,1,1,Bailey,MID,2,1,56.0,1,1,1622,0.0006165228113440197
1958,28,9,2,IR,Conf,0,28,2,0,Bailey,MID,2,2,56.0,1,2,1622,0.0012330456226880395
1959,28,7,3,IR,Conf,1,28,1,1,Bailey,MID,2,1,56.0,1,1,1622,0.0006165228113440197
1960,351,10,1,IR,Conf,1,351,7,7,Haaland,FWD,13,7,1.0,1,7,1622,0.004315659679408138
1961,351,10,2,IR,Conf,1,351,17,17,Haaland,FWD,13,17,1.0,1,17,1622,0.010480887792848335
1962,351,10,3,IR,Conf,1,351,17,17,Haaland,FWD,13,17,1.0,1,17,1622,0.010480887792848335
1963,351,11,4,IR,Conf,1,351,13,13,Haaland,FWD,13,13,1.0,1,13,1622,0.008014796547472256
1964,351,11,5,IR,Conf,1,351,9,9,Haaland,FWD,13,9,1.0,1,9,1622,0.005548705302096177
1965,351,10,6,IR,Conf,1,351,2,2,Haaland,FWD,13,2,1.0,1,2,1622,0.0012330456226880395
1966,351,10,7,IR,Conf,1,351,2,2,Haaland,FWD,13,2,1.0,1,2,1622,0.0012330456226880395
1967,351,10,8,IR,Conf,1,351,2,2,Haaland,FWD,13,2,1.0,1,2,1622,0.0012330456226880395
1968,351,11,9,IR,Conf,1,351,6,6,Haaland,FWD,13,6,1.0,1,6,1622,0.0036991368680641184
1969,351,9,10,IR,Conf,1,351,2,2,Haaland,FWD,13,2,1.0,1,2,1622,0.0012330456226880395
1970,351,9,11,IR,Conf,1,351,5,5,Haaland,FWD,13,5,1.0,1,5,1622,0.0030826140567200987
1971,351,11,12,IR,Conf,1,351,2,2,Haaland,FWD,13,2,1.0,1,2,1622,0.0012330456226880395
1972,351,10,13,IR,Conf,1,351,2,2,Haaland,FWD,13,2,1.0,1,2,1622,0.0012330456226880395
1973,351,10,14,IR,Conf,1,351,5,5,Haaland,FWD,13,5,1.0,1,5,1622,0.0030826140567200987
1974,351,10,15,IR,Conf,1,351,7,7,Haaland,FWD,13,7,1.0,1,7,1622,0.004315659679408138
1975,351,11,16,IR,Conf,1,351,2,2,Haaland,FWD,13,2,1.0,1,2,1622,0.0012330456226880395
1976,351,11,17,IR,Conf,1,351,2,2,Haaland,FWD,13,2,1.0,1,2,1622,0.0012330456226880395
1977,351,9,18,IR,Conf,1,351,0,0,Haaland,FWD,13,0,1.0,1,0,1622,0.0
1978,351,10,19,IR,Conf,1,351,8,8,Haaland,FWD,13,8,1.0,1,8,1622,0.004932182490752158
1979,351,11,20,IR,Conf,1,351,13,13,Haaland,FWD,13,13,1.0,1,13,1622,0.008014796547472256
1980,351,11,21,IR,Conf,1,351,2,2,Haaland,FWD,13,2,1.0,1,2,1622,0.0012330456226880395
1981,351,10,22,IR,Conf,1,351,6,6,Haaland,FWD,13,6,1.0,1,6,1622,0.0036991368680641184
1982,351,9,23,IR,Conf,1,351,12,12,Haaland,FWD,13,12,1.0,1,12,1622,0.007398273736128237
1983,351,10,24,IR,Conf,1,351,6,6,Haaland,FWD,13,6,1.0,1,6,1622,0.0036991368680641184
1984,351,11,25,IR,Conf,1,351,5,5,Haaland,FWD,13,5,1.0,1,5,1622,0.0030826140567200987
1985,351,10,26,IR,Conf,1,351,0,0,Haaland,FWD,13,0,1.0,1,0,1622,0.0
1986,351,10,27,IR,Conf,1,351,8,8,Haaland,FWD,13,8,1.0,1,8,1622,0.004932182490752158
1987,351,11,28,IR,Conf,1,351,2,2,Haaland,FWD,13,2,1.0,1,2,1622,0.0012330456226880395
1988,351,11,29,IR,Conf,1,351,7,7,Haaland,FWD,13,7,1.0,1,7,1622,0.004315659679408138
1989,351,15,30,IR,Conf,0,351,0,0,Haaland,FWD,13,0,1.0,1,0,1622,0.0
1990,351,15,31,IR,Conf,0,351,0,0,Haaland,FWD,13,0,1.0,1,0,1622,0.0
1991,351,15,32,IR,Conf,0,351,0,0,Haaland,FWD,13,0,1.0,1,0,1622,0.0
1992,351,15,33,IR,Conf,0,351,0,0,Haaland,FWD,13,0,1.0,1,0,1622,0.0
1993,351,15,34,IR,Conf,0,351,0,0,Haaland,FWD,13,0,1.0,1,0,1622,0.0
1994,351,13,35,IR,Conf,0,351,0,0,Haaland,FWD,13,0,1.0,1,0,1622,0.0
1995,351,10,36,IR,Conf,1,351,2,2,Haaland,FWD,13,2,1.0,1,2,1622,0.0012330456226880395
1996,351,10,37,IR,Conf,1,351,2,2,Haaland,FWD,13,2,1.0,1,2,1622,0.0012330456226880395
1997,351,10,38,IR,Conf,1,351,6,6,Haaland,FWD,13,6,1.0,1,6,1622,0.0036991368680641184
1998,82,11,1,IR,Conf,1,82,2,2,Solanke,FWD,18,2,14.0,1,2,1622,0.0012330456226880395
1999,82,13,2,IR,Conf,1,82,0,0,Solanke,FWD,18,0,14.0,1,0,1622,0.0
2000,82,13,3,IR,Conf,1,82,0,0,Solanke,FWD,18,0,14.0,1,0,1622,0.0
2001,82,14,4,IR,Conf,0,82,2,0,Solanke,FWD,18,0,14.0,1,2,1622,0.0
2002,82,10,5,IR,Conf,1,82,6,6,Solanke,FWD,18,6,14.0,1,6,1622,0.0036991368680641184
2003,82,11,6,IR,Conf,1,82,6,6,Solanke,FWD,18,6,14.0,1,6,1622,0.0036991368680641184
2004,82,11,7,IR,Conf,1,82,5,5,Solanke,FWD,18,5,14.0,1,5,1622,0.0030826140567200987
2005,82,11,8,IR,Conf,1,82,2,2,Solanke,FWD,18,2,14.0,1,2,1622,0.0012330456226880395
2006,82,10,9,IR,Conf,1,82,2,2,Solanke,FWD,18,2,14.0,1,2,1622,0.0012330456226880395
2007,82,10,10,IR,Conf,1,82,16,16,Solanke,FWD,18,16,14.0,1,16,1622,0.009864364981504316
2008,82,10,11,IR,Conf,1,82,2,2,Solanke,FWD,18,2,14.0,1,2,1622,0.0012330456226880395
2009,82,13,12,IR,Conf,0,82,5,0,Solanke,FWD,18,0,14.0,1,5,1622,0.0
2010,82,13,13,IR,Conf,1,82,0,0,Solanke,FWD,18,0,14.0,1,0,1622,0.0
2011,82,11,14,IR,Conf,1,82,2,2,Solanke,FWD,18,2,14.0,1,2,1622,0.0012330456226880395
2012,82,11,15,IR,Conf,1,82,6,6,Solanke,FWD,18,6,14.0,1,6,1622,0.0036991368680641184
2013,82,10,16,IR,Conf,1,82,5,5,Solanke,FWD,18,5,14.0,1,5,1622,0.0030826140567200987
2014,82,10,17,IR,Conf,1,82,9,9,Solanke,FWD,18,9,14.0,1,9,1622,0.005548705302096177
2015,82,10,18,IR,Conf,1,82,2,2,Solanke,FWD,18,2,14.0,1,2,1622,0.0012330456226880395
2016,82,11,19,IR,Conf,1,82,2,2,Solanke,FWD,18,2,14.0,1,2,1622,0.0012330456226880395
2017,82,10,20,IR,Conf,1,82,9,9,Solanke,FWD,18,9,14.0,1,9,1622,0.005548705302096177
2018,82,10,21,IR,Conf,1,82,0,0,Solanke,FWD,18,0,14.0,1,0,1622,0.0
2019,82,14,22,IR,Conf,1,82,0,0,Solanke,FWD,18,0,14.0,1,0,1622,0.0
2020,508,12,1,IR,Conf,0,508,2,0,Vicario,GKP,18,0,85.0,1,0,1622,0.0
2021,508,12,2,IR,Conf,0,508,6,0,Vicario,GKP,18,0,85.0,1,6,1622,0.0
2022,508,12,3,IR,Conf,0,508,1,0,Vicario,GKP,18,0,85.0,1,0,1622,0.0
2023,508,12,4,IR,Conf,0,508,2,0,Vicario,GKP,18,0,85.0,1,0,1622,0.0
2024,508,1,5,IR,Conf,1,508,3,3,Vicario,GKP,18,3,85.0,1,0,1622,0.0018495684340320592
2025,508,1,6,IR,Conf,1,508,6,6,Vicario,GKP,18,6,85.0,1,6,1622,0.0036991368680641184
2026,508,12,7,IR,Conf,0,508,1,0,Vicario,GKP,18,0,85.0,1,0,1622,0.0
2027,508,1,8,IR,Conf,1,508,2,2,Vicario,GKP,18,2,85.0,1,0,1622,0.0012330456226880395
2028,508,1,9,IR,Conf,1,508,3,3,Vicario,GKP,18,3,85.0,1,3,1622,0.0018495684340320592
2029,508,1,10,IR,Conf,1,508,2,2,Vicario,GKP,18,2,85.0,1,0,1622,0.0012330456226880395
2030,508,1,11,IR,Conf,1,508,1,1,Vicario,GKP,18,1,85.0,1,0,1622,0.0006165228113440197
2031,508,12,12,IR,Conf,0,508,8,0,Vicario,GKP,18,0,85.0,1,8,1622,0.0
2032,508,12,13,IR,Conf,0,508,0,0,Vicario,GKP,18,0,85.0,1,0,1622,0.0
2033,508,1,35,IR,Conf,1,508,2,2,Vicario,GKP,18,2,85.0,1,0,1622,0.0012330456226880395
2034,508,12,36,IR,Conf,1,508,0,0,Vicario,GKP,18,0,85.0,1,0,1622,0.0
2035,316,13,1,IR,Conf,1,316,0,0,Darwin,FWD,12,0,28.0,1,0,1622,0.0
2036,316,11,2,IR,Conf,1,316,1,1,Darwin,FWD,12,1,28.0,1,1,1622,0.0006165228113440197
2037,316,11,3,IR,Conf,1,316,1,1,Darwin,FWD,12,1,28.0,1,0,1622,0.0006165228113440197
2038,316,13,4,IR,Conf,0,316,1,0,Darwin,FWD,12,0,28.0,1,0,1622,0.0
2039,316,13,5,IR,Conf,0,316,6,0,Darwin,FWD,12,0,28.0,1,6,1622,0.0
2040,316,13,6,IR,Conf,1,316,0,0,Darwin,FWD,12,0,28.0,1,0,1622,0.0
2041,316,14,7,IR,Conf,1,316,0,0,Darwin,FWD,12,0,28.0,1,0,1622,0.0
2042,316,9,8,IR,Conf,0,316,1,0,Darwin,FWD,12,1,28.0,1,1,1622,0.0006165228113440197
2043,316,13,9,IR,Conf,0,316,4,0,Darwin,FWD,12,0,28.0,1,4,1622,0.0
2044,316,11,10,IR,Conf,1,316,2,2,Darwin,FWD,12,2,28.0,1,2,1622,0.0012330456226880395
2045,316,11,11,IR,Conf,1,316,7,7,Darwin,FWD,12,7,28.0,1,7,1622,0.004315659679408138
2046,316,10,12,IR,Conf,1,316,2,2,Darwin,FWD,12,2,28.0,1,2,1622,0.0012330456226880395
2047,316,11,13,IR,Conf,1,316,1,1,Darwin,FWD,12,1,28.0,1,1,1622,0.0006165228113440197
2048,316,13,14,IR,Conf,0,316,1,0,Darwin,FWD,12,0,28.0,1,0,1622,0.0
2049,316,13,15,IR,Conf,0,316,0,0,Darwin,FWD,12,0,28.0,1,0,1622,0.0
2050,316,9,16,IR,Conf,1,316,3,3,Darwin,FWD,12,3,28.0,1,3,1622,0.0018495684340320592
2051,316,9,17,IR,Conf,1,316,1,1,Darwin,FWD,12,1,28.0,1,1,1622,0.0006165228113440197
2052,316,11,18,IR,Conf,1,316,2,2,Darwin,FWD,12,2,28.0,1,2,1622,0.0012330456226880395
2053,316,15,19,IR,Conf,1,316,0,0,Darwin,FWD,12,0,28.0,1,0,1622,0.0
2054,316,10,28,IR,Conf,1,316,10,10,Darwin,FWD,12,10,28.0,1,10,1622,0.006165228113440197
2055,316,10,31,IR,Conf,1,316,1,1,Darwin,FWD,12,1,28.0,1,1,1622,0.0006165228113440197
2056,341,14,1,IR,Conf,0,341,0,0,Aké,DEF,13,0,71.0,1,0,1622,0.0
2057,341,14,2,IR,Conf,1,341,0,0,Aké,DEF,13,0,71.0,1,0,1622,0.0
2058,341,2,19,IR,Conf,1,341,6,6,Aké,DEF,13,6,71.0,1,6,1622,0.0036991368680641184
2059,341,4,20,IR,Conf,1,341,6,6,Aké,DEF,13,6,71.0,1,6,1622,0.0036991368680641184
2060,341,4,21,IR,Conf,1,341,1,1,Aké,DEF,13,1,71.0,1,0,1622,0.0006165228113440197
2061,341,13,22,IR,Conf,1,341,0,0,Aké,DEF,13,0,71.0,1,0,1622,0.0
2062,181,15,1,IR,Conf,0,181,1,0,Nkunku,MID,6,0,70.0,1,1,1622,0.0
2063,181,8,2,IR,Conf,1,181,1,1,Nkunku,MID,6,1,70.0,1,1,1622,0.0006165228113440197
2064,181,9,15,IR,Conf,1,181,1,1,Nkunku,MID,6,1,70.0,1,1,1622,0.0006165228113440197
2065,181,9,27,IR,Conf,1,181,12,12,Nkunku,MID,6,12,70.0,1,12,1622,0.007398273736128237
2066,181,6,28,IR,Conf,1,181,3,3,Nkunku,MID,6,3,70.0,1,3,1622,0.0018495684340320592
2067,163,3,27,IR,Conf,1,163,15,15,Cucurella,DEF,6,15,,0,15,1622,0.009247842170160296
2068,163,3,28,IR,Conf,1,163,15,15,Cucurella,DEF,6,15,,0,15,1622,0.009247842170160296
2069,369,5,27,IR,Conf,1,369,4,4,Dalot,DEF,14,4,,0,4,1622,0.002466091245376079
2070,369,2,29,IR,Conf,1,369,11,11,Dalot,DEF,14,11,,0,11,1622,0.006781750924784217
2071,418,3,30,IR,Conf,1,418,2,2,Trippier,DEF,15,2,,0,2,1622,0.0012330456226880395
2072,418,3,31,IR,Conf,1,418,6,6,Trippier,DEF,15,6,,0,6,1622,0.0036991368680641184
2073,418,4,32,IR,Conf,1,418,12,12,Trippier,DEF,15,12,,0,12,1622,0.007398273736128237
2074,418,3,33,IR,Conf,1,418,0,0,Trippier,DEF,15,0,,0,0,1622,0.0
2075,418,3,34,IR,Conf,1,418,15,15,Trippier,DEF,15,15,,0,15,1622,0.009247842170160296
2076,418,3,35,IR,Conf,1,418,2,2,Trippier,DEF,15,2,,0,2,1622,0.0012330456226880395
2077,418,14,36,IR,Conf,0,418,0,0,Trippier,DEF,15,0,,0,0,1622,0.0
2078,418,14,37,IR,Conf,0,418,0,0,Trippier,DEF,15,0,,0,0,1622,0.0
2079,418,4,38,IR,Conf,1,418,1,1,Trippier,DEF,15,1,,0,0,1622,0.0006165228113440197
2080,322,3,16,IR,Conf,1,322,1,1,Gomez,DEF,12,1,,0,1,1622,0.0006165228113440197
2081,322,3,17,IR,Conf,1,322,1,1,Gomez,DEF,12,1,,0,1,1622,0.0006165228113440197
2082,322,4,18,IR,Conf,1,322,1,1,Gomez,DEF,12,1,,0,1,1622,0.0006165228113440197
2083,322,5,19,IR,Conf,1,322,1,1,Gomez,DEF,12,1,,0,1,1622,0.0006165228113440197
2084,594,14,10,IR,Conf,0,594,2,0,Mazraoui,DEF,14,0,,0,2,1622,0.0
2085,594,3,11,IR,Conf,1,594,8,8,Mazraoui,DEF,14,8,,0,8,1622,0.004932182490752158
2086,594,4,12,IR,Conf,1,594,2,2,Mazraoui,DEF,14,2,,0,2,1622,0.0012330456226880395
2087,594,3,13,IR,Conf,1,594,1,1,Mazraoui,DEF,14,1,,0,1,1622,0.0006165228113440197
2088,594,4,14,IR,Conf,0,594,1,0,Mazraoui,DEF,14,1,,0,1,1622,0.0006165228113440197
2089,594,3,15,IR,Conf,1,594,1,1,Mazraoui,DEF,14,1,,0,1,1622,0.0006165228113440197
2090,594,2,17,IR,Conf,1,594,1,1,Mazraoui,DEF,14,1,,0,0,1622,0.0006165228113440197
2091,594,6,21,IR,Conf,1,594,2,2,Mazraoui,DEF,14,2,,0,2,1622,0.0012330456226880395
2092,594,4,29,IR,Conf,1,594,6,6,Mazraoui,DEF,14,6,,0,6,1622,0.0036991368680641184
2093,594,4,36,IR,Conf,1,594,1,1,Mazraoui,DEF,14,1,,0,1,1622,0.0006165228113440197
2094,185,12,27,IR,Conf,1,185,0,0,Sánchez,GKP,6,0,,0,0,1622,0.0
2095,185,12,31,IR,Conf,0,185,6,0,Sánchez,GKP,6,0,,0,0,1622,0.0
2096,185,12,32,IR,Conf,0,185,1,0,Sánchez,GKP,6,0,,0,0,1622,0.0
2097,185,1,33,IR,Conf,1,185,2,2,Sánchez,GKP,6,2,,0,0,1622,0.0012330456226880395
2098,185,12,34,IR,Conf,0,185,9,0,Sánchez,GKP,6,0,,0,9,1622,0.0
2099,255,4,2,IR,Conf,1,255,7,7,Robinson,DEF,9,7,,0,7,1622,0.004315659679408138
2100,255,5,3,IR,Conf,1,255,4,4,Robinson,DEF,9,4,,0,4,1622,0.002466091245376079
2101,255,4,4,IR,Conf,1,255,2,2,Robinson,DEF,9,2,,0,2,1622,0.0012330456226880395
2102,403,9,22,IR,Conf,1,403,1,1,Joelinton,MID,15,1,,0,1,1622,0.0006165228113440197
2103,403,8,23,IR,Conf,1,403,2,2,Joelinton,MID,15,2,,0,2,1622,0.0012330456226880395
2104,403,7,34,IR,Conf,1,403,0,0,Joelinton,MID,15,0,,0,0,1622,0.0
2105,19,8,20,IR,Conf,1,19,1,1,Smith Rowe,MID,9,1,,0,1,1622,0.0006165228113440197
2106,19,14,21,IR,Conf,0,19,2,0,Smith Rowe,MID,9,0,,0,2,1622,0.0
2107,6,5,6,IR,Conf,1,6,4,4,J.Timber,DEF,1,4,,0,4,1622,0.002466091245376079
2108,6,13,7,IR,Conf,1,6,0,0,J.Timber,DEF,1,0,,0,0,1622,0.0
2109,6,4,8,IR,Conf,1,6,0,0,J.Timber,DEF,1,0,,0,0,1622,0.0
2110,6,15,35,IR,Conf,0,6,0,0,J.Timber,DEF,1,0,,0,0,1622,0.0
2111,6,15,36,IR,Conf,0,6,0,0,J.Timber,DEF,1,0,,0,0,1622,0.0
2112,6,15,37,IR,Conf,0,6,0,0,J.Timber,DEF,1,0,,0,0,1622,0.0
2113,6,15,38,IR,Conf,0,6,0,0,J.Timber,DEF,1,0,,0,0,1622,0.0
2114,326,3,3,IR,Conf,1,326,6,6,Konaté,DEF,12,6,,0,6,1622,0.0036991368680641184
2115,326,2,4,IR,Conf,1,326,2,2,Konaté,DEF,12,2,,0,2,1622,0.0012330456226880395
2116,326,2,5,IR,Conf,1,326,8,8,Konaté,DEF,12,8,,0,8,1622,0.004932182490752158
2117,326,3,6,IR,Conf,1,326,7,7,Konaté,DEF,12,7,,0,7,1622,0.004315659679408138
2118,326,4,7,IR,Conf,1,326,6,6,Konaté,DEF,12,6,,0,6,1622,0.0036991368680641184
2119,326,3,8,IR,Conf,1,326,1,1,Konaté,DEF,12,1,,0,1,1622,0.0006165228113440197
2120,326,14,9,IR,Conf,0,326,1,0,Konaté,DEF,12,0,,0,0,1622,0.0
2121,326,4,10,IR,Conf,1,326,1,1,Konaté,DEF,12,1,,0,1,1622,0.0006165228113440197
2122,326,14,11,IR,Conf,0,326,6,0,Konaté,DEF,12,0,,0,6,1622,0.0
2123,326,5,12,IR,Conf,1,326,0,0,Konaté,DEF,12,0,,0,0,1622,0.0
2124,326,15,13,IR,Conf,0,326,0,0,Konaté,DEF,12,0,,0,0,1622,0.0
2125,326,15,14,IR,Conf,0,326,0,0,Konaté,DEF,12,0,,0,0,1622,0.0
2126,326,15,15,IR,Conf,0,326,0,0,Konaté,DEF,12,0,,0,0,1622,0.0
2127,326,15,16,IR,Conf,0,326,0,0,Konaté,DEF,12,0,,0,0,1622,0.0
2128,326,15,17,IR,Conf,0,326,0,0,Konaté,DEF,12,0,,0,0,1622,0.0
2129,326,15,18,IR,Conf,0,326,0,0,Konaté,DEF,12,0,,0,0,1622,0.0
2130,326,2,23,IR,Conf,1,326,5,5,Konaté,DEF,12,5,,0,5,1622,0.0030826140567200987
2131,326,2,24,IR,Conf,1,326,7,7,Konaté,DEF,12,7,,0,7,1622,0.004315659679408138
2132,326,4,25,IR,Conf,1,326,1,1,Konaté,DEF,12,1,,0,0,1622,0.0006165228113440197
2133,326,3,26,IR,Conf,0,326,6,0,Konaté,DEF,12,6,,0,6,1622,0.0036991368680641184
2134,326,2,27,IR,Conf,1,326,6,6,Konaté,DEF,12,6,,0,6,1622,0.0036991368680641184
2135,326,2,28,IR,Conf,1,326,2,2,Konaté,DEF,12,2,,0,0,1622,0.0012330456226880395
2136,326,13,29,IR,Conf,0,326,0,0,Konaté,DEF,12,0,,0,0,1622,0.0
2137,326,2,30,IR,Conf,1,326,6,6,Konaté,DEF,12,6,,0,6,1622,0.0036991368680641184
2138,326,2,31,IR,Conf,1,326,1,1,Konaté,DEF,12,1,,0,1,1622,0.0006165228113440197
2139,326,2,32,IR,Conf,1,326,2,2,Konaté,DEF,12,2,,0,2,1622,0.0012330456226880395
2140,326,2,33,IR,Conf,1,326,9,9,Konaté,DEF,12,9,,0,9,1622,0.005548705302096177
2141,326,2,34,IR,Conf,1,326,2,2,Konaté,DEF,12,2,,0,2,1622,0.0012330456226880395
2142,326,14,35,IR,Conf,1,326,0,0,Konaté,DEF,12,0,,0,0,1622,0.0
2143,326,2,36,IR,Conf,1,326,1,1,Konaté,DEF,12,1,,0,1,1622,0.0006165228113440197
2144,326,3,37,IR,Conf,1,326,1,1,Konaté,DEF,12,1,,0,1,1622,0.0006165228113440197
2145,326,3,38,IR,Conf,1,326,2,2,Konaté,DEF,12,2,,0,2,1622,0.0012330456226880395
2146,54,8,3,IR,Conf,1,54,2,2,Rogers,MID,2,2,,0,2,1622,0.0012330456226880395
2147,54,8,4,IR,Conf,1,54,2,2,Rogers,MID,2,2,,0,2,1622,0.0012330456226880395
2148,54,7,5,IR,Conf,1,54,10,10,Rogers,MID,2,10,,0,10,1622,0.006165228113440197
2149,54,9,6,IR,Conf,1,54,7,7,Rogers,MID,2,7,,0,7,1622,0.004315659679408138
2150,54,8,7,IR,Conf,1,54,3,3,Rogers,MID,2,3,,0,3,1622,0.0018495684340320592
2151,54,8,8,IR,Conf,1,54,6,6,Rogers,MID,2,6,,0,6,1622,0.0036991368680641184
2152,54,8,9,IR,Conf,1,54,1,1,Rogers,MID,2,1,,0,0,1622,0.0006165228113440197
2153,36,6,19,IR,Conf,0,36,1,0,Digne,DEF,2,1,,0,1,1622,0.0006165228113440197
2154,36,3,20,IR,Conf,1,36,2,2,Digne,DEF,2,2,,0,2,1622,0.0012330456226880395
2155,36,3,21,IR,Conf,1,36,6,6,Digne,DEF,2,6,,0,6,1622,0.0036991368680641184
2156,36,5,22,IR,Conf,0,36,4,0,Digne,DEF,2,4,,0,4,1622,0.002466091245376079
2157,36,3,23,IR,Conf,1,36,2,2,Digne,DEF,2,2,,0,2,1622,0.0012330456226880395
2158,36,3,24,IR,Conf,1,36,1,1,Digne,DEF,2,1,,0,1,1622,0.0006165228113440197
2159,36,2,25,IR,Conf,1,36,5,5,Digne,DEF,2,5,,0,5,1622,0.0030826140567200987
2160,36,13,26,IR,Conf,1,36,0,0,Digne,DEF,2,0,,0,0,1622,0.0
2161,36,4,27,IR,Conf,1,36,1,1,Digne,DEF,2,1,,0,0,1622,0.0006165228113440197
2162,36,13,28,IR,Conf,0,36,6,0,Digne,DEF,2,0,,0,6,1622,0.0
2163,36,14,31,IR,Conf,0,36,0,0,Digne,DEF,2,0,,0,0,1622,0.0
2164,36,13,32,IR,Conf,1,36,0,0,Digne,DEF,2,0,,0,0,1622,0.0
2165,36,5,33,IR,Conf,1,36,0,0,Digne,DEF,2,0,,0,0,1622,0.0
2166,145,6,4,IR,Conf,1,145,7,7,Veltman,DEF,5,7,,0,7,1622,0.004315659679408138
2167,145,5,5,IR,Conf,1,145,1,1,Veltman,DEF,5,1,,0,0,1622,0.0006165228113440197
2168,145,3,12,IR,Conf,1,145,2,2,Veltman,DEF,5,2,,0,2,1622,0.0012330456226880395
2169,145,14,13,IR,Conf,1,145,0,0,Veltman,DEF,5,0,,0,0,1622,0.0
2170,145,14,14,IR,Conf,1,145,0,0,Veltman,DEF,5,0,,0,0,1622,0.0
2171,145,4,15,IR,Conf,1,145,0,0,Veltman,DEF,5,0,,0,0,1622,0.0
2172,145,14,26,IR,Conf,1,145,0,0,Veltman,DEF,5,0,,0,0,1622,0.0
2173,189,3,5,IR,Conf,1,189,0,0,W.Fofana,DEF,6,0,,0,0,1622,0.0
2174,11,10,30,IR,Conf,0,11,1,0,Nketiah,FWD,7,1,,0,1,1622,0.0006165228113440197
2175,162,6,6,IR,Conf,0,162,1,0,Colwill,DEF,6,1,,0,0,1622,0.0006165228113440197
2176,162,3,7,IR,Conf,1,162,1,1,Colwill,DEF,6,1,,0,1,1622,0.0006165228113440197
2177,85,3,25,IR,Conf,1,85,2,2,Zabarnyi,DEF,3,2,,0,2,1622,0.0012330456226880395
2178,85,2,26,IR,Conf,1,85,-2,-2,Zabarnyi,DEF,3,-2,,0,0,1622,-0.0012330456226880395
2179,85,5,29,IR,Conf,1,85,1,1,Zabarnyi,DEF,3,1,,0,1,1622,0.0006165228113440197
2180,85,4,30,IR,Conf,1,85,1,1,Zabarnyi,DEF,3,1,,0,0,1622,0.0006165228113440197
2181,230,5,37,IR,Conf,1,230,6,6,McNeil,MID,8,6,,0,6,1622,0.0036991368680641184
2182,349,5,31,IR,Conf,1,349,1,1,Grealish,MID,13,1,,0,1,1622,0.0006165228113440197
2183,349,14,32,IR,Conf,0,349,1,0,Grealish,MID,13,0,,0,1,1622,0.0
2184,533,4,9,IR,Conf,1,533,6,6,Aït-Nouri,DEF,20,6,,0,6,1622,0.0036991368680641184
2185,533,3,10,IR,Conf,1,533,1,1,Aït-Nouri,DEF,20,1,,0,0,1622,0.0006165228113440197
2186,533,2,11,IR,Conf,1,533,6,6,Aït-Nouri,DEF,20,6,,0,6,1622,0.0036991368680641184
2187,533,2,12,IR,Conf,1,533,2,2,Aït-Nouri,DEF,20,2,,0,2,1622,0.0012330456226880395
2188,533,2,13,IR,Conf,1,533,0,0,Aït-Nouri,DEF,20,0,,0,0,1622,0.0
2189,533,3,14,IR,Conf,1,533,0,0,Aït-Nouri,DEF,20,0,,0,0,1622,0.0
2190,533,2,15,IR,Conf,1,533,4,4,Aït-Nouri,DEF,20,4,,0,4,1622,0.002466091245376079
2191,533,2,16,IR,Conf,1,533,-2,-2,Aït-Nouri,DEF,20,-2,,0,0,1622,-0.0012330456226880395
2192,201,1,37,IR,Conf,1,201,1,1,Henderson,GKP,7,1,,0,0,1622,0.0006165228113440197
2193,201,12,38,IR,Conf,0,201,2,0,Henderson,GKP,7,0,,0,0,1622,0.0
2194,247,8,10,IR,Conf,1,247,2,2,Iwobi,MID,9,2,,0,2,1622,0.0012330456226880395
2195,247,8,11,IR,Conf,1,247,5,5,Iwobi,MID,9,5,,0,5,1622,0.0030826140567200987
2196,247,8,12,IR,Conf,1,247,7,7,Iwobi,MID,9,7,,0,7,1622,0.004315659679408138
2197,247,8,13,IR,Conf,1,247,5,5,Iwobi,MID,9,5,,0,5,1622,0.0030826140567200987
2198,247,9,14,IR,Conf,1,247,15,15,Iwobi,MID,9,15,,0,15,1622,0.009247842170160296
2199,144,4,26,IR,Conf,1,144,7,7,Van Hecke,DEF,5,7,,0,7,1622,0.004315659679408138
2200,325,1,14,IR,Conf,1,325,2,2,Kelleher,GKP,12,2,,0,2,1622,0.0012330456226880395
2201,325,12,15,IR,Conf,1,325,0,0,Kelleher,GKP,12,0,,0,0,1622,0.0
2202,325,1,16,IR,Conf,1,325,0,0,Kelleher,GKP,12,0,,0,0,1622,0.0
2203,152,1,29,IR,Conf,1,152,1,1,Arrizabalaga,GKP,3,1,,0,1,1622,0.0006165228113440197
2204,152,1,30,IR,Conf,1,152,1,1,Arrizabalaga,GKP,3,1,,0,0,1622,0.0006165228113440197
2205,168,7,16,IR,Conf,1,168,5,5,Enzo,MID,6,5,,0,5,1622,0.0030826140567200987
2206,168,7,17,IR,Conf,1,168,3,3,Enzo,MID,6,3,,0,3,1622,0.0018495684340320592
2207,168,8,18,IR,Conf,1,168,2,2,Enzo,MID,6,2,,0,2,1622,0.0012330456226880395
2208,168,9,19,IR,Conf,1,168,1,1,Enzo,MID,6,1,,0,1,1622,0.0006165228113440197
2209,241,5,34,IR,Conf,1,241,2,2,Bassey,DEF,9,2,,0,2,1622,0.0012330456226880395
2210,396,1,17,IR,Conf,1,396,6,6,Dúbravka,GKP,15,6,,0,6,1622,0.0036991368680641184
2211,396,1,18,IR,Conf,1,396,6,6,Dúbravka,GKP,15,6,,0,6,1622,0.0036991368680641184
2212,396,1,19,IR,Conf,1,396,6,6,Dúbravka,GKP,15,6,,0,6,1622,0.0036991368680641184
2213,396,12,20,IR,Conf,0,396,3,0,Dúbravka,GKP,15,0,,0,3,1622,0.0
2214,396,1,22,IR,Conf,1,396,2,2,Dúbravka,GKP,15,2,,0,0,1622,0.0012330456226880395
2215,396,1,23,IR,Conf,1,396,3,3,Dúbravka,GKP,15,3,,0,3,1622,0.0018495684340320592
2216,396,1,24,IR,Conf,1,396,1,1,Dúbravka,GKP,15,1,,0,0,1622,0.0006165228113440197
2217,396,12,25,IR,Conf,0,396,1,0,Dúbravka,GKP,15,0,,0,0,1622,0.0
2218,396,12,26,IR,Conf,0,396,0,0,Dúbravka,GKP,15,0,,0,0,1622,0.0
2219,417,5,17,IR,Conf,1,417,3,3,Tonali,MID,15,3,,0,3,1622,0.0018495684340320592
2220,417,14,18,IR,Conf,0,417,3,0,Tonali,MID,15,0,,0,3,1622,0.0
2221,432,5,18,IR,Conf,0,432,11,0,Elanga,MID,16,11,,0,11,1622,0.006781750924784217
2222,432,8,19,IR,Conf,1,432,6,6,Elanga,MID,16,6,,0,6,1622,0.0036991368680641184
2223,432,9,20,IR,Conf,1,432,6,6,Elanga,MID,16,6,,0,6,1622,0.0036991368680641184
2224,432,13,21,IR,Conf,0,432,7,0,Elanga,MID,16,0,,0,7,1622,0.0
2225,432,7,22,IR,Conf,1,432,2,2,Elanga,MID,16,2,,0,2,1622,0.0012330456226880395
2226,432,6,23,IR,Conf,1,432,2,2,Elanga,MID,16,2,,0,2,1622,0.0012330456226880395
2227,432,6,24,IR,Conf,1,432,13,13,Elanga,MID,16,13,,0,13,1622,0.008014796547472256
2228,432,7,25,IR,Conf,1,432,2,2,Elanga,MID,16,2,,0,2,1622,0.0012330456226880395
2229,432,6,26,IR,Conf,1,432,2,2,Elanga,MID,16,2,,0,2,1622,0.0012330456226880395
2230,432,7,27,IR,Conf,1,432,3,3,Elanga,MID,16,3,,0,0,1622,0.0018495684340320592
2231,432,7,28,IR,Conf,1,432,3,3,Elanga,MID,16,3,,0,3,1622,0.0018495684340320592
2232,432,7,29,IR,Conf,1,432,16,16,Elanga,MID,16,16,,0,16,1622,0.009864364981504316
2233,432,7,30,IR,Conf,1,432,11,11,Elanga,MID,16,11,,0,11,1622,0.006781750924784217
2234,432,7,31,IR,Conf,1,432,1,1,Elanga,MID,16,1,,0,0,1622,0.0006165228113440197
2235,432,8,32,IR,Conf,1,432,1,1,Elanga,MID,16,1,,0,0,1622,0.0006165228113440197
2236,432,8,33,IR,Conf,1,432,4,4,Elanga,MID,16,4,,0,4,1622,0.002466091245376079
2237,432,9,34,IR,Conf,1,432,2,2,Elanga,MID,16,2,,0,2,1622,0.0012330456226880395
2238,432,7,35,IR,Conf,1,432,2,2,Elanga,MID,16,2,,0,2,1622,0.0012330456226880395
2239,432,7,36,IR,Conf,1,432,7,7,Elanga,MID,16,7,,0,7,1622,0.004315659679408138
2240,432,7,37,IR,Conf,1,432,5,5,Elanga,MID,16,5,,0,5,1622,0.0030826140567200987
2241,432,7,38,IR,Conf,1,432,2,2,Elanga,MID,16,2,,0,2,1622,0.0012330456226880395
2242,585,9,28,IR,Conf,1,585,11,11,I.Sarr,MID,7,11,,0,11,1622,0.006781750924784217
2243,585,9,29,IR,Conf,1,585,0,0,I.Sarr,MID,7,0,,0,0,1622,0.0
2244,585,5,30,IR,Conf,1,585,2,2,I.Sarr,MID,7,2,,0,2,1622,0.0012330456226880395
2245,585,9,31,IR,Conf,1,585,2,2,I.Sarr,MID,7,2,,0,2,1622,0.0012330456226880395
2246,585,6,32,IR,Conf,1,585,7,7,I.Sarr,MID,7,7,,0,7,1622,0.004315659679408138
2247,585,10,33,IR,Conf,1,585,3,3,I.Sarr,MID,7,3,,0,3,1622,0.0018495684340320592
2248,245,5,20,IR,Conf,1,245,1,1,Diop,DEF,9,1,,0,0,1622,0.0006165228113440197
2249,393,14,20,IR,Conf,0,393,1,0,Botman,DEF,15,0,,0,0,1622,0.0
2250,393,5,21,IR,Conf,1,393,6,6,Botman,DEF,15,6,,0,6,1622,0.0036991368680641184
2251,393,4,22,IR,Conf,1,393,0,0,Botman,DEF,15,0,,0,0,1622,0.0
2252,393,13,23,IR,Conf,1,393,0,0,Botman,DEF,15,0,,0,0,1622,0.0
2253,393,13,24,IR,Conf,1,393,0,0,Botman,DEF,15,0,,0,0,1622,0.0
2254,393,14,25,IR,Conf,0,393,0,0,Botman,DEF,15,0,,0,0,1622,0.0
2255,231,2,22,IR,Conf,0,231,1,0,Mykolenko,DEF,8,1,,0,1,1622,0.0006165228113440197
2256,231,5,23,IR,Conf,0,231,6,0,Mykolenko,DEF,8,6,,0,6,1622,0.0036991368680641184
2257,231,5,24,IR,Conf,1,231,7,7,Mykolenko,DEF,8,7,,0,7,1622,0.004315659679408138
2258,74,9,30,IR,Conf,1,74,2,2,O.Dango,MID,3,2,,0,2,1622,0.0012330456226880395
2259,581,1,28,IR,Conf,1,581,0,0,Jørgensen,GKP,6,0,,0,0,1622,0.0
2260,313,5,25,IR,Conf,1,313,2,2,Bradley,DEF,12,2,,0,2,1622,0.0012330456226880395
2261,57,6,25,IR,Conf,1,57,12,12,Tielemans,MID,2,12,,0,12,1622,0.007398273736128237
2262,218,10,35,IR,Conf,1,218,6,6,Beto,FWD,8,6,,0,6,1622,0.0036991368680641184
2263,218,13,36,IR,Conf,0,218,8,0,Beto,FWD,8,0,,0,8,1622,0.0
2264,218,9,37,IR,Conf,1,218,2,2,Beto,FWD,8,2,,0,2,1622,0.0012330456226880395
2265,218,13,38,IR,Conf,0,218,2,0,Beto,FWD,8,0,,0,2,1622,0.0
2266,650,4,37,IR,Conf,1,650,1,1,Lacroix,DEF,7,1,,0,1,1622,0.0006165228113440197
2267,650,14,38,IR,Conf,0,650,2,0,Lacroix,DEF,7,0,,0,2,1622,0.0
2268,633,8,26,IR,Conf,1,633,2,2,Merino,MID,1,2,,0,2,1622,0.0012330456226880395
2269,187,6,27,IR,Conf,1,187,9,9,Tosin,DEF,6,9,,0,9,1622,0.005548705302096177
2270,187,5,28,IR,Conf,1,187,7,7,Tosin,DEF,6,7,,0,7,1622,0.004315659679408138
2271,194,4,28,IR,Conf,1,194,6,6,C.Richards,DEF,7,6,,0,6,1622,0.0036991368680641184
2272,732,3,29,IR,Conf,1,732,-1,-1,Khusanov,DEF,13,-1,,0,0,1622,-0.0006165228113440197
2273,732,13,30,IR,Conf,1,732,0,0,Khusanov,DEF,13,0,,0,0,1622,0.0
2274,553,6,29,IR,Conf,1,553,2,2,J.Gomes,MID,20,2,,0,2,1622,0.0012330456226880395
2275,191,4,34,IR,Conf,1,191,2,2,Andersen,DEF,9,2,,0,2,1622,0.0012330456226880395
2276,240,8,34,IR,Conf,1,240,1,1,Andreas,MID,9,1,,0,1,1622,0.0006165228113440197
2277,217,9,35,IR,Conf,1,217,0,0,A.Doucoure,MID,8,0,,0,0,1622,0.0
2278,224,8,37,IR,Conf,1,224,1,1,Harrison,MID,8,1,,0,0,1622,0.0006165228113440197
2279,83,8,38,IR,Conf,1,83,4,4,Tavernier,MID,3,4,,0,4,1622,0.002466091245376079
2280,505,14,17,LB,Conf,0,505,0,0,Udogie,DEF,18,0,,0,0,1743,0.0
2281,505,15,18,LB,Conf,0,505,2,0,Udogie,DEF,18,0,,0,2,1743,0.0
2282,505,15,19,LB,Conf,0,505,1,0,Udogie,DEF,18,0,,0,1,1743,0.0
2283,347,1,1,LB,Conf,1,347,8,8,Ederson M.,GKP,13,8,53.0,1,8,1743,0.004589787722317842
2284,347,1,2,LB,Conf,1,347,2,2,Ederson M.,GKP,13,2,53.0,1,2,1743,0.0011474469305794606
2285,347,1,3,LB,Conf,1,347,2,2,Ederson M.,GKP,13,2,53.0,1,2,1743,0.0011474469305794606
2286,347,1,4,LB,Conf,1,347,7,7,Ederson M.,GKP,13,7,53.0,1,7,1743,0.004016064257028112
2287,347,1,5,LB,Conf,1,347,0,0,Ederson M.,GKP,13,0,53.0,1,0,1743,0.0
2288,347,1,6,LB,Conf,1,347,2,2,Ederson M.,GKP,13,2,53.0,1,2,1743,0.0011474469305794606
2289,347,1,7,LB,Conf,1,347,0,0,Ederson M.,GKP,13,0,53.0,1,0,1743,0.0
2290,347,1,8,LB,Conf,1,347,2,2,Ederson M.,GKP,13,2,53.0,1,0,1743,0.0011474469305794606
2291,347,1,9,LB,Conf,1,347,6,6,Ederson M.,GKP,13,6,53.0,1,6,1743,0.0034423407917383822
2292,347,1,10,LB,Conf,1,347,2,2,Ederson M.,GKP,13,2,53.0,1,2,1743,0.0011474469305794606
2293,347,1,11,LB,Conf,1,347,1,1,Ederson M.,GKP,13,1,53.0,1,0,1743,0.0005737234652897303
2294,347,1,12,LB,Conf,1,347,1,1,Ederson M.,GKP,13,1,53.0,1,0,1743,0.0005737234652897303
2295,347,12,13,LB,Conf,0,347,0,0,Ederson M.,GKP,13,0,53.0,1,0,1743,0.0
2296,347,12,14,LB,Conf,1,347,0,0,Ederson M.,GKP,13,0,53.0,1,0,1743,0.0
2297,347,1,15,LB,Conf,1,347,0,0,Ederson M.,GKP,13,0,53.0,1,0,1743,0.0
2298,347,12,16,LB,Conf,0,347,1,0,Ederson M.,GKP,13,0,53.0,1,0,1743,0.0
2299,347,12,17,LB,Conf,1,347,0,0,Ederson M.,GKP,13,0,53.0,1,0,1743,0.0
2300,347,12,18,LB,Conf,0,347,0,0,Ederson M.,GKP,13,0,53.0,1,0,1743,0.0
2301,347,12,19,LB,Conf,0,347,0,0,Ederson M.,GKP,13,0,53.0,1,0,1743,0.0
2302,347,12,20,LB,Conf,0,347,0,0,Ederson M.,GKP,13,0,53.0,1,0,1743,0.0
2303,347,12,21,LB,Conf,0,347,0,0,Ederson M.,GKP,13,0,53.0,1,0,1743,0.0
2304,347,12,22,LB,Conf,0,347,7,0,Ederson M.,GKP,13,0,53.0,1,7,1743,0.0
2305,347,12,23,LB,Conf,0,347,8,0,Ederson M.,GKP,13,0,53.0,1,8,1743,0.0
2306,347,12,24,LB,Conf,0,347,0,0,Ederson M.,GKP,13,0,53.0,1,0,1743,0.0
2307,347,12,25,LB,Conf,0,347,11,0,Ederson M.,GKP,13,0,53.0,1,11,1743,0.0
2308,347,12,26,LB,Conf,0,347,1,0,Ederson M.,GKP,13,0,53.0,1,1,1743,0.0
2309,347,12,27,LB,Conf,0,347,11,0,Ederson M.,GKP,13,0,53.0,1,11,1743,0.0
2310,347,12,28,LB,Conf,0,347,3,0,Ederson M.,GKP,13,0,53.0,1,3,1743,0.0
2311,347,12,29,LB,Conf,0,347,0,0,Ederson M.,GKP,13,0,53.0,1,0,1743,0.0
2312,347,1,30,LB,Conf,1,347,6,6,Ederson M.,GKP,13,6,53.0,1,6,1743,0.0034423407917383822
2313,347,12,31,LB,Conf,0,347,6,0,Ederson M.,GKP,13,0,53.0,1,6,1743,0.0
2314,347,12,32,LB,Conf,0,347,4,0,Ederson M.,GKP,13,0,53.0,1,0,1743,0.0
2315,347,12,33,LB,Conf,1,347,0,0,Ederson M.,GKP,13,0,53.0,1,0,1743,0.0
2316,347,12,35,LB,Conf,0,347,6,0,Ederson M.,GKP,13,0,53.0,1,6,1743,0.0
2317,347,1,36,LB,Conf,1,347,6,6,Ederson M.,GKP,13,6,53.0,1,6,1743,0.0034423407917383822
2318,347,12,37,LB,Conf,0,347,1,0,Ederson M.,GKP,13,0,53.0,1,0,1743,0.0
2319,347,1,38,LB,Conf,1,347,7,7,Ederson M.,GKP,13,7,53.0,1,0,1743,0.004016064257028112
2320,24,2,1,LB,Conf,1,24,6,6,White,DEF,1,6,18.0,1,6,1743,0.0034423407917383822
2321,24,2,2,LB,Conf,1,24,6,6,White,DEF,1,6,18.0,1,6,1743,0.0034423407917383822
2322,24,2,3,LB,Conf,1,24,2,2,White,DEF,1,2,18.0,1,2,1743,0.0011474469305794606
2323,24,2,4,LB,Conf,1,24,6,6,White,DEF,1,6,18.0,1,6,1743,0.0034423407917383822
2324,24,13,5,LB,Conf,0,24,1,0,White,DEF,1,0,18.0,1,1,1743,0.0
2325,24,13,6,LB,Conf,1,24,0,0,White,DEF,1,0,18.0,1,0,1743,0.0
2326,24,13,7,LB,Conf,1,24,0,0,White,DEF,1,0,18.0,1,0,1743,0.0
2327,24,3,8,LB,Conf,1,24,0,0,White,DEF,1,0,18.0,1,0,1743,0.0
2328,24,14,9,LB,Conf,0,24,4,0,White,DEF,1,0,18.0,1,4,1743,0.0
2329,24,2,10,LB,Conf,1,24,1,1,White,DEF,1,1,18.0,1,1,1743,0.0005737234652897303
2330,24,2,11,LB,Conf,1,24,1,1,White,DEF,1,1,18.0,1,1,1743,0.0005737234652897303
2331,24,14,12,LB,Conf,0,24,0,0,White,DEF,1,0,18.0,1,0,1743,0.0
2332,24,14,13,LB,Conf,0,24,0,0,White,DEF,1,0,18.0,1,0,1743,0.0
2333,24,15,14,LB,Conf,0,24,0,0,White,DEF,1,0,18.0,1,0,1743,0.0
2334,24,15,15,LB,Conf,0,24,0,0,White,DEF,1,0,18.0,1,0,1743,0.0
2335,24,13,28,LB,Conf,1,24,0,0,White,DEF,1,0,18.0,1,0,1743,0.0
2336,24,14,29,LB,Conf,1,24,0,0,White,DEF,1,0,18.0,1,0,1743,0.0
2337,350,3,1,LB,Conf,1,350,7,7,Gvardiol,DEF,13,7,25.0,1,7,1743,0.004016064257028112
2338,350,3,2,LB,Conf,1,350,2,2,Gvardiol,DEF,13,2,25.0,1,2,1743,0.0011474469305794606
2339,350,3,3,LB,Conf,1,350,2,2,Gvardiol,DEF,13,2,25.0,1,2,1743,0.0011474469305794606
2340,350,3,4,LB,Conf,1,350,1,1,Gvardiol,DEF,13,1,25.0,1,1,1743,0.0005737234652897303
2341,350,2,5,LB,Conf,1,350,1,1,Gvardiol,DEF,13,1,25.0,1,1,1743,0.0005737234652897303
2342,350,3,6,LB,Conf,1,350,9,9,Gvardiol,DEF,13,9,25.0,1,9,1743,0.0051635111876075735
2343,350,3,7,LB,Conf,1,350,1,1,Gvardiol,DEF,13,1,25.0,1,1,1743,0.0005737234652897303
2344,350,2,8,LB,Conf,1,350,10,10,Gvardiol,DEF,13,10,25.0,1,10,1743,0.005737234652897304
2345,350,2,9,LB,Conf,1,350,9,9,Gvardiol,DEF,13,9,25.0,1,9,1743,0.0051635111876075735
2346,350,3,10,LB,Conf,1,350,7,7,Gvardiol,DEF,13,7,25.0,1,7,1743,0.004016064257028112
2347,350,3,11,LB,Conf,1,350,1,1,Gvardiol,DEF,13,1,25.0,1,1,1743,0.0005737234652897303
2348,350,2,12,LB,Conf,1,350,0,0,Gvardiol,DEF,13,0,25.0,1,0,1743,0.0
2349,350,2,13,LB,Conf,1,350,0,0,Gvardiol,DEF,13,0,25.0,1,0,1743,0.0
2350,350,2,14,LB,Conf,1,350,6,6,Gvardiol,DEF,13,6,25.0,1,6,1743,0.0034423407917383822
2351,350,2,15,LB,Conf,1,350,1,1,Gvardiol,DEF,13,1,25.0,1,1,1743,0.0005737234652897303
2352,350,14,16,LB,Conf,0,350,7,0,Gvardiol,DEF,13,0,25.0,1,7,1743,0.0
2353,350,3,17,LB,Conf,1,350,0,0,Gvardiol,DEF,13,0,25.0,1,0,1743,0.0
2354,350,4,18,LB,Conf,1,350,2,2,Gvardiol,DEF,13,2,25.0,1,2,1743,0.0011474469305794606
2355,350,4,19,LB,Conf,1,350,6,6,Gvardiol,DEF,13,6,25.0,1,6,1743,0.0034423407917383822
2356,350,3,20,LB,Conf,1,350,2,2,Gvardiol,DEF,13,2,25.0,1,2,1743,0.0011474469305794606
2357,350,3,21,LB,Conf,1,350,1,1,Gvardiol,DEF,13,1,25.0,1,1,1743,0.0005737234652897303
2358,350,2,22,LB,Conf,1,350,6,6,Gvardiol,DEF,13,6,25.0,1,6,1743,0.0034423407917383822
2359,350,4,23,LB,Conf,1,350,8,8,Gvardiol,DEF,13,8,25.0,1,8,1743,0.004589787722317842
2360,350,3,24,LB,Conf,1,350,0,0,Gvardiol,DEF,13,0,25.0,1,0,1743,0.0
2361,350,3,25,LB,Conf,1,350,6,6,Gvardiol,DEF,13,6,25.0,1,6,1743,0.0034423407917383822
2362,350,5,26,LB,Conf,1,350,1,1,Gvardiol,DEF,13,1,25.0,1,1,1743,0.0005737234652897303
2363,350,5,27,LB,Conf,1,350,7,7,Gvardiol,DEF,13,7,25.0,1,7,1743,0.004016064257028112
2364,350,3,28,LB,Conf,1,350,2,2,Gvardiol,DEF,13,2,25.0,1,2,1743,0.0011474469305794606
2365,350,3,29,LB,Conf,1,350,1,1,Gvardiol,DEF,13,1,25.0,1,1,1743,0.0005737234652897303
2366,350,4,30,LB,Conf,1,350,6,6,Gvardiol,DEF,13,6,25.0,1,6,1743,0.0034423407917383822
2367,350,2,31,LB,Conf,1,350,9,9,Gvardiol,DEF,13,9,25.0,1,9,1743,0.0051635111876075735
2368,350,2,32,LB,Conf,1,350,1,1,Gvardiol,DEF,13,1,25.0,1,1,1743,0.0005737234652897303
2369,350,2,33,LB,Conf,1,350,7,7,Gvardiol,DEF,13,7,25.0,1,7,1743,0.004016064257028112
2370,350,13,34,LB,Conf,0,350,0,0,Gvardiol,DEF,13,0,25.0,1,0,1743,0.0
2371,350,4,35,LB,Conf,1,350,8,8,Gvardiol,DEF,13,8,25.0,1,8,1743,0.004589787722317842
2372,350,3,36,LB,Conf,1,350,6,6,Gvardiol,DEF,13,6,25.0,1,6,1743,0.0034423407917383822
2373,350,3,37,LB,Conf,1,350,2,2,Gvardiol,DEF,13,2,25.0,1,2,1743,0.0011474469305794606
2374,350,3,38,LB,Conf,1,350,8,8,Gvardiol,DEF,13,8,25.0,1,8,1743,0.004589787722317842
2375,506,4,1,LB,Conf,1,506,2,2,Van de Ven,DEF,18,2,39.0,1,2,1743,0.0011474469305794606
2376,506,13,2,LB,Conf,0,506,9,0,Van de Ven,DEF,18,0,39.0,1,9,1743,0.0
2377,506,13,3,LB,Conf,1,506,0,0,Van de Ven,DEF,18,0,39.0,1,0,1743,0.0
2378,506,14,4,LB,Conf,0,506,1,0,Van de Ven,DEF,18,0,39.0,1,1,1743,0.0
2379,506,4,5,LB,Conf,1,506,1,1,Van de Ven,DEF,18,1,39.0,1,1,1743,0.0005737234652897303
2380,506,4,6,LB,Conf,1,506,11,11,Van de Ven,DEF,18,11,39.0,1,11,1743,0.006310958118187034
2381,506,4,7,LB,Conf,1,506,1,1,Van de Ven,DEF,18,1,39.0,1,1,1743,0.0005737234652897303
2382,506,4,8,LB,Conf,1,506,1,1,Van de Ven,DEF,18,1,39.0,1,1,1743,0.0005737234652897303
2383,506,3,9,LB,Conf,1,506,1,1,Van de Ven,DEF,18,1,39.0,1,1,1743,0.0005737234652897303
2384,506,15,10,LB,Conf,0,506,0,0,Van de Ven,DEF,18,0,39.0,1,0,1743,0.0
2385,506,15,11,LB,Conf,0,506,0,0,Van de Ven,DEF,18,0,39.0,1,0,1743,0.0
2386,409,5,1,LB,Conf,1,409,7,7,Livramento,DEF,15,7,81.0,1,7,1743,0.004016064257028112
2387,409,4,2,LB,Conf,1,409,1,1,Livramento,DEF,15,1,81.0,1,1,1743,0.0005737234652897303
2388,409,4,3,LB,Conf,1,409,2,2,Livramento,DEF,15,2,81.0,1,2,1743,0.0011474469305794606
2389,409,4,4,LB,Conf,1,409,2,2,Livramento,DEF,15,2,81.0,1,2,1743,0.0011474469305794606
2390,409,3,5,LB,Conf,1,409,1,1,Livramento,DEF,15,1,81.0,1,1,1743,0.0005737234652897303
2391,409,2,6,LB,Conf,0,409,1,0,Livramento,DEF,15,1,81.0,1,1,1743,0.0005737234652897303
2392,409,2,7,LB,Conf,0,409,1,0,Livramento,DEF,15,1,81.0,1,1,1743,0.0005737234652897303
2393,182,6,1,LB,Conf,1,182,2,2,Palmer,MID,6,2,4.0,1,2,1743,0.0011474469305794606
2394,182,5,2,LB,Conf,1,182,17,17,Palmer,MID,6,17,4.0,1,17,1743,0.009753298909925417
2395,182,5,3,LB,Conf,1,182,6,6,Palmer,MID,6,6,4.0,1,6,1743,0.0034423407917383822
2396,182,6,4,LB,Conf,1,182,3,3,Palmer,MID,6,3,4.0,1,3,1743,0.0017211703958691911
2397,182,6,5,LB,Conf,1,182,8,8,Palmer,MID,6,8,4.0,1,8,1743,0.004589787722317842
2398,182,5,6,LB,Conf,1,182,25,25,Palmer,MID,6,25,4.0,1,25,1743,0.01434308663224326
2399,182,5,7,LB,Conf,1,182,6,6,Palmer,MID,6,6,4.0,1,6,1743,0.0034423407917383822
2400,182,6,8,LB,Conf,1,182,2,2,Palmer,MID,6,2,4.0,1,2,1743,0.0011474469305794606
2401,182,6,9,LB,Conf,1,182,10,10,Palmer,MID,6,10,4.0,1,10,1743,0.005737234652897304
2402,182,5,10,LB,Conf,1,182,3,3,Palmer,MID,6,3,4.0,1,3,1743,0.0017211703958691911
2403,182,5,11,LB,Conf,1,182,2,2,Palmer,MID,6,2,4.0,1,2,1743,0.0011474469305794606
2404,182,6,12,LB,Conf,1,182,2,2,Palmer,MID,6,2,4.0,1,2,1743,0.0011474469305794606
2405,182,6,13,LB,Conf,1,182,14,14,Palmer,MID,6,14,4.0,1,14,1743,0.008032128514056224
2406,182,6,14,LB,Conf,1,182,7,7,Palmer,MID,6,7,4.0,1,7,1743,0.004016064257028112
2407,182,6,15,LB,Conf,1,182,18,18,Palmer,MID,6,18,4.0,1,18,1743,0.010327022375215147
2408,182,7,16,LB,Conf,1,182,3,3,Palmer,MID,6,3,4.0,1,3,1743,0.0017211703958691911
2409,182,5,17,LB,Conf,1,182,3,3,Palmer,MID,6,3,4.0,1,3,1743,0.0017211703958691911
2410,182,8,18,LB,Conf,1,182,10,10,Palmer,MID,6,10,4.0,1,10,1743,0.005737234652897304
2411,182,8,19,LB,Conf,1,182,2,2,Palmer,MID,6,2,4.0,1,2,1743,0.0011474469305794606
2412,182,7,20,LB,Conf,1,182,10,10,Palmer,MID,6,10,4.0,1,10,1743,0.005737234652897304
2413,182,5,21,LB,Conf,1,182,10,10,Palmer,MID,6,10,4.0,1,10,1743,0.005737234652897304
2414,182,7,22,LB,Conf,1,182,2,2,Palmer,MID,6,2,4.0,1,2,1743,0.0011474469305794606
2415,182,7,23,LB,Conf,1,182,2,2,Palmer,MID,6,2,4.0,1,2,1743,0.0011474469305794606
2416,182,7,24,LB,Conf,1,182,6,6,Palmer,MID,6,6,4.0,1,6,1743,0.0034423407917383822
2417,182,7,25,LB,Conf,1,182,2,2,Palmer,MID,6,2,4.0,1,2,1743,0.0011474469305794606
2418,182,9,26,LB,Conf,1,182,2,2,Palmer,MID,6,2,4.0,1,2,1743,0.0011474469305794606
2419,182,9,27,LB,Conf,1,182,3,3,Palmer,MID,6,3,4.0,1,3,1743,0.0017211703958691911
2420,182,6,28,LB,Conf,1,182,1,1,Palmer,MID,6,1,4.0,1,1,1743,0.0005737234652897303
2421,182,6,29,LB,Conf,1,182,0,0,Palmer,MID,6,0,4.0,1,0,1743,0.0
2422,182,10,30,LB,Conf,1,182,6,6,Palmer,MID,6,6,4.0,1,6,1743,0.0034423407917383822
2423,182,6,31,LB,Conf,1,182,1,1,Palmer,MID,6,1,4.0,1,1,1743,0.0005737234652897303
2424,182,5,32,LB,Conf,1,182,4,4,Palmer,MID,6,4,4.0,1,4,1743,0.002294893861158921
2425,182,5,33,LB,Conf,1,182,2,2,Palmer,MID,6,2,4.0,1,2,1743,0.0011474469305794606
2426,182,6,34,LB,Conf,1,182,3,3,Palmer,MID,6,3,4.0,1,3,1743,0.0017211703958691911
2427,182,9,35,LB,Conf,1,182,10,10,Palmer,MID,6,10,4.0,1,10,1743,0.005737234652897304
2428,182,8,36,LB,Conf,1,182,2,2,Palmer,MID,6,2,4.0,1,2,1743,0.0011474469305794606
2429,182,8,37,LB,Conf,1,182,2,2,Palmer,MID,6,2,4.0,1,2,1743,0.0011474469305794606
2430,182,5,38,LB,Conf,1,182,3,3,Palmer,MID,6,3,4.0,1,3,1743,0.0017211703958691911
2431,398,7,1,LB,Conf,1,398,3,3,Gordon,MID,15,3,11.0,1,3,1743,0.0017211703958691911
2432,398,6,2,LB,Conf,1,398,10,10,Gordon,MID,15,10,11.0,1,10,1743,0.005737234652897304
2433,398,6,3,LB,Conf,1,398,2,2,Gordon,MID,15,2,11.0,1,2,1743,0.0011474469305794606
2434,398,7,4,LB,Conf,1,398,2,2,Gordon,MID,15,2,11.0,1,2,1743,0.0011474469305794606
2435,398,7,5,LB,Conf,1,398,2,2,Gordon,MID,15,2,11.0,1,2,1743,0.0011474469305794606
2436,398,6,6,LB,Conf,1,398,9,9,Gordon,MID,15,9,11.0,1,9,1743,0.0051635111876075735
2437,398,6,7,LB,Conf,1,398,1,1,Gordon,MID,15,1,11.0,1,1,1743,0.0005737234652897303
2438,398,7,8,LB,Conf,1,398,2,2,Gordon,MID,15,2,11.0,1,2,1743,0.0011474469305794606
2439,398,13,9,LB,Conf,1,398,0,0,Gordon,MID,15,0,11.0,1,0,1743,0.0
2440,398,6,10,LB,Conf,1,398,6,6,Gordon,MID,15,6,11.0,1,6,1743,0.0034423407917383822
2441,398,6,11,LB,Conf,1,398,2,2,Gordon,MID,15,2,11.0,1,2,1743,0.0011474469305794606
2442,398,7,12,LB,Conf,1,398,2,2,Gordon,MID,15,2,11.0,1,2,1743,0.0011474469305794606
2443,398,7,13,LB,Conf,1,398,5,5,Gordon,MID,15,5,11.0,1,5,1743,0.002868617326448652
2444,398,7,14,LB,Conf,1,398,8,8,Gordon,MID,15,8,11.0,1,8,1743,0.004589787722317842
2445,398,7,15,LB,Conf,1,398,1,1,Gordon,MID,15,1,11.0,1,0,1743,0.0005737234652897303
2446,398,8,16,LB,Conf,1,398,6,6,Gordon,MID,15,6,11.0,1,6,1743,0.0034423407917383822
2447,398,6,17,LB,Conf,1,398,6,6,Gordon,MID,15,6,11.0,1,6,1743,0.0034423407917383822
2448,398,9,18,LB,Conf,1,398,10,10,Gordon,MID,15,10,11.0,1,10,1743,0.005737234652897304
2449,398,9,19,LB,Conf,1,398,6,6,Gordon,MID,15,6,11.0,1,6,1743,0.0034423407917383822
2450,398,8,20,LB,Conf,1,398,7,7,Gordon,MID,15,7,11.0,1,7,1743,0.004016064257028112
2451,398,6,21,LB,Conf,1,398,9,9,Gordon,MID,15,9,11.0,1,9,1743,0.0051635111876075735
2452,398,8,22,LB,Conf,1,398,2,2,Gordon,MID,15,2,11.0,1,2,1743,0.0011474469305794606
2453,398,8,23,LB,Conf,1,398,5,5,Gordon,MID,15,5,11.0,1,5,1743,0.002868617326448652
2454,398,8,24,LB,Conf,1,398,1,1,Gordon,MID,15,1,11.0,1,1,1743,0.0005737234652897303
2455,398,9,25,LB,Conf,0,398,2,0,Gordon,MID,15,2,11.0,1,2,1743,0.0011474469305794606
2456,398,7,26,LB,Conf,1,398,2,2,Gordon,MID,15,2,11.0,1,2,1743,0.0011474469305794606
2457,398,7,27,LB,Conf,1,398,2,2,Gordon,MID,15,2,11.0,1,2,1743,0.0011474469305794606
2458,398,7,34,LB,Conf,1,398,1,1,Gordon,MID,15,1,11.0,1,1,1743,0.0005737234652897303
2459,398,8,35,LB,Conf,1,398,1,1,Gordon,MID,15,1,11.0,1,0,1743,0.0005737234652897303
2460,342,8,1,LB,Conf,1,342,6,6,Bernardo,MID,13,6,46.0,1,6,1743,0.0034423407917383822
2461,342,7,2,LB,Conf,1,342,2,2,Bernardo,MID,13,2,46.0,1,2,1743,0.0011474469305794606
2462,342,7,3,LB,Conf,1,342,7,7,Bernardo,MID,13,7,46.0,1,7,1743,0.004016064257028112
2463,342,8,4,LB,Conf,1,342,1,1,Bernardo,MID,13,1,46.0,1,1,1743,0.0005737234652897303
2464,342,8,5,LB,Conf,1,342,1,1,Bernardo,MID,13,1,46.0,1,0,1743,0.0005737234652897303
2465,342,7,6,LB,Conf,1,342,2,2,Bernardo,MID,13,2,46.0,1,2,1743,0.0011474469305794606
2466,342,7,7,LB,Conf,1,342,6,6,Bernardo,MID,13,6,46.0,1,6,1743,0.0034423407917383822
2467,342,8,8,LB,Conf,1,342,2,2,Bernardo,MID,13,2,46.0,1,2,1743,0.0011474469305794606
2468,342,8,9,LB,Conf,1,342,3,3,Bernardo,MID,13,3,46.0,1,3,1743,0.0017211703958691911
2469,342,7,10,LB,Conf,1,342,2,2,Bernardo,MID,13,2,46.0,1,2,1743,0.0011474469305794606
2470,342,7,11,LB,Conf,1,342,1,1,Bernardo,MID,13,1,46.0,1,1,1743,0.0005737234652897303
2471,342,8,12,LB,Conf,1,342,1,1,Bernardo,MID,13,1,46.0,1,1,1743,0.0005737234652897303
2472,342,13,13,LB,Conf,0,342,2,0,Bernardo,MID,13,0,46.0,1,2,1743,0.0
2473,342,9,14,LB,Conf,0,342,8,0,Bernardo,MID,13,8,46.0,1,8,1743,0.004589787722317842
2474,342,13,15,LB,Conf,0,342,5,0,Bernardo,MID,13,0,46.0,1,5,1743,0.0
2475,342,15,16,LB,Conf,0,342,2,0,Bernardo,MID,13,0,46.0,1,2,1743,0.0
2476,342,13,17,LB,Conf,0,342,2,0,Bernardo,MID,13,0,46.0,1,2,1743,0.0
2477,342,13,18,LB,Conf,0,342,9,0,Bernardo,MID,13,0,46.0,1,9,1743,0.0
2478,342,13,19,LB,Conf,0,342,3,0,Bernardo,MID,13,0,46.0,1,3,1743,0.0
2479,342,6,20,LB,Conf,1,342,2,2,Bernardo,MID,13,2,46.0,1,2,1743,0.0011474469305794606
2480,336,9,1,LB,Conf,1,336,7,7,Szoboszlai,MID,12,7,95.0,1,7,1743,0.004016064257028112
2481,336,14,2,LB,Conf,0,336,2,0,Szoboszlai,MID,12,0,95.0,1,2,1743,0.0
2482,336,14,3,LB,Conf,0,336,6,0,Szoboszlai,MID,12,0,95.0,1,6,1743,0.0
2483,336,5,4,LB,Conf,1,336,1,1,Szoboszlai,MID,12,1,95.0,1,1,1743,0.0005737234652897303
2484,336,5,5,LB,Conf,1,336,3,3,Szoboszlai,MID,12,3,95.0,1,3,1743,0.0017211703958691911
2485,336,8,6,LB,Conf,1,336,2,2,Szoboszlai,MID,12,2,95.0,1,2,1743,0.0011474469305794606
2486,336,8,7,LB,Conf,1,336,1,1,Szoboszlai,MID,12,1,95.0,1,1,1743,0.0005737234652897303
2487,336,14,8,LB,Conf,0,336,1,0,Szoboszlai,MID,12,0,95.0,1,1,1743,0.0
2488,336,15,9,LB,Conf,0,336,1,0,Szoboszlai,MID,12,0,95.0,1,0,1743,0.0
2489,336,14,10,LB,Conf,0,336,2,0,Szoboszlai,MID,12,0,95.0,1,2,1743,0.0
2490,336,9,11,LB,Conf,0,336,1,0,Szoboszlai,MID,12,1,95.0,1,1,1743,0.0005737234652897303
2491,336,10,27,LB,Conf,1,336,11,11,Szoboszlai,MID,12,11,95.0,1,11,1743,0.006310958118187034
2492,336,9,28,LB,Conf,1,336,1,1,Szoboszlai,MID,12,1,95.0,1,1,1743,0.0005737234652897303
2493,336,15,29,LB,Conf,0,336,0,0,Szoboszlai,MID,12,0,95.0,1,0,1743,0.0
2494,336,6,30,LB,Conf,1,336,3,3,Szoboszlai,MID,12,3,95.0,1,3,1743,0.0017211703958691911
2495,336,9,31,LB,Conf,1,336,1,1,Szoboszlai,MID,12,1,95.0,1,0,1743,0.0005737234652897303
2496,336,8,32,LB,Conf,1,336,1,1,Szoboszlai,MID,12,1,95.0,1,1,1743,0.0005737234652897303
2497,527,10,1,LB,Conf,1,527,6,6,L.Paquetá,MID,19,6,102.0,1,6,1743,0.0034423407917383822
2498,527,8,2,LB,Conf,1,527,3,3,L.Paquetá,MID,19,3,102.0,1,3,1743,0.0017211703958691911
2499,527,8,3,LB,Conf,1,527,2,2,L.Paquetá,MID,19,2,102.0,1,2,1743,0.0011474469305794606
2500,129,11,1,LB,Conf,1,129,2,2,João Pedro,FWD,5,2,32.0,1,0,1743,0.0011474469305794606
2501,235,12,1,LB,Conf,0,235,1,0,Pickford,GKP,8,0,67.0,1,0,1743,0.0
2502,235,12,2,LB,Conf,0,235,1,0,Pickford,GKP,8,0,67.0,1,0,1743,0.0
2503,235,12,3,LB,Conf,0,235,2,0,Pickford,GKP,8,0,67.0,1,0,1743,0.0
2504,235,12,4,LB,Conf,0,235,2,0,Pickford,GKP,8,0,67.0,1,0,1743,0.0
2505,235,12,5,LB,Conf,0,235,2,0,Pickford,GKP,8,0,67.0,1,2,1743,0.0
2506,235,12,6,LB,Conf,0,235,2,0,Pickford,GKP,8,0,67.0,1,0,1743,0.0
2507,235,12,7,LB,Conf,0,235,15,0,Pickford,GKP,8,0,67.0,1,15,1743,0.0
2508,235,12,8,LB,Conf,0,235,6,0,Pickford,GKP,8,0,67.0,1,6,1743,0.0
2509,235,12,9,LB,Conf,0,235,2,0,Pickford,GKP,8,0,67.0,1,0,1743,0.0
2510,235,12,10,LB,Conf,0,235,2,0,Pickford,GKP,8,0,67.0,1,0,1743,0.0
2511,235,12,11,LB,Conf,0,235,11,0,Pickford,GKP,8,0,67.0,1,11,1743,0.0
2512,235,12,12,LB,Conf,0,235,6,0,Pickford,GKP,8,0,67.0,1,6,1743,0.0
2513,235,1,13,LB,Conf,1,235,0,0,Pickford,GKP,8,0,67.0,1,0,1743,0.0
2514,235,1,14,LB,Conf,0,235,6,0,Pickford,GKP,8,6,67.0,1,6,1743,0.0034423407917383822
2515,235,12,15,LB,Conf,0,235,0,0,Pickford,GKP,8,0,67.0,1,0,1743,0.0
2516,235,1,16,LB,Conf,1,235,8,8,Pickford,GKP,8,8,67.0,1,8,1743,0.004589787722317842
2517,235,1,17,LB,Conf,0,235,7,0,Pickford,GKP,8,7,67.0,1,7,1743,0.004016064257028112
2518,235,1,18,LB,Conf,1,235,9,9,Pickford,GKP,8,9,67.0,1,9,1743,0.0051635111876075735
2519,235,1,19,LB,Conf,1,235,1,1,Pickford,GKP,8,1,67.0,1,1,1743,0.0005737234652897303
2520,235,1,20,LB,Conf,1,235,4,4,Pickford,GKP,8,4,67.0,1,4,1743,0.002294893861158921
2521,235,1,21,LB,Conf,1,235,1,1,Pickford,GKP,8,1,67.0,1,1,1743,0.0005737234652897303
2522,235,1,22,LB,Conf,1,235,2,2,Pickford,GKP,8,2,67.0,1,0,1743,0.0011474469305794606
2523,235,1,23,LB,Conf,1,235,5,5,Pickford,GKP,8,5,67.0,1,0,1743,0.002868617326448652
2524,235,1,24,LB,Conf,1,235,10,10,Pickford,GKP,8,10,67.0,1,10,1743,0.005737234652897304
2525,235,1,25,LB,Conf,1,235,3,3,Pickford,GKP,8,3,67.0,1,0,1743,0.0017211703958691911
2526,235,1,26,LB,Conf,1,235,1,1,Pickford,GKP,8,1,67.0,1,0,1743,0.0005737234652897303
2527,235,1,27,LB,Conf,1,235,2,2,Pickford,GKP,8,2,67.0,1,0,1743,0.0011474469305794606
2528,235,1,28,LB,Conf,1,235,2,2,Pickford,GKP,8,2,67.0,1,0,1743,0.0011474469305794606
2529,235,1,29,LB,Conf,1,235,3,3,Pickford,GKP,8,3,67.0,1,3,1743,0.0017211703958691911
2530,235,12,30,LB,Conf,0,235,3,0,Pickford,GKP,8,0,67.0,1,0,1743,0.0
2531,235,1,31,LB,Conf,1,235,3,3,Pickford,GKP,8,3,67.0,1,0,1743,0.0017211703958691911
2532,235,1,32,LB,Conf,1,235,9,9,Pickford,GKP,8,9,67.0,1,9,1743,0.0051635111876075735
2533,235,1,33,LB,Conf,0,235,1,0,Pickford,GKP,8,1,67.0,1,1,1743,0.0005737234652897303
2534,235,1,34,LB,Conf,0,235,4,0,Pickford,GKP,8,4,67.0,1,4,1743,0.002294893861158921
2535,235,1,35,LB,Conf,1,235,2,2,Pickford,GKP,8,2,67.0,1,0,1743,0.0011474469305794606
2536,235,12,36,LB,Conf,0,235,3,0,Pickford,GKP,8,0,67.0,1,0,1743,0.0
2537,235,1,37,LB,Conf,1,235,6,6,Pickford,GKP,8,6,67.0,1,6,1743,0.0034423407917383822
2538,235,12,38,LB,Conf,0,235,11,0,Pickford,GKP,8,0,67.0,1,11,1743,0.0
2539,389,13,1,LB,Conf,0,389,8,0,Zirkzee,FWD,14,0,88.0,1,8,1743,0.0
2540,389,11,2,LB,Conf,1,389,1,1,Zirkzee,FWD,14,1,88.0,1,0,1743,0.0005737234652897303
2541,389,9,3,LB,Conf,0,389,1,0,Zirkzee,FWD,14,1,88.0,1,0,1743,0.0005737234652897303
2542,180,14,1,LB,Conf,0,180,2,0,N.Jackson,FWD,6,0,60.0,1,0,1743,0.0
2543,180,9,2,LB,Conf,1,180,10,10,N.Jackson,FWD,6,10,60.0,1,10,1743,0.005737234652897304
2544,180,11,3,LB,Conf,1,180,6,6,N.Jackson,FWD,6,6,60.0,1,6,1743,0.0034423407917383822
2545,180,10,4,LB,Conf,1,180,1,1,N.Jackson,FWD,6,1,60.0,1,0,1743,0.0005737234652897303
2546,180,10,5,LB,Conf,1,180,16,16,N.Jackson,FWD,6,16,60.0,1,16,1743,0.009179575444635685
2547,180,10,6,LB,Conf,1,180,5,5,N.Jackson,FWD,6,5,60.0,1,5,1743,0.002868617326448652
2548,180,10,7,LB,Conf,1,180,2,2,N.Jackson,FWD,6,2,60.0,1,2,1743,0.0011474469305794606
2549,180,10,8,LB,Conf,1,180,6,6,N.Jackson,FWD,6,6,60.0,1,6,1743,0.0034423407917383822
2550,180,10,9,LB,Conf,1,180,9,9,N.Jackson,FWD,6,9,60.0,1,9,1743,0.0051635111876075735
2551,180,10,10,LB,Conf,1,180,1,1,N.Jackson,FWD,6,1,60.0,1,0,1743,0.0005737234652897303
2552,180,11,11,LB,Conf,1,180,2,2,N.Jackson,FWD,6,2,60.0,1,2,1743,0.0011474469305794606
2553,180,11,12,LB,Conf,1,180,12,12,N.Jackson,FWD,6,12,60.0,1,12,1743,0.0068846815834767644
2554,180,11,13,LB,Conf,1,180,6,6,N.Jackson,FWD,6,6,60.0,1,6,1743,0.0034423407917383822
2555,180,14,14,LB,Conf,1,180,0,0,N.Jackson,FWD,6,0,60.0,1,0,1743,0.0
2556,180,11,15,LB,Conf,1,180,2,2,N.Jackson,FWD,6,2,60.0,1,2,1743,0.0011474469305794606
2557,180,11,16,LB,Conf,1,180,9,9,N.Jackson,FWD,6,9,60.0,1,9,1743,0.0051635111876075735
2558,180,10,17,LB,Conf,1,180,2,2,N.Jackson,FWD,6,2,60.0,1,2,1743,0.0011474469305794606
2559,180,11,18,LB,Conf,1,180,2,2,N.Jackson,FWD,6,2,60.0,1,2,1743,0.0011474469305794606
2560,180,11,19,LB,Conf,1,180,1,1,N.Jackson,FWD,6,1,60.0,1,0,1743,0.0005737234652897303
2561,180,11,20,LB,Conf,1,180,2,2,N.Jackson,FWD,6,2,60.0,1,2,1743,0.0011474469305794606
2562,180,10,21,LB,Conf,1,180,4,4,N.Jackson,FWD,6,4,60.0,1,4,1743,0.002294893861158921
2563,180,11,22,LB,Conf,1,180,2,2,N.Jackson,FWD,6,2,60.0,1,2,1743,0.0011474469305794606
2564,180,10,23,LB,Conf,1,180,5,5,N.Jackson,FWD,6,5,60.0,1,5,1743,0.002868617326448652
2565,180,10,24,LB,Conf,1,180,1,1,N.Jackson,FWD,6,1,60.0,1,1,1743,0.0005737234652897303
2566,172,15,1,LB,Conf,0,172,0,0,James,DEF,6,0,74.0,1,0,1743,0.0
2567,172,15,2,LB,Conf,0,172,0,0,James,DEF,6,0,74.0,1,0,1743,0.0
2568,172,15,3,LB,Conf,0,172,0,0,James,DEF,6,0,74.0,1,0,1743,0.0
2569,172,15,4,LB,Conf,0,172,0,0,James,DEF,6,0,74.0,1,0,1743,0.0
2570,172,15,5,LB,Conf,0,172,0,0,James,DEF,6,0,74.0,1,0,1743,0.0
2571,172,15,6,LB,Conf,0,172,0,0,James,DEF,6,0,74.0,1,0,1743,0.0
2572,172,15,7,LB,Conf,0,172,0,0,James,DEF,6,0,74.0,1,0,1743,0.0
2573,172,15,8,LB,Conf,0,172,0,0,James,DEF,6,0,74.0,1,0,1743,0.0
2574,172,4,9,LB,Conf,1,172,2,2,James,DEF,6,2,74.0,1,2,1743,0.0011474469305794606
2575,172,4,10,LB,Conf,0,172,2,0,James,DEF,6,2,74.0,1,2,1743,0.0011474469305794606
2576,172,4,11,LB,Conf,1,172,1,1,James,DEF,6,1,74.0,1,1,1743,0.0005737234652897303
2577,172,15,12,LB,Conf,0,172,0,0,James,DEF,6,0,74.0,1,0,1743,0.0
2578,172,15,13,LB,Conf,0,172,0,0,James,DEF,6,0,74.0,1,0,1743,0.0
2579,172,3,30,LB,Conf,1,172,1,1,James,DEF,6,1,74.0,1,1,1743,0.0005737234652897303
2580,172,4,31,LB,Conf,1,172,9,9,James,DEF,6,9,74.0,1,9,1743,0.0051635111876075735
2581,172,13,32,LB,Conf,1,172,0,0,James,DEF,6,0,74.0,1,0,1743,0.0
2582,172,13,33,LB,Conf,0,172,1,0,James,DEF,6,0,74.0,1,1,1743,0.0
2583,172,4,34,LB,Conf,1,172,1,1,James,DEF,6,1,74.0,1,1,1743,0.0005737234652897303
2584,375,14,25,LB,Conf,0,375,2,0,Højlund,FWD,14,0,,0,2,1743,0.0
2585,375,15,26,LB,Conf,0,375,2,0,Højlund,FWD,14,0,,0,2,1743,0.0
2586,375,13,27,LB,Conf,0,375,1,0,Højlund,FWD,14,0,,0,0,1743,0.0
2587,375,15,28,LB,Conf,0,375,1,0,Højlund,FWD,14,0,,0,0,1743,0.0
2588,375,11,29,LB,Conf,1,375,7,7,Højlund,FWD,14,7,,0,7,1743,0.004016064257028112
2589,375,11,30,LB,Conf,1,375,1,1,Højlund,FWD,14,1,,0,1,1743,0.0005737234652897303
2590,415,2,16,LB,Conf,1,415,6,6,Schär,DEF,15,6,,0,6,1743,0.0034423407917383822
2591,415,2,17,LB,Conf,1,415,6,6,Schär,DEF,15,6,,0,6,1743,0.0034423407917383822
2592,415,2,18,LB,Conf,1,415,6,6,Schär,DEF,15,6,,0,6,1743,0.0034423407917383822
2593,415,2,19,LB,Conf,1,415,5,5,Schär,DEF,15,5,,0,5,1743,0.002868617326448652
2594,415,14,20,LB,Conf,0,415,0,0,Schär,DEF,15,0,,0,0,1743,0.0
2595,415,14,21,LB,Conf,1,415,0,0,Schär,DEF,15,0,,0,0,1743,0.0
2596,415,4,22,LB,Conf,1,415,0,0,Schär,DEF,15,0,,0,0,1743,0.0
2597,163,3,14,LB,Conf,1,163,2,2,Cucurella,DEF,6,2,,0,2,1743,0.0011474469305794606
2598,163,3,15,LB,Conf,1,163,4,4,Cucurella,DEF,6,4,,0,4,1743,0.002294893861158921
2599,163,3,16,LB,Conf,1,163,5,5,Cucurella,DEF,6,5,,0,5,1743,0.002868617326448652
2600,163,15,17,LB,Conf,0,163,0,0,Cucurella,DEF,6,0,,0,0,1743,0.0
2601,163,5,18,LB,Conf,1,163,1,1,Cucurella,DEF,6,1,,0,0,1743,0.0005737234652897303
2602,163,5,19,LB,Conf,1,163,1,1,Cucurella,DEF,6,1,,0,0,1743,0.0005737234652897303
2603,163,4,20,LB,Conf,1,163,2,2,Cucurella,DEF,6,2,,0,2,1743,0.0011474469305794606
2604,163,4,21,LB,Conf,1,163,1,1,Cucurella,DEF,6,1,,0,1,1743,0.0005737234652897303
2605,163,3,22,LB,Conf,1,163,9,9,Cucurella,DEF,6,9,,0,9,1743,0.0051635111876075735
2606,163,15,23,LB,Conf,0,163,1,0,Cucurella,DEF,6,0,,0,0,1743,0.0
2607,163,2,24,LB,Conf,1,163,2,2,Cucurella,DEF,6,2,,0,2,1743,0.0011474469305794606
2608,589,11,31,LB,Conf,0,589,7,0,Füllkrug,FWD,19,7,,0,7,1743,0.004016064257028112
2609,589,10,32,LB,Conf,0,589,1,0,Füllkrug,FWD,19,1,,0,0,1743,0.0005737234652897303
2610,589,11,33,LB,Conf,1,589,5,5,Füllkrug,FWD,19,5,,0,5,1743,0.002868617326448652
2611,589,10,34,LB,Conf,1,589,1,1,Füllkrug,FWD,19,1,,0,1,1743,0.0005737234652897303
2612,589,14,35,LB,Conf,0,589,2,0,Füllkrug,FWD,19,0,,0,2,1743,0.0
2613,589,15,36,LB,Conf,0,589,1,0,Füllkrug,FWD,19,0,,0,0,1743,0.0
2614,589,15,37,LB,Conf,0,589,1,0,Füllkrug,FWD,19,0,,0,0,1743,0.0
2615,589,13,38,LB,Conf,0,589,2,0,Füllkrug,FWD,19,0,,0,2,1743,0.0
2616,236,13,23,LB,Conf,0,236,7,0,Tarkowski,DEF,8,0,,0,7,1743,0.0
2617,236,4,24,LB,Conf,1,236,17,17,Tarkowski,DEF,8,17,,0,17,1743,0.009753298909925417
2618,236,2,25,LB,Conf,1,236,2,2,Tarkowski,DEF,8,2,,0,2,1743,0.0011474469305794606
2619,236,2,26,LB,Conf,1,236,1,1,Tarkowski,DEF,8,1,,0,1,1743,0.0005737234652897303
2620,236,2,27,LB,Conf,1,236,2,2,Tarkowski,DEF,8,2,,0,2,1743,0.0011474469305794606
2621,236,2,28,LB,Conf,1,236,2,2,Tarkowski,DEF,8,2,,0,2,1743,0.0011474469305794606
2622,236,2,29,LB,Conf,1,236,2,2,Tarkowski,DEF,8,2,,0,2,1743,0.0011474469305794606
2623,236,2,30,LB,Conf,1,236,1,1,Tarkowski,DEF,8,1,,0,1,1743,0.0005737234652897303
2624,236,14,31,LB,Conf,0,236,1,0,Tarkowski,DEF,8,0,,0,0,1743,0.0
2625,236,14,32,LB,Conf,0,236,7,0,Tarkowski,DEF,8,0,,0,7,1743,0.0
2626,236,14,33,LB,Conf,0,236,1,0,Tarkowski,DEF,8,0,,0,0,1743,0.0
2627,4,11,38,LB,Conf,1,4,1,1,Havertz,FWD,1,1,,0,1,1743,0.0005737234652897303
2628,447,10,2,LB,Conf,1,447,1,1,Wood,FWD,16,1,,0,0,1743,0.0005737234652897303
2629,447,10,3,LB,Conf,1,447,9,9,Wood,FWD,16,9,,0,9,1743,0.0051635111876075735
2630,447,13,4,LB,Conf,0,447,2,0,Wood,FWD,16,0,,0,2,1743,0.0
2631,447,9,5,LB,Conf,1,447,8,8,Wood,FWD,16,8,,0,8,1743,0.004589787722317842
2632,447,9,6,LB,Conf,1,447,2,2,Wood,FWD,16,2,,0,2,1743,0.0011474469305794606
2633,447,9,7,LB,Conf,1,447,8,8,Wood,FWD,16,8,,0,8,1743,0.004589787722317842
2634,447,9,8,LB,Conf,1,447,7,7,Wood,FWD,16,7,,0,7,1743,0.004016064257028112
2635,447,9,9,LB,Conf,1,447,13,13,Wood,FWD,16,13,,0,13,1743,0.007458405048766495
2636,447,9,10,LB,Conf,1,447,7,7,Wood,FWD,16,7,,0,7,1743,0.004016064257028112
2637,447,10,11,LB,Conf,1,447,2,2,Wood,FWD,16,2,,0,2,1743,0.0011474469305794606
2638,447,10,12,LB,Conf,1,447,1,1,Wood,FWD,16,1,,0,0,1743,0.0005737234652897303
2639,447,10,13,LB,Conf,1,447,9,9,Wood,FWD,16,9,,0,9,1743,0.0051635111876075735
2640,447,10,14,LB,Conf,1,447,2,2,Wood,FWD,16,2,,0,2,1743,0.0011474469305794606
2641,447,10,15,LB,Conf,1,447,8,8,Wood,FWD,16,8,,0,8,1743,0.004589787722317842
2642,447,10,16,LB,Conf,1,447,2,2,Wood,FWD,16,2,,0,2,1743,0.0011474469305794606
2643,447,9,17,LB,Conf,1,447,2,2,Wood,FWD,16,2,,0,2,1743,0.0011474469305794606
2644,447,10,18,LB,Conf,1,447,2,2,Wood,FWD,16,2,,0,2,1743,0.0011474469305794606
2645,447,10,19,LB,Conf,1,447,12,12,Wood,FWD,16,12,,0,12,1743,0.0068846815834767644
2646,447,10,20,LB,Conf,1,447,8,8,Wood,FWD,16,8,,0,8,1743,0.004589787722317842
2647,447,9,21,LB,Conf,1,447,9,9,Wood,FWD,16,9,,0,9,1743,0.0051635111876075735
2648,447,10,22,LB,Conf,1,447,12,12,Wood,FWD,16,12,,0,12,1743,0.0068846815834767644
2649,447,11,23,LB,Conf,1,447,2,2,Wood,FWD,16,2,,0,2,1743,0.0011474469305794606
2650,447,11,24,LB,Conf,1,447,17,17,Wood,FWD,16,17,,0,17,1743,0.009753298909925417
2651,447,11,25,LB,Conf,1,447,9,9,Wood,FWD,16,9,,0,9,1743,0.0051635111876075735
2652,447,11,26,LB,Conf,1,447,5,5,Wood,FWD,16,5,,0,5,1743,0.002868617326448652
2653,447,11,27,LB,Conf,1,447,2,2,Wood,FWD,16,2,,0,2,1743,0.0011474469305794606
2654,447,11,28,LB,Conf,1,447,2,2,Wood,FWD,16,2,,0,2,1743,0.0011474469305794606
2655,447,10,29,LB,Conf,1,447,2,2,Wood,FWD,16,2,,0,2,1743,0.0011474469305794606
2656,447,13,30,LB,Conf,0,447,0,0,Wood,FWD,16,0,,0,0,1743,0.0
2657,447,13,31,LB,Conf,1,447,0,0,Wood,FWD,16,0,,0,0,1743,0.0
2658,447,11,32,LB,Conf,1,447,2,2,Wood,FWD,16,2,,0,2,1743,0.0011474469305794606
2659,447,10,33,LB,Conf,1,447,8,8,Wood,FWD,16,8,,0,8,1743,0.004589787722317842
2660,447,9,34,LB,Conf,1,447,2,2,Wood,FWD,16,2,,0,2,1743,0.0011474469305794606
2661,447,11,35,LB,Conf,1,447,2,2,Wood,FWD,16,2,,0,2,1743,0.0011474469305794606
2662,447,11,36,LB,Conf,1,447,8,8,Wood,FWD,16,8,,0,8,1743,0.004589787722317842
2663,447,11,37,LB,Conf,1,447,2,2,Wood,FWD,16,2,,0,2,1743,0.0011474469305794606
2664,447,10,38,LB,Conf,1,447,2,2,Wood,FWD,16,2,,0,2,1743,0.0011474469305794606
2665,306,11,4,LB,Conf,1,306,8,8,Vardy,FWD,11,8,,0,8,1743,0.004589787722317842
2666,306,11,5,LB,Conf,1,306,2,2,Vardy,FWD,11,2,,0,2,1743,0.0011474469305794606
2667,306,11,6,LB,Conf,1,306,1,1,Vardy,FWD,11,1,,0,1,1743,0.0005737234652897303
2668,306,11,7,LB,Conf,1,306,2,2,Vardy,FWD,11,2,,0,2,1743,0.0011474469305794606
2669,306,11,8,LB,Conf,1,306,6,6,Vardy,FWD,11,6,,0,6,1743,0.0034423407917383822
2670,306,11,9,LB,Conf,1,306,8,8,Vardy,FWD,11,8,,0,8,1743,0.004589787722317842
2671,306,11,10,LB,Conf,1,306,5,5,Vardy,FWD,11,5,,0,5,1743,0.002868617326448652
2672,306,13,11,LB,Conf,1,306,0,0,Vardy,FWD,11,0,,0,0,1743,0.0
2673,306,13,12,LB,Conf,0,306,2,0,Vardy,FWD,11,0,,0,2,1743,0.0
2674,306,9,13,LB,Conf,1,306,5,5,Vardy,FWD,11,5,,0,5,1743,0.002868617326448652
2675,306,11,14,LB,Conf,1,306,4,4,Vardy,FWD,11,4,,0,4,1743,0.002294893861158921
2676,306,9,15,LB,Conf,1,306,12,12,Vardy,FWD,11,12,,0,12,1743,0.0068846815834767644
2677,306,9,16,LB,Conf,1,306,1,1,Vardy,FWD,11,1,,0,0,1743,0.0005737234652897303
2678,306,11,17,LB,Conf,1,306,2,2,Vardy,FWD,11,2,,0,2,1743,0.0011474469305794606
2679,306,14,18,LB,Conf,0,306,0,0,Vardy,FWD,11,0,,0,0,1743,0.0
2680,306,14,19,LB,Conf,0,306,2,0,Vardy,FWD,11,0,,0,2,1743,0.0
2681,306,9,20,LB,Conf,1,306,5,5,Vardy,FWD,11,5,,0,5,1743,0.002868617326448652
2682,306,11,21,LB,Conf,1,306,2,2,Vardy,FWD,11,2,,0,2,1743,0.0011474469305794606
2683,306,9,22,LB,Conf,1,306,2,2,Vardy,FWD,11,2,,0,2,1743,0.0011474469305794606
2684,306,14,23,LB,Conf,0,306,9,0,Vardy,FWD,11,0,,0,9,1743,0.0
2685,306,13,24,LB,Conf,0,306,1,0,Vardy,FWD,11,0,,0,1,1743,0.0
2686,306,15,25,LB,Conf,0,306,2,0,Vardy,FWD,11,0,,0,2,1743,0.0
2687,306,13,26,LB,Conf,0,306,2,0,Vardy,FWD,11,0,,0,2,1743,0.0
2688,306,14,27,LB,Conf,0,306,2,0,Vardy,FWD,11,0,,0,2,1743,0.0
2689,306,14,28,LB,Conf,0,306,2,0,Vardy,FWD,11,0,,0,2,1743,0.0
2690,306,9,29,LB,Conf,0,306,2,0,Vardy,FWD,11,2,,0,2,1743,0.0011474469305794606
2691,306,15,30,LB,Conf,0,306,0,0,Vardy,FWD,11,0,,0,0,1743,0.0
2692,306,15,31,LB,Conf,0,306,2,0,Vardy,FWD,11,0,,0,2,1743,0.0
2693,306,15,32,LB,Conf,0,306,2,0,Vardy,FWD,11,0,,0,2,1743,0.0
2694,306,15,33,LB,Conf,0,306,2,0,Vardy,FWD,11,0,,0,2,1743,0.0
2695,306,11,34,LB,Conf,1,306,0,0,Vardy,FWD,11,0,,0,0,1743,0.0
2696,306,13,35,LB,Conf,0,306,9,0,Vardy,FWD,11,0,,0,9,1743,0.0
2697,306,10,36,LB,Conf,1,306,5,5,Vardy,FWD,11,5,,0,5,1743,0.002868617326448652
2698,306,10,37,LB,Conf,1,306,8,8,Vardy,FWD,11,8,,0,8,1743,0.004589787722317842
2699,571,7,33,LB,Conf,1,571,3,3,Savinho,MID,13,3,,0,3,1743,0.0017211703958691911
2700,122,14,38,LB,Conf,1,122,0,0,Estupiñan,DEF,5,0,,0,0,1743,0.0
2701,54,5,15,LB,Conf,1,54,2,2,Rogers,MID,2,2,,0,2,1743,0.0011474469305794606
2702,54,6,16,LB,Conf,1,54,2,2,Rogers,MID,2,2,,0,2,1743,0.0011474469305794606
2703,54,8,17,LB,Conf,1,54,14,14,Rogers,MID,2,14,,0,14,1743,0.008032128514056224
2704,54,7,18,LB,Conf,1,54,2,2,Rogers,MID,2,2,,0,2,1743,0.0011474469305794606
2705,54,7,19,LB,Conf,1,54,11,11,Rogers,MID,2,11,,0,11,1743,0.006310958118187034
2706,54,15,20,LB,Conf,0,54,0,0,Rogers,MID,2,0,,0,0,1743,0.0
2707,54,8,21,LB,Conf,1,54,6,6,Rogers,MID,2,6,,0,6,1743,0.0034423407917383822
2708,54,6,22,LB,Conf,1,54,1,1,Rogers,MID,2,1,,0,1,1743,0.0005737234652897303
2709,54,6,23,LB,Conf,1,54,1,1,Rogers,MID,2,1,,0,0,1743,0.0005737234652897303
2710,54,6,24,LB,Conf,1,54,1,1,Rogers,MID,2,1,,0,0,1743,0.0005737234652897303
2711,54,10,25,LB,Conf,1,54,4,4,Rogers,MID,2,4,,0,4,1743,0.002294893861158921
2712,54,8,26,LB,Conf,1,54,2,2,Rogers,MID,2,2,,0,0,1743,0.0011474469305794606
2713,54,8,27,LB,Conf,1,54,7,7,Rogers,MID,2,7,,0,7,1743,0.004016064257028112
2714,54,10,28,LB,Conf,1,54,3,3,Rogers,MID,2,3,,0,3,1743,0.0017211703958691911
2715,54,13,29,LB,Conf,0,54,0,0,Rogers,MID,2,0,,0,0,1743,0.0
2716,54,9,30,LB,Conf,1,54,10,10,Rogers,MID,2,10,,0,10,1743,0.005737234652897304
2717,54,10,31,LB,Conf,1,54,9,9,Rogers,MID,2,9,,0,9,1743,0.0051635111876075735
2718,54,9,32,LB,Conf,1,54,6,6,Rogers,MID,2,6,,0,6,1743,0.0034423407917383822
2719,54,9,33,LB,Conf,1,54,7,7,Rogers,MID,2,7,,0,7,1743,0.004016064257028112
2720,54,15,34,LB,Conf,0,54,0,0,Rogers,MID,2,0,,0,0,1743,0.0
2721,54,6,35,LB,Conf,1,54,3,3,Rogers,MID,2,3,,0,3,1743,0.0017211703958691911
2722,54,5,36,LB,Conf,1,54,6,6,Rogers,MID,2,6,,0,6,1743,0.0034423407917383822
2723,54,6,37,LB,Conf,1,54,6,6,Rogers,MID,2,6,,0,6,1743,0.0034423407917383822
2724,54,9,38,LB,Conf,1,54,1,1,Rogers,MID,2,1,,0,0,1743,0.0005737234652897303
2725,186,9,4,LB,Conf,1,186,1,1,Sterling,MID,1,1,,0,0,1743,0.0005737234652897303
2726,186,14,5,LB,Conf,0,186,0,0,Sterling,MID,1,0,,0,0,1743,0.0
2727,186,14,6,LB,Conf,0,186,1,0,Sterling,MID,1,0,,0,0,1743,0.0
2728,186,14,7,LB,Conf,0,186,1,0,Sterling,MID,1,0,,0,0,1743,0.0
2729,186,13,8,LB,Conf,0,186,1,0,Sterling,MID,1,0,,0,0,1743,0.0
2730,78,8,34,LB,Conf,1,78,9,9,Semenyo,MID,3,9,,0,9,1743,0.0051635111876075735
2731,78,7,35,LB,Conf,1,78,4,4,Semenyo,MID,3,4,,0,4,1743,0.002294893861158921
2732,78,6,36,LB,Conf,1,78,2,2,Semenyo,MID,3,2,,0,2,1743,0.0011474469305794606
2733,78,13,37,LB,Conf,0,78,2,0,Semenyo,MID,3,0,,0,2,1743,0.0
2734,78,8,38,LB,Conf,1,78,16,16,Semenyo,MID,3,16,,0,16,1743,0.009179575444635685
2735,120,3,13,LB,Conf,1,120,1,1,Dunk,DEF,5,1,,0,1,1743,0.0005737234652897303
2736,120,4,14,LB,Conf,1,120,0,0,Dunk,DEF,5,0,,0,0,1743,0.0
2737,120,14,15,LB,Conf,0,120,1,0,Dunk,DEF,5,0,,0,1,1743,0.0
2738,120,4,16,LB,Conf,1,120,0,0,Dunk,DEF,5,0,,0,0,1743,0.0
2739,364,9,12,LB,Conf,1,364,8,8,Amad,MID,14,8,,0,8,1743,0.004589787722317842
2740,364,8,13,LB,Conf,1,364,11,11,Amad,MID,14,11,,0,11,1743,0.006310958118187034
2741,364,8,14,LB,Conf,1,364,1,1,Amad,MID,14,1,,0,1,1743,0.0005737234652897303
2742,364,8,15,LB,Conf,1,364,5,5,Amad,MID,14,5,,0,5,1743,0.002868617326448652
2743,364,5,16,LB,Conf,1,364,13,13,Amad,MID,14,13,,0,13,1743,0.007458405048766495
2744,364,7,17,LB,Conf,1,364,2,2,Amad,MID,14,2,,0,0,1743,0.0011474469305794606
2745,364,6,18,LB,Conf,1,364,2,2,Amad,MID,14,2,,0,0,1743,0.0011474469305794606
2746,364,6,19,LB,Conf,1,364,2,2,Amad,MID,14,2,,0,2,1743,0.0011474469305794606
2747,364,13,20,LB,Conf,0,364,9,0,Amad,MID,14,0,,0,9,1743,0.0
2748,364,7,21,LB,Conf,1,364,20,20,Amad,MID,14,20,,0,20,1743,0.011474469305794608
2749,364,5,22,LB,Conf,1,364,2,2,Amad,MID,14,2,,0,2,1743,0.0011474469305794606
2750,364,5,23,LB,Conf,1,364,3,3,Amad,MID,14,3,,0,3,1743,0.0017211703958691911
2751,364,5,24,LB,Conf,1,364,2,2,Amad,MID,14,2,,0,2,1743,0.0011474469305794606
2752,364,13,25,LB,Conf,1,364,0,0,Amad,MID,14,0,,0,0,1743,0.0
2753,364,14,34,LB,Conf,0,364,0,0,Amad,MID,14,0,,0,0,1743,0.0
2754,364,10,35,LB,Conf,1,364,6,6,Amad,MID,14,6,,0,6,1743,0.0034423407917383822
2755,364,9,36,LB,Conf,1,364,2,2,Amad,MID,14,2,,0,2,1743,0.0011474469305794606
2756,364,9,37,LB,Conf,1,364,1,1,Amad,MID,14,1,,0,0,1743,0.0005737234652897303
2757,364,6,38,LB,Conf,1,364,13,13,Amad,MID,14,13,,0,13,1743,0.007458405048766495
2758,162,4,12,LB,Conf,1,162,2,2,Colwill,DEF,6,2,,0,2,1743,0.0011474469305794606
2759,162,4,13,LB,Conf,1,162,6,6,Colwill,DEF,6,6,,0,6,1743,0.0034423407917383822
2760,162,13,14,LB,Conf,1,162,0,0,Colwill,DEF,6,0,,0,0,1743,0.0
2761,162,4,15,LB,Conf,1,162,1,1,Colwill,DEF,6,1,,0,0,1743,0.0005737234652897303
2762,162,13,16,LB,Conf,0,162,2,0,Colwill,DEF,6,0,,0,0,1743,0.0
2763,162,4,17,LB,Conf,1,162,6,6,Colwill,DEF,6,6,,0,6,1743,0.0034423407917383822
2764,162,3,18,LB,Conf,1,162,4,4,Colwill,DEF,6,4,,0,4,1743,0.002294893861158921
2765,162,3,19,LB,Conf,1,162,0,0,Colwill,DEF,6,0,,0,0,1743,0.0
2766,162,2,20,LB,Conf,1,162,1,1,Colwill,DEF,6,1,,0,0,1743,0.0005737234652897303
2767,88,5,20,LB,Conf,1,88,6,6,Collins,DEF,4,6,,0,6,1743,0.0034423407917383822
2768,88,15,21,LB,Conf,0,88,1,0,Collins,DEF,4,0,,0,0,1743,0.0
2769,88,15,22,LB,Conf,0,88,1,0,Collins,DEF,4,0,,0,1,1743,0.0
2770,88,2,23,LB,Conf,1,88,7,7,Collins,DEF,4,7,,0,7,1743,0.004016064257028112
2771,88,15,24,LB,Conf,0,88,1,0,Collins,DEF,4,0,,0,0,1743,0.0
2772,88,6,25,LB,Conf,1,88,8,8,Collins,DEF,4,8,,0,8,1743,0.004589787722317842
2773,88,4,26,LB,Conf,1,88,6,6,Collins,DEF,4,6,,0,6,1743,0.0034423407917383822
2774,88,4,27,LB,Conf,1,88,1,1,Collins,DEF,4,1,,0,0,1743,0.0005737234652897303
2775,88,5,28,LB,Conf,1,88,1,1,Collins,DEF,4,1,,0,0,1743,0.0005737234652897303
2776,88,5,29,LB,Conf,1,88,2,2,Collins,DEF,4,2,,0,2,1743,0.0011474469305794606
2777,88,14,30,LB,Conf,0,88,1,0,Collins,DEF,4,0,,0,0,1743,0.0
2778,295,5,8,LB,Conf,1,295,1,1,Justin,DEF,11,1,,0,1,1743,0.0005737234652897303
2779,295,5,9,LB,Conf,1,295,1,1,Justin,DEF,11,1,,0,0,1743,0.0005737234652897303
2780,295,13,10,LB,Conf,1,295,0,0,Justin,DEF,11,0,,0,0,1743,0.0
2781,295,14,11,LB,Conf,0,295,1,0,Justin,DEF,11,0,,0,0,1743,0.0
2782,295,3,12,LB,Conf,1,295,1,1,Justin,DEF,11,1,,0,1,1743,0.0005737234652897303
2783,324,7,9,LB,Conf,0,324,2,0,Jones,MID,12,2,,0,2,1743,0.0011474469305794606
2784,324,8,10,LB,Conf,1,324,4,4,Jones,MID,12,4,,0,4,1743,0.002294893861158921
2785,324,8,11,LB,Conf,1,324,3,3,Jones,MID,12,3,,0,3,1743,0.0017211703958691911
2786,324,5,12,LB,Conf,1,324,2,2,Jones,MID,12,2,,0,2,1743,0.0011474469305794606
2787,324,5,13,LB,Conf,1,324,1,1,Jones,MID,12,1,,0,0,1743,0.0005737234652897303
2788,324,5,14,LB,Conf,0,324,7,0,Jones,MID,12,7,,0,7,1743,0.004016064257028112
2789,247,7,28,LB,Conf,1,247,5,5,Iwobi,MID,9,5,,0,5,1743,0.002868617326448652
2790,247,7,29,LB,Conf,1,247,3,3,Iwobi,MID,9,3,,0,3,1743,0.0017211703958691911
2791,168,6,26,LB,Conf,1,168,7,7,Enzo,MID,6,7,,0,7,1743,0.004016064257028112
2792,168,6,27,LB,Conf,1,168,3,3,Enzo,MID,6,3,,0,3,1743,0.0017211703958691911
2793,168,8,28,LB,Conf,1,168,6,6,Enzo,MID,6,6,,0,6,1743,0.0034423407917383822
2794,168,8,29,LB,Conf,1,168,2,2,Enzo,MID,6,2,,0,2,1743,0.0011474469305794606
2795,168,7,30,LB,Conf,1,168,11,11,Enzo,MID,6,11,,0,11,1743,0.006310958118187034
2796,168,8,31,LB,Conf,1,168,2,2,Enzo,MID,6,2,,0,2,1743,0.0011474469305794606
2797,168,7,32,LB,Conf,1,168,2,2,Enzo,MID,6,2,,0,2,1743,0.0011474469305794606
2798,417,8,30,LB,Conf,1,417,10,10,Tonali,MID,15,10,,0,10,1743,0.005737234652897304
2799,417,7,31,LB,Conf,1,417,3,3,Tonali,MID,15,3,,0,3,1743,0.0017211703958691911
2800,417,6,32,LB,Conf,1,417,15,15,Tonali,MID,15,15,,0,15,1743,0.008605851979345954
2801,417,6,33,LB,Conf,1,417,2,2,Tonali,MID,15,2,,0,0,1743,0.0011474469305794606
2802,585,10,26,LB,Conf,1,585,3,3,I.Sarr,MID,7,3,,0,3,1743,0.0017211703958691911
2803,437,2,21,LB,Conf,0,437,2,0,N.Williams,DEF,16,2,,0,2,1743,0.0011474469305794606
2804,437,14,22,LB,Conf,0,437,1,0,N.Williams,DEF,16,0,,0,0,1743,0.0
2805,437,3,23,LB,Conf,1,437,1,1,N.Williams,DEF,16,1,,0,0,1743,0.0005737234652897303
2806,437,14,24,LB,Conf,0,437,12,0,N.Williams,DEF,16,0,,0,12,1743,0.0
2807,437,4,25,LB,Conf,1,437,1,1,N.Williams,DEF,16,1,,0,0,1743,0.0005737234652897303
2808,437,3,26,LB,Conf,1,437,0,0,N.Williams,DEF,16,0,,0,0,1743,0.0
2809,437,3,27,LB,Conf,1,437,9,9,N.Williams,DEF,16,9,,0,9,1743,0.0051635111876075735
2810,437,4,28,LB,Conf,0,437,6,0,N.Williams,DEF,16,6,,0,6,1743,0.0034423407917383822
2811,437,4,29,LB,Conf,1,437,1,1,N.Williams,DEF,16,1,,0,1,1743,0.0005737234652897303
2812,437,5,30,LB,Conf,1,437,5,5,N.Williams,DEF,16,5,,0,5,1743,0.002868617326448652
2813,437,3,31,LB,Conf,1,437,4,4,N.Williams,DEF,16,4,,0,4,1743,0.002294893861158921
2814,437,3,32,LB,Conf,1,437,2,2,N.Williams,DEF,16,2,,0,2,1743,0.0011474469305794606
2815,437,3,33,LB,Conf,1,437,2,2,N.Williams,DEF,16,2,,0,2,1743,0.0011474469305794606
2816,437,3,34,LB,Conf,1,437,0,0,N.Williams,DEF,16,0,,0,0,1743,0.0
2817,437,2,35,LB,Conf,1,437,5,5,N.Williams,DEF,16,5,,0,5,1743,0.002868617326448652
2818,437,2,36,LB,Conf,1,437,1,1,N.Williams,DEF,16,1,,0,0,1743,0.0005737234652897303
2819,437,2,37,LB,Conf,1,437,4,4,N.Williams,DEF,16,4,,0,4,1743,0.002294893861158921
2820,437,4,38,LB,Conf,0,437,2,0,N.Williams,DEF,16,2,,0,2,1743,0.0011474469305794606
2821,106,13,21,LB,Conf,0,106,1,0,Schade,MID,4,0,,0,0,1743,0.0
2822,106,13,22,LB,Conf,0,106,1,0,Schade,MID,4,0,,0,0,1743,0.0
2823,106,7,36,LB,Conf,1,106,11,11,Schade,MID,4,11,,0,11,1743,0.006310958118187034
2824,106,7,37,LB,Conf,1,106,2,2,Schade,MID,4,2,,0,2,1743,0.0011474469305794606
2825,106,7,38,LB,Conf,1,106,2,2,Schade,MID,4,2,,0,2,1743,0.0011474469305794606
2826,329,9,23,LB,Conf,1,329,3,3,Mac Allister,MID,12,3,,0,3,1743,0.0017211703958691911
2827,329,9,24,LB,Conf,1,329,10,10,Mac Allister,MID,12,10,,0,10,1743,0.005737234652897304
2828,329,8,25,LB,Conf,1,329,4,4,Mac Allister,MID,12,4,,0,4,1743,0.002294893861158921
2829,167,5,25,LB,Conf,1,167,2,2,Disasi,DEF,2,2,,0,0,1743,0.0011474469305794606
2830,167,14,26,LB,Conf,0,167,0,0,Disasi,DEF,2,0,,0,0,1743,0.0
2831,167,15,27,LB,Conf,0,167,0,0,Disasi,DEF,2,0,,0,0,1743,0.0
2832,504,5,31,LB,Conf,1,504,5,5,Spence,DEF,18,5,,0,5,1743,0.002868617326448652
2833,504,4,32,LB,Conf,1,504,-2,-2,Spence,DEF,18,-2,,0,0,1743,-0.0011474469305794606
2834,194,4,33,LB,Conf,1,194,-2,-2,C.Richards,DEF,7,-2,,0,0,1743,-0.0011474469305794606
2835,8,5,35,LB,Conf,1,8,1,1,Kiwior,DEF,1,1,,0,0,1743,0.0005737234652897303
2836,48,8,33,LB,Conf,1,48,3,3,McGinn,MID,2,3,,0,3,1743,0.0017211703958691911
2837,81,2,34,LB,Conf,1,81,1,1,Smith,DEF,3,1,,0,1,1743,0.0005737234652897303
2838,81,2,38,LB,Conf,1,81,6,6,Smith,DEF,3,6,,0,6,1743,0.0034423407917383822
2839,567,5,34,LB,Conf,1,567,5,5,Toti,DEF,20,5,,0,5,1743,0.002868617326448652
2840,567,15,35,LB,Conf,0,567,2,0,Toti,DEF,20,0,,0,0,1743,0.0
2841,567,4,36,LB,Conf,1,567,1,1,Toti,DEF,20,1,,0,0,1743,0.0005737234652897303
2842,567,14,37,LB,Conf,0,567,-1,0,Toti,DEF,20,0,,0,0,1743,0.0
2843,536,12,34,LB,Conf,1,536,0,0,Bentley,GKP,20,0,,0,0,1743,0.0
2844,32,3,35,LB,Conf,1,32,7,7,Cash,DEF,2,7,,0,7,1743,0.004016064257028112
2845,32,14,36,LB,Conf,0,32,6,0,Cash,DEF,2,0,,0,6,1743,0.0
2846,32,4,37,LB,Conf,1,32,5,5,Cash,DEF,2,5,,0,5,1743,0.002868617326448652
2847,32,15,38,LB,Conf,0,32,1,0,Cash,DEF,2,0,,0,0,1743,0.0
2848,737,13,36,LB,Conf,0,737,5,0,Kayode,DEF,4,0,,0,5,1743,0.0
2849,737,5,37,LB,Conf,1,737,2,2,Kayode,DEF,4,2,,0,2,1743,0.0011474469305794606
2850,505,15,30,PV,Conf,0,505,2,0,Udogie,DEF,18,0,,0,2,1699,0.0
2851,505,15,31,PV,Conf,1,505,0,0,Udogie,DEF,18,0,,0,0,1699,0.0
2852,171,14,16,PV,Conf,0,171,2,0,Gusto,DEF,6,0,,0,2,1699,0.0
2853,171,2,17,PV,Conf,1,171,6,6,Gusto,DEF,6,6,,0,6,1699,0.003531489111241907
2854,171,2,18,PV,Conf,1,171,1,1,Gusto,DEF,6,1,,0,0,1699,0.0005885815185403178
2855,171,4,19,PV,Conf,1,171,0,0,Gusto,DEF,6,0,,0,0,1699,0.0
2856,366,6,38,PV,Conf,1,366,7,7,B.Fernandes,MID,14,7,,0,7,1699,0.004120070629782225
2857,497,10,23,PV,Conf,1,497,5,5,Richarlison,FWD,18,5,,0,5,1699,0.002942907592701589
2858,497,11,24,PV,Conf,1,497,2,2,Richarlison,FWD,18,2,,0,2,1699,0.0011771630370806356
2859,497,14,25,PV,Conf,0,497,0,0,Richarlison,FWD,18,0,,0,0,1699,0.0
2860,363,4,7,PV,Conf,1,363,1,1,Walker,DEF,13,1,,0,1,1699,0.0005885815185403178
2861,363,13,8,PV,Conf,1,363,0,0,Walker,DEF,13,0,,0,0,1699,0.0
2862,363,14,9,PV,Conf,0,363,0,0,Walker,DEF,13,0,,0,0,1699,0.0
2863,363,3,15,PV,Conf,1,363,1,1,Walker,DEF,13,1,,0,1,1699,0.0005885815185403178
2864,52,14,14,PV,Conf,0,52,0,0,Pau,DEF,2,0,,0,0,1699,0.0
2865,52,4,15,PV,Conf,1,52,6,6,Pau,DEF,2,6,,0,6,1699,0.003531489111241907
2866,52,2,16,PV,Conf,1,52,1,1,Pau,DEF,2,1,,0,0,1699,0.0005885815185403178
2867,24,15,32,PV,Conf,0,24,0,0,White,DEF,1,0,,0,0,1699,0.0
2868,24,4,38,PV,Conf,1,24,5,5,White,DEF,1,5,,0,5,1699,0.002942907592701589
2869,506,13,31,PV,Conf,1,506,0,0,Van de Ven,DEF,18,0,,0,0,1699,0.0
2870,336,7,34,PV,Conf,1,336,9,9,Szoboszlai,MID,12,9,,0,9,1699,0.00529723366686286
2871,383,12,28,PV,Conf,0,383,3,0,Onana,GKP,14,0,,0,3,1699,0.0
2872,383,1,29,PV,Conf,1,383,7,7,Onana,GKP,14,7,,0,7,1699,0.004120070629782225
2873,383,1,30,PV,Conf,0,383,2,0,Onana,GKP,14,2,,0,2,1699,0.0011771630370806356
2874,110,11,8,PV,Conf,1,110,1,1,Wissa,FWD,4,1,,0,1,1699,0.0005885815185403178
2875,110,10,9,PV,Conf,1,110,10,10,Wissa,FWD,4,10,,0,10,1699,0.005885815185403178
2876,110,11,10,PV,Conf,1,110,2,2,Wissa,FWD,4,2,,0,2,1699,0.0011771630370806356
2877,110,10,11,PV,Conf,1,110,13,13,Wissa,FWD,4,13,,0,13,1699,0.007651559741024131
2878,110,11,12,PV,Conf,1,110,2,2,Wissa,FWD,4,2,,0,2,1699,0.0011771630370806356
2879,110,11,13,PV,Conf,1,110,8,8,Wissa,FWD,4,8,,0,8,1699,0.004708652148322542
2880,110,11,14,PV,Conf,1,110,2,2,Wissa,FWD,4,2,,0,2,1699,0.0011771630370806356
2881,110,11,15,PV,Conf,1,110,7,7,Wissa,FWD,4,7,,0,7,1699,0.004120070629782225
2882,110,10,16,PV,Conf,1,110,2,2,Wissa,FWD,4,2,,0,2,1699,0.0011771630370806356
2883,110,10,17,PV,Conf,1,110,1,1,Wissa,FWD,4,1,,0,1,1699,0.0005885815185403178
2884,110,11,18,PV,Conf,1,110,2,2,Wissa,FWD,4,2,,0,2,1699,0.0011771630370806356
2885,110,11,19,PV,Conf,1,110,2,2,Wissa,FWD,4,2,,0,2,1699,0.0011771630370806356
2886,110,11,20,PV,Conf,1,110,11,11,Wissa,FWD,4,11,,0,11,1699,0.006474396703943496
2887,110,10,21,PV,Conf,1,110,6,6,Wissa,FWD,4,6,,0,6,1699,0.003531489111241907
2888,110,11,22,PV,Conf,1,110,2,2,Wissa,FWD,4,2,,0,2,1699,0.0011771630370806356
2889,110,11,23,PV,Conf,1,110,2,2,Wissa,FWD,4,2,,0,2,1699,0.0011771630370806356
2890,110,9,24,PV,Conf,1,110,2,2,Wissa,FWD,4,2,,0,2,1699,0.0011771630370806356
2891,110,11,25,PV,Conf,1,110,2,2,Wissa,FWD,4,2,,0,2,1699,0.0011771630370806356
2892,110,11,26,PV,Conf,1,110,8,8,Wissa,FWD,4,8,,0,8,1699,0.004708652148322542
2893,110,11,27,PV,Conf,1,110,9,9,Wissa,FWD,4,9,,0,9,1699,0.00529723366686286
2894,110,10,28,PV,Conf,1,110,2,2,Wissa,FWD,4,2,,0,2,1699,0.0011771630370806356
2895,110,10,29,PV,Conf,1,110,8,8,Wissa,FWD,4,8,,0,8,1699,0.004708652148322542
2896,110,11,30,PV,Conf,1,110,5,5,Wissa,FWD,4,5,,0,5,1699,0.002942907592701589
2897,110,11,31,PV,Conf,1,110,2,2,Wissa,FWD,4,2,,0,2,1699,0.0011771630370806356
2898,110,10,32,PV,Conf,1,110,9,9,Wissa,FWD,4,9,,0,9,1699,0.00529723366686286
2899,110,11,33,PV,Conf,1,110,11,11,Wissa,FWD,4,11,,0,11,1699,0.006474396703943496
2900,110,11,34,PV,Conf,1,110,7,7,Wissa,FWD,4,7,,0,7,1699,0.004120070629782225
2901,110,11,35,PV,Conf,1,110,7,7,Wissa,FWD,4,7,,0,7,1699,0.004120070629782225
2902,110,11,36,PV,Conf,1,110,1,1,Wissa,FWD,4,1,,0,1,1699,0.0005885815185403178
2903,110,11,37,PV,Conf,1,110,10,10,Wissa,FWD,4,10,,0,10,1699,0.005885815185403178
2904,110,10,38,PV,Conf,1,110,1,1,Wissa,FWD,4,1,,0,1,1699,0.0005885815185403178
2905,310,1,1,PV,Conf,1,310,7,7,A.Becker,GKP,12,7,62.0,1,7,1699,0.004120070629782225
2906,310,1,2,PV,Conf,1,310,6,6,A.Becker,GKP,12,6,62.0,1,6,1699,0.003531489111241907
2907,310,12,3,PV,Conf,0,310,8,0,A.Becker,GKP,12,0,62.0,1,8,1699,0.0
2908,310,1,4,PV,Conf,1,310,2,2,A.Becker,GKP,12,2,62.0,1,0,1699,0.0011771630370806356
2909,310,12,5,PV,Conf,1,310,0,0,A.Becker,GKP,12,0,62.0,1,0,1699,0.0
2910,310,1,6,PV,Conf,1,310,2,2,A.Becker,GKP,12,2,62.0,1,2,1699,0.0011771630370806356
2911,310,12,7,PV,Conf,0,310,10,0,A.Becker,GKP,12,0,62.0,1,10,1699,0.0
2912,310,12,8,PV,Conf,0,310,0,0,A.Becker,GKP,12,0,62.0,1,0,1699,0.0
2913,310,12,9,PV,Conf,0,310,0,0,A.Becker,GKP,12,0,62.0,1,0,1699,0.0
2914,310,12,10,PV,Conf,0,310,0,0,A.Becker,GKP,12,0,62.0,1,0,1699,0.0
2915,310,12,11,PV,Conf,0,310,0,0,A.Becker,GKP,12,0,62.0,1,0,1699,0.0
2916,310,12,12,PV,Conf,1,310,0,0,A.Becker,GKP,12,0,62.0,1,0,1699,0.0
2917,310,12,13,PV,Conf,0,310,0,0,A.Becker,GKP,12,0,62.0,1,0,1699,0.0
2918,310,12,14,PV,Conf,0,310,0,0,A.Becker,GKP,12,0,62.0,1,0,1699,0.0
2919,310,12,15,PV,Conf,1,310,0,0,A.Becker,GKP,12,0,62.0,1,0,1699,0.0
2920,310,1,16,PV,Conf,1,310,1,1,A.Becker,GKP,12,1,62.0,1,0,1699,0.0005885815185403178
2921,310,12,17,PV,Conf,0,310,1,0,A.Becker,GKP,12,0,62.0,1,0,1699,0.0
2922,310,1,18,PV,Conf,1,310,2,2,A.Becker,GKP,12,2,62.0,1,2,1699,0.0011771630370806356
2923,310,1,19,PV,Conf,0,310,6,0,A.Becker,GKP,12,6,62.0,1,6,1699,0.003531489111241907
2924,310,1,20,PV,Conf,1,310,1,1,A.Becker,GKP,12,1,62.0,1,0,1699,0.0005885815185403178
2925,310,12,21,PV,Conf,0,310,2,0,A.Becker,GKP,12,0,62.0,1,2,1699,0.0
2926,310,12,22,PV,Conf,0,310,9,0,A.Becker,GKP,12,0,62.0,1,9,1699,0.0
2927,310,1,23,PV,Conf,1,310,2,2,A.Becker,GKP,12,2,62.0,1,2,1699,0.0011771630370806356
2928,310,1,24,PV,Conf,1,310,10,10,A.Becker,GKP,12,10,62.0,1,10,1699,0.005885815185403178
2929,310,1,25,PV,Conf,1,310,4,4,A.Becker,GKP,12,4,62.0,1,4,1699,0.002354326074161271
2930,310,12,26,PV,Conf,0,310,8,0,A.Becker,GKP,12,0,62.0,1,8,1699,0.0
2931,310,12,27,PV,Conf,0,310,6,0,A.Becker,GKP,12,0,62.0,1,6,1699,0.0
2932,310,1,28,PV,Conf,1,310,3,3,A.Becker,GKP,12,3,62.0,1,0,1699,0.0017657445556209534
2933,310,12,29,PV,Conf,0,310,0,0,A.Becker,GKP,12,0,62.0,1,0,1699,0.0
2934,310,12,30,PV,Conf,1,310,0,0,A.Becker,GKP,12,0,62.0,1,0,1699,0.0
2935,310,12,31,PV,Conf,1,310,0,0,A.Becker,GKP,12,0,62.0,1,0,1699,0.0
2936,310,1,32,PV,Conf,1,310,3,3,A.Becker,GKP,12,3,62.0,1,3,1699,0.0017657445556209534
2937,310,1,33,PV,Conf,1,310,6,6,A.Becker,GKP,12,6,62.0,1,0,1699,0.003531489111241907
2938,310,1,34,PV,Conf,1,310,2,2,A.Becker,GKP,12,2,62.0,1,2,1699,0.0011771630370806356
2939,310,1,35,PV,Conf,0,310,2,0,A.Becker,GKP,12,2,62.0,1,2,1699,0.0011771630370806356
2940,310,1,36,PV,Conf,1,310,2,2,A.Becker,GKP,12,2,62.0,1,0,1699,0.0011771630370806356
2941,310,12,37,PV,Conf,0,310,4,0,A.Becker,GKP,12,0,62.0,1,4,1699,0.0
2942,310,1,38,PV,Conf,1,310,3,3,A.Becker,GKP,12,3,62.0,1,3,1699,0.0017657445556209534
2943,3,2,1,PV,Conf,1,3,6,6,Gabriel,DEF,1,6,37.0,1,6,1699,0.003531489111241907
2944,3,5,2,PV,Conf,0,3,6,0,Gabriel,DEF,1,6,37.0,1,6,1699,0.003531489111241907
2945,3,2,3,PV,Conf,1,3,2,2,Gabriel,DEF,1,2,37.0,1,2,1699,0.0011771630370806356
2946,3,15,4,PV,Conf,0,3,15,0,Gabriel,DEF,1,0,37.0,1,15,1699,0.0
2947,3,14,5,PV,Conf,0,3,7,0,Gabriel,DEF,1,0,37.0,1,7,1699,0.0
2948,3,2,6,PV,Conf,1,3,1,1,Gabriel,DEF,1,1,37.0,1,1,1699,0.0005885815185403178
2949,3,2,7,PV,Conf,1,3,2,2,Gabriel,DEF,1,2,37.0,1,2,1699,0.0011771630370806356
2950,3,2,8,PV,Conf,1,3,1,1,Gabriel,DEF,1,1,37.0,1,1,1699,0.0005885815185403178
2951,3,3,9,PV,Conf,1,3,1,1,Gabriel,DEF,1,1,37.0,1,1,1699,0.0005885815185403178
2952,3,2,10,PV,Conf,1,3,2,2,Gabriel,DEF,1,2,37.0,1,2,1699,0.0011771630370806356
2953,3,3,11,PV,Conf,1,3,2,2,Gabriel,DEF,1,2,37.0,1,2,1699,0.0011771630370806356
2954,3,2,12,PV,Conf,1,3,6,6,Gabriel,DEF,1,6,37.0,1,6,1699,0.003531489111241907
2955,3,2,13,PV,Conf,1,3,9,9,Gabriel,DEF,1,9,37.0,1,9,1699,0.00529723366686286
2956,3,15,14,PV,Conf,1,3,0,0,Gabriel,DEF,1,0,37.0,1,0,1699,0.0
2957,3,14,15,PV,Conf,0,3,0,0,Gabriel,DEF,1,0,37.0,1,0,1699,0.0
2958,3,3,16,PV,Conf,1,3,9,9,Gabriel,DEF,1,9,37.0,1,9,1699,0.00529723366686286
2959,3,3,17,PV,Conf,1,3,4,4,Gabriel,DEF,1,4,37.0,1,4,1699,0.002354326074161271
2960,3,3,18,PV,Conf,1,3,6,6,Gabriel,DEF,1,6,37.0,1,6,1699,0.003531489111241907
2961,3,2,19,PV,Conf,1,3,2,2,Gabriel,DEF,1,2,37.0,1,2,1699,0.0011771630370806356
2962,3,3,20,PV,Conf,1,3,2,2,Gabriel,DEF,1,2,37.0,1,2,1699,0.0011771630370806356
2963,3,4,21,PV,Conf,1,3,1,1,Gabriel,DEF,1,1,37.0,1,1,1699,0.0005885815185403178
2964,3,2,22,PV,Conf,1,3,1,1,Gabriel,DEF,1,1,37.0,1,1,1699,0.0005885815185403178
2965,3,2,23,PV,Conf,1,3,7,7,Gabriel,DEF,1,7,37.0,1,7,1699,0.004120070629782225
2966,3,3,24,PV,Conf,1,3,2,2,Gabriel,DEF,1,2,37.0,1,2,1699,0.0011771630370806356
2967,3,4,25,PV,Conf,1,3,6,6,Gabriel,DEF,1,6,37.0,1,6,1699,0.003531489111241907
2968,3,2,26,PV,Conf,1,3,2,2,Gabriel,DEF,1,2,37.0,1,2,1699,0.0011771630370806356
2969,3,2,27,PV,Conf,1,3,7,7,Gabriel,DEF,1,7,37.0,1,7,1699,0.004120070629782225
2970,3,4,28,PV,Conf,1,3,2,2,Gabriel,DEF,1,2,37.0,1,2,1699,0.0011771630370806356
2971,3,2,29,PV,Conf,1,3,5,5,Gabriel,DEF,1,5,37.0,1,5,1699,0.002942907592701589
2972,3,2,30,PV,Conf,1,3,1,1,Gabriel,DEF,1,1,37.0,1,0,1699,0.0005885815185403178
2973,339,3,1,PV,Conf,1,339,6,6,Virgil,DEF,12,6,48.0,1,6,1699,0.003531489111241907
2974,339,2,2,PV,Conf,1,339,7,7,Virgil,DEF,12,7,48.0,1,7,1699,0.004120070629782225
2975,339,3,3,PV,Conf,1,339,5,5,Virgil,DEF,12,5,48.0,1,5,1699,0.002942907592701589
2976,339,2,4,PV,Conf,1,339,2,2,Virgil,DEF,12,2,48.0,1,2,1699,0.0011771630370806356
2977,339,2,5,PV,Conf,1,339,6,6,Virgil,DEF,12,6,48.0,1,6,1699,0.003531489111241907
2978,339,3,6,PV,Conf,1,339,2,2,Virgil,DEF,12,2,48.0,1,2,1699,0.0011771630370806356
2979,339,3,7,PV,Conf,1,339,8,8,Virgil,DEF,12,8,48.0,1,8,1699,0.004708652148322542
2980,339,14,8,PV,Conf,0,339,2,0,Virgil,DEF,12,0,48.0,1,2,1699,0.0
2981,339,15,9,PV,Conf,0,339,7,0,Virgil,DEF,12,0,48.0,1,7,1699,0.0
2982,339,3,10,PV,Conf,1,339,5,5,Virgil,DEF,12,5,48.0,1,5,1699,0.002942907592701589
2983,339,5,11,PV,Conf,1,339,6,6,Virgil,DEF,12,6,48.0,1,6,1699,0.003531489111241907
2984,339,3,12,PV,Conf,1,339,1,1,Virgil,DEF,12,1,48.0,1,1,1699,0.0005885815185403178
2985,339,3,13,PV,Conf,1,339,6,6,Virgil,DEF,12,6,48.0,1,6,1699,0.003531489111241907
2986,339,3,14,PV,Conf,1,339,1,1,Virgil,DEF,12,1,48.0,1,1,1699,0.0005885815185403178
2987,339,2,15,PV,Conf,1,339,0,0,Virgil,DEF,12,0,48.0,1,0,1699,0.0
2988,339,4,16,PV,Conf,1,339,1,1,Virgil,DEF,12,1,48.0,1,0,1699,0.0005885815185403178
2989,339,4,17,PV,Conf,1,339,1,1,Virgil,DEF,12,1,48.0,1,1,1699,0.0005885815185403178
2990,339,4,18,PV,Conf,1,339,2,2,Virgil,DEF,12,2,48.0,1,2,1699,0.0011771630370806356
2991,339,3,19,PV,Conf,1,339,6,6,Virgil,DEF,12,6,48.0,1,6,1699,0.003531489111241907
2992,339,4,20,PV,Conf,1,339,1,1,Virgil,DEF,12,1,48.0,1,1,1699,0.0005885815185403178
2993,339,5,21,PV,Conf,1,339,2,2,Virgil,DEF,12,2,48.0,1,2,1699,0.0011771630370806356
2994,339,3,22,PV,Conf,1,339,6,6,Virgil,DEF,12,6,48.0,1,6,1699,0.003531489111241907
2995,339,3,23,PV,Conf,1,339,2,2,Virgil,DEF,12,2,48.0,1,2,1699,0.0011771630370806356
2996,339,2,24,PV,Conf,1,339,6,6,Virgil,DEF,12,6,48.0,1,6,1699,0.003531489111241907
2997,339,3,25,PV,Conf,1,339,2,2,Virgil,DEF,12,2,48.0,1,2,1699,0.0011771630370806356
2998,339,3,26,PV,Conf,1,339,6,6,Virgil,DEF,12,6,48.0,1,6,1699,0.003531489111241907
2999,339,3,27,PV,Conf,1,339,7,7,Virgil,DEF,12,7,48.0,1,7,1699,0.004120070629782225
3000,339,3,28,PV,Conf,1,339,2,2,Virgil,DEF,12,2,48.0,1,2,1699,0.0011771630370806356
3001,339,15,29,PV,Conf,0,339,0,0,Virgil,DEF,12,0,48.0,1,0,1699,0.0
3002,339,3,30,PV,Conf,1,339,8,8,Virgil,DEF,12,8,48.0,1,8,1699,0.004708652148322542
3003,339,3,31,PV,Conf,1,339,1,1,Virgil,DEF,12,1,48.0,1,1,1699,0.0005885815185403178
3004,339,2,32,PV,Conf,1,339,9,9,Virgil,DEF,12,9,48.0,1,9,1699,0.00529723366686286
3005,339,3,33,PV,Conf,1,339,7,7,Virgil,DEF,12,7,48.0,1,7,1699,0.004120070629782225
3006,339,2,34,PV,Conf,1,339,2,2,Virgil,DEF,12,2,48.0,1,2,1699,0.0011771630370806356
3007,339,2,35,PV,Conf,1,339,6,6,Virgil,DEF,12,6,48.0,1,6,1699,0.003531489111241907
3008,339,2,36,PV,Conf,1,339,1,1,Virgil,DEF,12,1,48.0,1,1,1699,0.0005885815185403178
3009,339,13,37,PV,Conf,1,339,0,0,Virgil,DEF,12,0,48.0,1,0,1699,0.0
3010,339,3,38,PV,Conf,1,339,1,1,Virgil,DEF,12,1,48.0,1,0,1699,0.0005885815185403178
3011,211,4,1,PV,Conf,1,211,4,4,Muñoz,DEF,7,4,90.0,1,4,1699,0.002354326074161271
3012,211,4,2,PV,Conf,1,211,1,1,Muñoz,DEF,7,1,90.0,1,1,1699,0.0005885815185403178
3013,211,4,3,PV,Conf,0,211,1,0,Muñoz,DEF,7,1,90.0,1,1,1699,0.0005885815185403178
3014,211,4,4,PV,Conf,1,211,1,1,Muñoz,DEF,7,1,90.0,1,1,1699,0.0005885815185403178
3015,211,15,5,PV,Conf,0,211,6,0,Muñoz,DEF,7,0,90.0,1,6,1699,0.0
3016,211,14,18,PV,Conf,0,211,6,0,Muñoz,DEF,7,0,90.0,1,6,1699,0.0
3017,211,5,19,PV,Conf,1,211,2,2,Muñoz,DEF,7,2,90.0,1,2,1699,0.0011771630370806356
3018,211,15,20,PV,Conf,0,211,2,0,Muñoz,DEF,7,0,90.0,1,2,1699,0.0
3019,211,15,21,PV,Conf,0,211,6,0,Muñoz,DEF,7,0,90.0,1,6,1699,0.0
3020,211,14,22,PV,Conf,0,211,6,0,Muñoz,DEF,7,0,90.0,1,6,1699,0.0
3021,211,15,23,PV,Conf,0,211,4,0,Muñoz,DEF,7,0,90.0,1,4,1699,0.0
3022,211,14,24,PV,Conf,0,211,11,0,Muñoz,DEF,7,0,90.0,1,11,1699,0.0
3023,211,2,25,PV,Conf,1,211,1,1,Muñoz,DEF,7,1,90.0,1,1,1699,0.0005885815185403178
3024,211,4,26,PV,Conf,1,211,13,13,Muñoz,DEF,7,13,90.0,1,13,1699,0.007651559741024131
3025,211,5,27,PV,Conf,1,211,4,4,Muñoz,DEF,7,4,90.0,1,4,1699,0.002354326074161271
3026,211,2,28,PV,Conf,1,211,6,6,Muñoz,DEF,7,6,90.0,1,6,1699,0.003531489111241907
3027,211,14,29,PV,Conf,0,211,0,0,Muñoz,DEF,7,0,90.0,1,0,1699,0.0
3028,211,5,30,PV,Conf,1,211,2,2,Muñoz,DEF,7,2,90.0,1,2,1699,0.0011771630370806356
3029,211,2,31,PV,Conf,0,211,8,0,Muñoz,DEF,7,8,90.0,1,8,1699,0.004708652148322542
3030,211,4,32,PV,Conf,1,211,-1,-1,Muñoz,DEF,7,-1,90.0,1,0,1699,-0.0005885815185403178
3031,211,5,33,PV,Conf,1,211,6,6,Muñoz,DEF,7,6,90.0,1,6,1699,0.003531489111241907
3032,211,15,34,PV,Conf,0,211,0,0,Muñoz,DEF,7,0,90.0,1,0,1699,0.0
3033,211,5,35,PV,Conf,0,211,1,0,Muñoz,DEF,7,1,90.0,1,1,1699,0.0005885815185403178
3034,211,14,36,PV,Conf,0,211,11,0,Muñoz,DEF,7,0,90.0,1,11,1699,0.0
3035,211,4,37,PV,Conf,1,211,1,1,Muñoz,DEF,7,1,90.0,1,1,1699,0.0005885815185403178
3036,550,5,1,PV,Conf,0,550,2,0,Hee Chan,MID,20,2,79.0,1,2,1699,0.0011771630370806356
3037,550,9,2,PV,Conf,1,550,1,1,Hee Chan,MID,20,1,79.0,1,1,1699,0.0005885815185403178
3038,550,9,3,PV,Conf,1,550,1,1,Hee Chan,MID,20,1,79.0,1,1,1699,0.0005885815185403178
3039,348,6,1,PV,Conf,1,348,1,1,Foden,MID,13,1,6.0,1,1,1699,0.0005885815185403178
3040,348,13,2,PV,Conf,1,348,0,0,Foden,MID,13,0,6.0,1,0,1699,0.0
3041,348,15,3,PV,Conf,1,348,0,0,Foden,MID,13,0,6.0,1,0,1699,0.0
3042,348,14,4,PV,Conf,1,348,0,0,Foden,MID,13,0,6.0,1,0,1699,0.0
3043,348,5,5,PV,Conf,1,348,1,1,Foden,MID,13,1,6.0,1,1,1699,0.0005885815185403178
3044,348,9,6,PV,Conf,0,348,1,0,Foden,MID,13,1,6.0,1,1,1699,0.0005885815185403178
3045,348,5,7,PV,Conf,1,348,2,2,Foden,MID,13,2,6.0,1,2,1699,0.0011771630370806356
3046,348,5,8,PV,Conf,1,348,4,4,Foden,MID,13,4,6.0,1,4,1699,0.002354326074161271
3047,348,5,9,PV,Conf,1,348,3,3,Foden,MID,13,3,6.0,1,3,1699,0.0017657445556209534
3048,348,6,10,PV,Conf,1,348,2,2,Foden,MID,13,2,6.0,1,2,1699,0.0011771630370806356
3049,348,6,11,PV,Conf,1,348,2,2,Foden,MID,13,2,6.0,1,2,1699,0.0011771630370806356
3050,348,6,12,PV,Conf,1,348,2,2,Foden,MID,13,2,6.0,1,2,1699,0.0011771630370806356
3051,348,7,13,PV,Conf,1,348,1,1,Foden,MID,13,1,6.0,1,1,1699,0.0005885815185403178
3052,348,5,14,PV,Conf,1,348,0,0,Foden,MID,13,0,6.0,1,0,1699,0.0
3053,348,15,15,PV,Conf,0,348,0,0,Foden,MID,13,0,6.0,1,0,1699,0.0
3054,348,6,16,PV,Conf,1,348,2,2,Foden,MID,13,2,6.0,1,2,1699,0.0011771630370806356
3055,348,6,17,PV,Conf,1,348,9,9,Foden,MID,13,9,6.0,1,9,1699,0.00529723366686286
3056,348,6,18,PV,Conf,1,348,2,2,Foden,MID,13,2,6.0,1,2,1699,0.0011771630370806356
3057,348,6,19,PV,Conf,1,348,6,6,Foden,MID,13,6,6.0,1,6,1699,0.003531489111241907
3058,348,6,20,PV,Conf,1,348,8,8,Foden,MID,13,8,6.0,1,8,1699,0.004708652148322542
3059,348,6,21,PV,Conf,1,348,15,15,Foden,MID,13,15,6.0,1,15,1699,0.008828722778104767
3060,348,5,22,PV,Conf,1,348,19,19,Foden,MID,13,19,6.0,1,19,1699,0.011183048852266038
3061,348,5,23,PV,Conf,1,348,7,7,Foden,MID,13,7,6.0,1,7,1699,0.004120070629782225
3062,348,8,24,PV,Conf,1,348,2,2,Foden,MID,13,2,6.0,1,2,1699,0.0011771630370806356
3063,348,5,25,PV,Conf,1,348,3,3,Foden,MID,13,3,6.0,1,3,1699,0.0017657445556209534
3064,348,5,26,PV,Conf,1,348,2,2,Foden,MID,13,2,6.0,1,2,1699,0.0011771630370806356
3065,348,6,27,PV,Conf,1,348,1,1,Foden,MID,13,1,6.0,1,0,1699,0.0005885815185403178
3066,348,9,28,PV,Conf,1,348,3,3,Foden,MID,13,3,6.0,1,3,1699,0.0017657445556209534
3067,348,8,29,PV,Conf,1,348,1,1,Foden,MID,13,1,6.0,1,1,1699,0.0005885815185403178
3068,348,13,30,PV,Conf,1,348,0,0,Foden,MID,13,0,6.0,1,0,1699,0.0
3069,348,14,31,PV,Conf,0,348,1,0,Foden,MID,13,0,6.0,1,1,1699,0.0
3070,348,13,32,PV,Conf,0,348,0,0,Foden,MID,13,0,6.0,1,0,1699,0.0
3071,348,13,33,PV,Conf,1,348,0,0,Foden,MID,13,0,6.0,1,0,1699,0.0
3072,317,7,1,PV,Conf,1,317,8,8,Diogo J.,MID,12,8,20.0,1,8,1699,0.004708652148322542
3073,317,6,2,PV,Conf,1,317,6,6,Diogo J.,MID,12,6,20.0,1,6,1699,0.003531489111241907
3074,317,6,3,PV,Conf,1,317,3,3,Diogo J.,MID,12,3,20.0,1,3,1699,0.0017657445556209534
3075,317,6,4,PV,Conf,1,317,1,1,Diogo J.,MID,12,1,20.0,1,1,1699,0.0005885815185403178
3076,317,13,5,PV,Conf,1,317,0,0,Diogo J.,MID,12,0,20.0,1,0,1699,0.0
3077,317,5,6,PV,Conf,1,317,8,8,Diogo J.,MID,12,8,20.0,1,8,1699,0.004708652148322542
3078,317,6,7,PV,Conf,1,317,8,8,Diogo J.,MID,12,8,20.0,1,8,1699,0.004708652148322542
3079,317,6,8,PV,Conf,1,317,1,1,Diogo J.,MID,12,1,20.0,1,0,1699,0.0005885815185403178
3080,317,13,9,PV,Conf,0,317,0,0,Diogo J.,MID,12,0,20.0,1,0,1699,0.0
3081,317,15,10,PV,Conf,0,317,0,0,Diogo J.,MID,12,0,20.0,1,0,1699,0.0
3082,317,15,11,PV,Conf,0,317,0,0,Diogo J.,MID,12,0,20.0,1,0,1699,0.0
3083,317,15,12,PV,Conf,0,317,0,0,Diogo J.,MID,12,0,20.0,1,0,1699,0.0
3084,317,14,13,PV,Conf,0,317,0,0,Diogo J.,MID,12,0,20.0,1,0,1699,0.0
3085,317,13,14,PV,Conf,0,317,0,0,Diogo J.,MID,12,0,20.0,1,0,1699,0.0
3086,317,13,15,PV,Conf,0,317,0,0,Diogo J.,MID,12,0,20.0,1,0,1699,0.0
3087,317,13,16,PV,Conf,0,317,8,0,Diogo J.,MID,12,0,20.0,1,8,1699,0.0
3088,317,8,17,PV,Conf,1,317,1,1,Diogo J.,MID,12,1,20.0,1,0,1699,0.0005885815185403178
3089,317,9,18,PV,Conf,1,317,1,1,Diogo J.,MID,12,1,20.0,1,0,1699,0.0005885815185403178
3090,317,7,19,PV,Conf,1,317,6,6,Diogo J.,MID,12,6,20.0,1,6,1699,0.003531489111241907
3091,317,9,20,PV,Conf,1,317,1,1,Diogo J.,MID,12,1,20.0,1,1,1699,0.0005885815185403178
3092,317,8,21,PV,Conf,1,317,7,7,Diogo J.,MID,12,7,20.0,1,7,1699,0.004120070629782225
3093,317,13,22,PV,Conf,1,317,0,0,Diogo J.,MID,12,0,20.0,1,0,1699,0.0
3094,317,13,23,PV,Conf,1,317,0,0,Diogo J.,MID,12,0,20.0,1,0,1699,0.0
3095,317,5,24,PV,Conf,1,317,1,1,Diogo J.,MID,12,1,20.0,1,1,1699,0.0005885815185403178
3096,317,7,25,PV,Conf,1,317,8,8,Diogo J.,MID,12,8,20.0,1,8,1699,0.004708652148322542
3097,317,13,26,PV,Conf,1,317,0,0,Diogo J.,MID,12,0,20.0,1,0,1699,0.0
3098,317,7,27,PV,Conf,1,317,3,3,Diogo J.,MID,12,3,20.0,1,3,1699,0.0017657445556209534
3099,317,6,28,PV,Conf,1,317,1,1,Diogo J.,MID,12,1,20.0,1,1,1699,0.0005885815185403178
3100,317,13,29,PV,Conf,0,317,0,0,Diogo J.,MID,12,0,20.0,1,0,1699,0.0
3101,317,7,30,PV,Conf,1,317,7,7,Diogo J.,MID,12,7,20.0,1,7,1699,0.004120070629782225
3102,317,5,31,PV,Conf,1,317,2,2,Diogo J.,MID,12,2,20.0,1,2,1699,0.0011771630370806356
3103,317,6,32,PV,Conf,1,317,1,1,Diogo J.,MID,12,1,20.0,1,1,1699,0.0005885815185403178
3104,317,6,33,PV,Conf,1,317,1,1,Diogo J.,MID,12,1,20.0,1,1,1699,0.0005885815185403178
3105,317,6,34,PV,Conf,1,317,1,1,Diogo J.,MID,12,1,20.0,1,1,1699,0.0005885815185403178
3106,99,8,1,PV,Conf,1,99,9,9,Mbeumo,MID,4,9,23.0,1,9,1699,0.00529723366686286
3107,99,7,2,PV,Conf,1,99,1,1,Mbeumo,MID,4,1,23.0,1,1,1699,0.0005885815185403178
3108,99,7,3,PV,Conf,1,99,14,14,Mbeumo,MID,4,14,23.0,1,14,1699,0.00824014125956445
3109,99,7,4,PV,Conf,1,99,2,2,Mbeumo,MID,4,2,23.0,1,2,1699,0.0011771630370806356
3110,99,7,5,PV,Conf,1,99,8,8,Mbeumo,MID,4,8,23.0,1,8,1699,0.004708652148322542
3111,99,6,6,PV,Conf,1,99,9,9,Mbeumo,MID,4,9,23.0,1,9,1699,0.00529723366686286
3112,99,7,7,PV,Conf,1,99,8,8,Mbeumo,MID,4,8,23.0,1,8,1699,0.004708652148322542
3113,99,7,8,PV,Conf,1,99,2,2,Mbeumo,MID,4,2,23.0,1,2,1699,0.0011771630370806356
3114,99,6,9,PV,Conf,1,99,15,15,Mbeumo,MID,4,15,23.0,1,15,1699,0.008828722778104767
3115,99,7,10,PV,Conf,1,99,3,3,Mbeumo,MID,4,3,23.0,1,3,1699,0.0017657445556209534
3116,99,7,11,PV,Conf,1,99,5,5,Mbeumo,MID,4,5,23.0,1,5,1699,0.002942907592701589
3117,99,7,12,PV,Conf,1,99,3,3,Mbeumo,MID,4,3,23.0,1,3,1699,0.0017657445556209534
3118,99,8,13,PV,Conf,1,99,2,2,Mbeumo,MID,4,2,23.0,1,2,1699,0.0011771630370806356
3119,99,6,14,PV,Conf,1,99,2,2,Mbeumo,MID,4,2,23.0,1,2,1699,0.0011771630370806356
3120,99,6,15,PV,Conf,1,99,13,13,Mbeumo,MID,4,13,23.0,1,13,1699,0.007651559741024131
3121,99,7,16,PV,Conf,1,99,9,9,Mbeumo,MID,4,9,23.0,1,9,1699,0.00529723366686286
3122,99,7,17,PV,Conf,1,99,2,2,Mbeumo,MID,4,2,23.0,1,2,1699,0.0011771630370806356
3123,99,7,18,PV,Conf,1,99,3,3,Mbeumo,MID,4,3,23.0,1,3,1699,0.0017657445556209534
3124,99,8,19,PV,Conf,1,99,7,7,Mbeumo,MID,4,7,23.0,1,7,1699,0.004120070629782225
3125,99,7,20,PV,Conf,1,99,19,19,Mbeumo,MID,4,19,23.0,1,19,1699,0.011183048852266038
3126,99,7,21,PV,Conf,1,99,2,2,Mbeumo,MID,4,2,23.0,1,2,1699,0.0011771630370806356
3127,99,7,22,PV,Conf,1,99,2,2,Mbeumo,MID,4,2,23.0,1,2,1699,0.0011771630370806356
3128,99,7,23,PV,Conf,1,99,7,7,Mbeumo,MID,4,7,23.0,1,7,1699,0.004120070629782225
3129,99,6,24,PV,Conf,1,99,2,2,Mbeumo,MID,4,2,23.0,1,2,1699,0.0011771630370806356
3130,99,9,25,PV,Conf,1,99,3,3,Mbeumo,MID,4,3,23.0,1,3,1699,0.0017657445556209534
3131,99,6,26,PV,Conf,1,99,14,14,Mbeumo,MID,4,14,23.0,1,14,1699,0.00824014125956445
3132,99,8,27,PV,Conf,1,99,5,5,Mbeumo,MID,4,5,23.0,1,5,1699,0.002942907592701589
3133,99,7,28,PV,Conf,1,99,2,2,Mbeumo,MID,4,2,23.0,1,2,1699,0.0011771630370806356
3134,99,6,29,PV,Conf,1,99,6,6,Mbeumo,MID,4,6,23.0,1,6,1699,0.003531489111241907
3135,99,8,30,PV,Conf,1,99,8,8,Mbeumo,MID,4,8,23.0,1,8,1699,0.004708652148322542
3136,99,6,31,PV,Conf,1,99,3,3,Mbeumo,MID,4,3,23.0,1,3,1699,0.0017657445556209534
3137,99,7,32,PV,Conf,1,99,2,2,Mbeumo,MID,4,2,23.0,1,2,1699,0.0011771630370806356
3138,99,7,33,PV,Conf,1,99,18,18,Mbeumo,MID,4,18,23.0,1,18,1699,0.01059446733372572
3139,99,8,34,PV,Conf,1,99,2,2,Mbeumo,MID,4,2,23.0,1,2,1699,0.0011771630370806356
3140,99,8,35,PV,Conf,1,99,5,5,Mbeumo,MID,4,5,23.0,1,5,1699,0.002942907592701589
3141,99,6,36,PV,Conf,1,99,6,6,Mbeumo,MID,4,6,23.0,1,6,1699,0.003531489111241907
3142,99,7,37,PV,Conf,1,99,5,5,Mbeumo,MID,4,5,23.0,1,5,1699,0.002942907592701589
3143,99,7,38,PV,Conf,1,99,8,8,Mbeumo,MID,4,8,23.0,1,8,1699,0.004708652148322542
3144,16,9,1,PV,Conf,1,16,3,3,Rice,MID,1,3,51.0,1,3,1699,0.0017657445556209534
3145,16,8,2,PV,Conf,1,16,2,2,Rice,MID,1,2,51.0,1,2,1699,0.0011771630370806356
3146,16,8,3,PV,Conf,1,16,-2,-2,Rice,MID,1,-2,51.0,1,0,1699,-0.0011771630370806356
3147,401,10,1,PV,Conf,1,401,5,5,Isak,FWD,15,5,9.0,1,5,1699,0.002942907592701589
3148,401,10,2,PV,Conf,1,401,2,2,Isak,FWD,15,2,9.0,1,2,1699,0.0011771630370806356
3149,401,10,3,PV,Conf,1,401,9,9,Isak,FWD,15,9,9.0,1,9,1699,0.00529723366686286
3150,401,10,4,PV,Conf,1,401,1,1,Isak,FWD,15,1,9.0,1,1,1699,0.0005885815185403178
3151,401,9,5,PV,Conf,1,401,2,2,Isak,FWD,15,2,9.0,1,2,1699,0.0011771630370806356
3152,401,13,6,PV,Conf,1,401,0,0,Isak,FWD,15,0,9.0,1,0,1699,0.0
3153,401,13,7,PV,Conf,1,401,0,0,Isak,FWD,15,0,9.0,1,0,1699,0.0
3154,401,9,8,PV,Conf,1,401,2,2,Isak,FWD,15,2,9.0,1,2,1699,0.0011771630370806356
3155,401,9,9,PV,Conf,1,401,6,6,Isak,FWD,15,6,9.0,1,6,1699,0.003531489111241907
3156,401,9,10,PV,Conf,1,401,9,9,Isak,FWD,15,9,9.0,1,9,1699,0.00529723366686286
3157,401,9,11,PV,Conf,1,401,11,11,Isak,FWD,15,11,9.0,1,11,1699,0.006474396703943496
3158,401,9,12,PV,Conf,1,401,2,2,Isak,FWD,15,2,9.0,1,2,1699,0.0011771630370806356
3159,401,9,13,PV,Conf,1,401,1,1,Isak,FWD,15,1,9.0,1,1,1699,0.0005885815185403178
3160,401,9,14,PV,Conf,1,401,11,11,Isak,FWD,15,11,9.0,1,11,1699,0.006474396703943496
3161,401,9,15,PV,Conf,1,401,8,8,Isak,FWD,15,8,9.0,1,8,1699,0.004708652148322542
3162,401,9,16,PV,Conf,1,401,11,11,Isak,FWD,15,11,9.0,1,11,1699,0.006474396703943496
3163,401,9,17,PV,Conf,1,401,17,17,Isak,FWD,15,17,9.0,1,17,1699,0.010005885815185403
3164,401,10,18,PV,Conf,1,401,8,8,Isak,FWD,15,8,9.0,1,8,1699,0.004708652148322542
3165,401,10,19,PV,Conf,1,401,7,7,Isak,FWD,15,7,9.0,1,7,1699,0.004120070629782225
3166,401,10,20,PV,Conf,1,401,7,7,Isak,FWD,15,7,9.0,1,7,1699,0.004120070629782225
3167,401,9,21,PV,Conf,1,401,16,16,Isak,FWD,15,16,9.0,1,16,1699,0.009417304296645085
3168,401,9,22,PV,Conf,1,401,2,2,Isak,FWD,15,2,9.0,1,2,1699,0.0011771630370806356
3169,401,9,23,PV,Conf,1,401,13,13,Isak,FWD,15,13,9.0,1,13,1699,0.007651559741024131
3170,401,10,24,PV,Conf,1,401,2,2,Isak,FWD,15,2,9.0,1,2,1699,0.0011771630370806356
3171,401,10,25,PV,Conf,1,401,2,2,Isak,FWD,15,2,9.0,1,2,1699,0.0011771630370806356
3172,401,10,26,PV,Conf,1,401,13,13,Isak,FWD,15,13,9.0,1,13,1699,0.007651559741024131
3173,401,13,27,PV,Conf,1,401,0,0,Isak,FWD,15,0,9.0,1,0,1699,0.0
3174,401,11,28,PV,Conf,1,401,2,2,Isak,FWD,15,2,9.0,1,2,1699,0.0011771630370806356
3175,401,11,29,PV,Conf,1,401,0,0,Isak,FWD,15,0,9.0,1,0,1699,0.0
3176,401,9,30,PV,Conf,1,401,8,8,Isak,FWD,15,8,9.0,1,8,1699,0.004708652148322542
3177,401,9,31,PV,Conf,1,401,2,2,Isak,FWD,15,2,9.0,1,2,1699,0.0011771630370806356
3178,401,11,32,PV,Conf,1,401,11,11,Isak,FWD,15,11,9.0,1,11,1699,0.006474396703943496
3179,401,10,33,PV,Conf,1,401,2,2,Isak,FWD,15,2,9.0,1,2,1699,0.0011771630370806356
3180,401,10,34,PV,Conf,1,401,6,6,Isak,FWD,15,6,9.0,1,6,1699,0.003531489111241907
3181,401,9,35,PV,Conf,1,401,9,9,Isak,FWD,15,9,9.0,1,9,1699,0.00529723366686286
3182,401,9,36,PV,Conf,1,401,2,2,Isak,FWD,15,2,9.0,1,2,1699,0.0011771630370806356
3183,401,14,37,PV,Conf,1,401,0,0,Isak,FWD,15,0,9.0,1,0,1699,0.0
3184,401,11,38,PV,Conf,1,401,2,2,Isak,FWD,15,2,9.0,1,2,1699,0.0011771630370806356
3185,251,11,1,PV,Conf,1,251,2,2,Muniz,FWD,9,2,65.0,1,2,1699,0.0011771630370806356
3186,251,11,2,PV,Conf,1,251,2,2,Muniz,FWD,9,2,65.0,1,2,1699,0.0011771630370806356
3187,251,11,3,PV,Conf,1,251,2,2,Muniz,FWD,9,2,65.0,1,2,1699,0.0011771630370806356
3188,251,11,4,PV,Conf,1,251,1,1,Muniz,FWD,9,1,65.0,1,1,1699,0.0005885815185403178
3189,251,11,5,PV,Conf,1,251,4,4,Muniz,FWD,9,4,65.0,1,4,1699,0.002354326074161271
3190,513,12,1,PV,Conf,0,513,1,0,Areola,GKP,19,0,104.0,1,0,1699,0.0
3191,362,13,1,PV,Conf,1,362,0,0,Stones,DEF,13,0,76.0,1,0,1699,0.0
3192,362,3,2,PV,Conf,1,362,1,1,Stones,DEF,13,1,76.0,1,1,1699,0.0005885815185403178
3193,362,14,3,PV,Conf,1,362,0,0,Stones,DEF,13,0,76.0,1,0,1699,0.0
3194,362,3,4,PV,Conf,1,362,1,1,Stones,DEF,13,1,76.0,1,1,1699,0.0005885815185403178
3195,362,3,5,PV,Conf,1,362,7,7,Stones,DEF,13,7,76.0,1,7,1699,0.004120070629782225
3196,362,14,6,PV,Conf,0,362,0,0,Stones,DEF,13,0,76.0,1,0,1699,0.0
3197,362,14,7,PV,Conf,0,362,1,0,Stones,DEF,13,0,76.0,1,1,1699,0.0
3198,362,3,8,PV,Conf,1,362,9,9,Stones,DEF,13,9,76.0,1,9,1699,0.00529723366686286
3199,362,2,9,PV,Conf,1,362,1,1,Stones,DEF,13,1,76.0,1,1,1699,0.0005885815185403178
3200,362,13,10,PV,Conf,1,362,0,0,Stones,DEF,13,0,76.0,1,0,1699,0.0
3201,593,14,1,PV,Conf,0,593,1,0,De Ligt,DEF,14,0,93.0,1,0,1699,0.0
3202,593,14,2,PV,Conf,0,593,1,0,De Ligt,DEF,14,0,93.0,1,0,1699,0.0
3203,593,5,3,PV,Conf,0,593,0,0,De Ligt,DEF,14,0,93.0,1,0,1699,0.0
3204,593,5,4,PV,Conf,0,593,15,0,De Ligt,DEF,14,15,93.0,1,15,1699,0.008828722778104767
3205,593,4,5,PV,Conf,1,593,6,6,De Ligt,DEF,14,6,93.0,1,6,1699,0.003531489111241907
3206,593,15,6,PV,Conf,0,593,1,0,De Ligt,DEF,14,0,93.0,1,1,1699,0.0
3207,593,15,7,PV,Conf,0,593,1,0,De Ligt,DEF,14,0,93.0,1,0,1699,0.0
3208,593,4,8,PV,Conf,0,593,2,0,De Ligt,DEF,14,2,93.0,1,2,1699,0.0011771630370806356
3209,593,4,9,PV,Conf,1,593,0,0,De Ligt,DEF,14,0,93.0,1,0,1699,0.0
3210,593,14,10,PV,Conf,0,593,2,0,De Ligt,DEF,14,0,93.0,1,2,1699,0.0
3211,593,4,11,PV,Conf,1,593,6,6,De Ligt,DEF,14,6,93.0,1,6,1699,0.003531489111241907
3212,593,4,12,PV,Conf,1,593,2,2,De Ligt,DEF,14,2,93.0,1,2,1699,0.0011771630370806356
3213,593,5,13,PV,Conf,1,593,1,1,De Ligt,DEF,14,1,93.0,1,1,1699,0.0005885815185403178
3214,593,2,14,PV,Conf,0,593,1,0,De Ligt,DEF,14,1,93.0,1,1,1699,0.0005885815185403178
3215,593,5,15,PV,Conf,1,593,1,1,De Ligt,DEF,14,1,93.0,1,1,1699,0.0005885815185403178
3216,593,15,16,PV,Conf,0,593,2,0,De Ligt,DEF,14,0,93.0,1,2,1699,0.0
3217,593,15,17,PV,Conf,0,593,0,0,De Ligt,DEF,14,0,93.0,1,0,1699,0.0
3218,593,15,22,PV,Conf,0,593,1,0,De Ligt,DEF,14,0,93.0,1,1,1699,0.0
3219,375,15,1,PV,Conf,0,375,0,0,Højlund,FWD,14,0,34.0,1,0,1699,0.0
3220,375,15,2,PV,Conf,0,375,0,0,Højlund,FWD,14,0,34.0,1,0,1699,0.0
3221,375,13,3,PV,Conf,0,375,0,0,Højlund,FWD,14,0,34.0,1,0,1699,0.0
3222,375,13,4,PV,Conf,0,375,0,0,Højlund,FWD,14,0,34.0,1,0,1699,0.0
3223,375,10,5,PV,Conf,1,375,1,1,Højlund,FWD,14,1,34.0,1,0,1699,0.0005885815185403178
3224,375,10,6,PV,Conf,1,375,1,1,Højlund,FWD,14,1,34.0,1,1,1699,0.0005885815185403178
3225,375,11,7,PV,Conf,1,375,2,2,Højlund,FWD,14,2,34.0,1,2,1699,0.0011771630370806356
3226,375,10,8,PV,Conf,1,375,8,8,Højlund,FWD,14,8,34.0,1,8,1699,0.004708652148322542
3227,375,11,9,PV,Conf,1,375,2,2,Højlund,FWD,14,2,34.0,1,2,1699,0.0011771630370806356
3228,375,10,10,PV,Conf,1,375,5,5,Højlund,FWD,14,5,34.0,1,5,1699,0.002942907592701589
3229,375,11,11,PV,Conf,1,375,2,2,Højlund,FWD,14,2,34.0,1,2,1699,0.0011771630370806356
3230,375,10,12,PV,Conf,1,375,1,1,Højlund,FWD,14,1,34.0,1,1,1699,0.0005885815185403178
3231,375,10,13,PV,Conf,1,375,0,0,Højlund,FWD,14,0,34.0,1,0,1699,0.0
3232,375,10,14,PV,Conf,1,375,2,2,Højlund,FWD,14,2,34.0,1,2,1699,0.0011771630370806356
3233,375,10,15,PV,Conf,1,375,8,8,Højlund,FWD,14,8,34.0,1,8,1699,0.004708652148322542
3234,375,11,16,PV,Conf,1,375,1,1,Højlund,FWD,14,1,34.0,1,0,1699,0.0005885815185403178
3235,375,11,17,PV,Conf,1,375,1,1,Højlund,FWD,14,1,34.0,1,0,1699,0.0005885815185403178
3236,375,13,18,PV,Conf,0,375,2,0,Højlund,FWD,14,0,34.0,1,2,1699,0.0
3237,375,14,19,PV,Conf,0,375,2,0,Højlund,FWD,14,0,34.0,1,2,1699,0.0
3238,375,13,20,PV,Conf,0,375,2,0,Højlund,FWD,14,0,34.0,1,2,1699,0.0
3239,375,11,21,PV,Conf,1,375,1,1,Højlund,FWD,14,1,34.0,1,0,1699,0.0005885815185403178
3240,375,10,22,PV,Conf,1,375,1,1,Højlund,FWD,14,1,34.0,1,1,1699,0.0005885815185403178
3241,44,4,24,PV,Conf,1,44,1,1,Konsa,DEF,2,1,,0,0,1699,0.0005885815185403178
3242,44,13,25,PV,Conf,0,44,0,0,Konsa,DEF,2,0,,0,0,1699,0.0
3243,44,14,35,PV,Conf,0,44,6,0,Konsa,DEF,2,0,,0,6,1699,0.0
3244,44,15,36,PV,Conf,0,44,5,0,Konsa,DEF,2,0,,0,5,1699,0.0
3245,199,6,23,PV,Conf,0,199,2,0,Eze,MID,7,2,,0,0,1699,0.0011771630370806356
3246,199,7,24,PV,Conf,1,199,1,1,Eze,MID,7,1,,0,0,1699,0.0005885815185403178
3247,199,6,25,PV,Conf,1,199,1,1,Eze,MID,7,1,,0,1,1699,0.0005885815185403178
3248,578,14,23,PV,Conf,0,578,7,0,Calafiori,DEF,1,0,,0,7,1699,0.0
3249,578,15,24,PV,Conf,0,578,1,0,Calafiori,DEF,1,0,,0,0,1699,0.0
3250,578,15,25,PV,Conf,0,578,1,0,Calafiori,DEF,1,0,,0,0,1699,0.0
3251,578,14,26,PV,Conf,0,578,1,0,Calafiori,DEF,1,0,,0,1,1699,0.0
3252,372,6,35,PV,Conf,1,372,12,12,Garnacho,MID,14,12,,0,12,1699,0.007062978222483814
3253,372,5,36,PV,Conf,1,372,1,1,Garnacho,MID,14,1,,0,1,1699,0.0005885815185403178
3254,372,5,37,PV,Conf,0,372,1,0,Garnacho,MID,14,1,,0,1,1699,0.0005885815185403178
3255,491,8,26,PV,Conf,1,491,14,14,Johnson,MID,18,14,,0,14,1699,0.00824014125956445
3256,491,9,27,PV,Conf,1,491,2,2,Johnson,MID,18,2,,0,2,1699,0.0011771630370806356
3257,491,8,28,PV,Conf,1,491,1,1,Johnson,MID,18,1,,0,0,1699,0.0005885815185403178
3258,491,7,29,PV,Conf,1,491,1,1,Johnson,MID,18,1,,0,1,1699,0.0005885815185403178
3259,491,14,30,PV,Conf,0,491,0,0,Johnson,MID,18,0,,0,0,1699,0.0
3260,491,8,31,PV,Conf,1,491,18,18,Johnson,MID,18,18,,0,18,1699,0.01059446733372572
3261,491,8,32,PV,Conf,1,491,5,5,Johnson,MID,18,5,,0,5,1699,0.002942907592701589
3262,491,14,33,PV,Conf,0,491,1,0,Johnson,MID,18,0,,0,0,1699,0.0
3263,491,13,34,PV,Conf,0,491,2,0,Johnson,MID,18,0,,0,2,1699,0.0
3264,491,13,35,PV,Conf,1,491,0,0,Johnson,MID,18,0,,0,0,1699,0.0
3265,491,13,36,PV,Conf,1,491,0,0,Johnson,MID,18,0,,0,0,1699,0.0
3266,491,8,37,PV,Conf,1,491,1,1,Johnson,MID,18,1,,0,1,1699,0.0005885815185403178
3267,491,8,38,PV,Conf,1,491,2,2,Johnson,MID,18,2,,0,2,1699,0.0011771630370806356
3268,361,15,28,PV,Conf,0,361,2,0,Rúben,DEF,13,0,,0,2,1699,0.0
3269,361,4,29,PV,Conf,1,361,1,1,Rúben,DEF,13,1,,0,1,1699,0.0005885815185403178
3270,361,4,30,PV,Conf,1,361,6,6,Rúben,DEF,13,6,,0,6,1699,0.003531489111241907
3271,361,4,31,PV,Conf,0,361,5,0,Rúben,DEF,13,5,,0,5,1699,0.002942907592701589
3272,361,5,32,PV,Conf,1,361,1,1,Rúben,DEF,13,1,,0,1,1699,0.0005885815185403178
3273,361,4,33,PV,Conf,1,361,9,9,Rúben,DEF,13,9,,0,9,1699,0.00529723366686286
3274,361,14,34,PV,Conf,0,361,0,0,Rúben,DEF,13,0,,0,0,1699,0.0
3275,361,3,35,PV,Conf,1,361,7,7,Rúben,DEF,13,7,,0,7,1699,0.004120070629782225
3276,361,3,36,PV,Conf,1,361,9,9,Rúben,DEF,13,9,,0,9,1699,0.00529723366686286
3277,361,2,37,PV,Conf,1,361,2,2,Rúben,DEF,13,2,,0,2,1699,0.0011771630370806356
3278,361,15,38,PV,Conf,0,361,7,0,Rúben,DEF,13,0,,0,7,1699,0.0
3279,9,7,6,PV,Conf,1,9,13,13,Martinelli,MID,1,13,,0,13,1699,0.007651559741024131
3280,9,8,7,PV,Conf,1,9,6,6,Martinelli,MID,1,6,,0,6,1699,0.003531489111241907
3281,9,8,8,PV,Conf,1,9,1,1,Martinelli,MID,1,1,,0,0,1699,0.0005885815185403178
3282,9,7,9,PV,Conf,1,9,2,2,Martinelli,MID,1,2,,0,2,1699,0.0011771630370806356
3283,9,8,10,PV,Conf,1,9,2,2,Martinelli,MID,1,2,,0,2,1699,0.0011771630370806356
3284,9,13,11,PV,Conf,0,9,8,0,Martinelli,MID,1,0,,0,8,1699,0.0
3285,9,13,12,PV,Conf,1,9,0,0,Martinelli,MID,1,0,,0,0,1699,0.0
3286,9,13,13,PV,Conf,1,9,0,0,Martinelli,MID,1,0,,0,0,1699,0.0
3287,9,7,14,PV,Conf,1,9,3,3,Martinelli,MID,1,3,,0,3,1699,0.0017657445556209534
3288,9,7,15,PV,Conf,1,9,0,0,Martinelli,MID,1,0,,0,0,1699,0.0
3289,9,8,16,PV,Conf,1,9,3,3,Martinelli,MID,1,3,,0,3,1699,0.0017657445556209534
3290,9,14,17,PV,Conf,0,9,7,0,Martinelli,MID,1,0,,0,7,1699,0.0
3291,9,8,18,PV,Conf,1,9,3,3,Martinelli,MID,1,3,,0,3,1699,0.0017657445556209534
3292,9,13,19,PV,Conf,0,9,9,0,Martinelli,MID,1,0,,0,9,1699,0.0
3293,9,8,20,PV,Conf,1,9,1,1,Martinelli,MID,1,1,,0,0,1699,0.0005885815185403178
3294,9,14,21,PV,Conf,0,9,1,0,Martinelli,MID,1,0,,0,0,1699,0.0
3295,9,6,22,PV,Conf,0,9,7,0,Martinelli,MID,1,7,,0,7,1699,0.004120070629782225
3296,9,8,23,PV,Conf,1,9,3,3,Martinelli,MID,1,3,,0,3,1699,0.0017657445556209534
3297,9,13,24,PV,Conf,0,9,5,0,Martinelli,MID,1,0,,0,5,1699,0.0
3298,9,5,29,PV,Conf,1,9,3,3,Martinelli,MID,1,3,,0,3,1699,0.0017657445556209534
3299,9,6,30,PV,Conf,0,9,5,0,Martinelli,MID,1,5,,0,5,1699,0.002942907592701589
3300,9,7,31,PV,Conf,1,9,1,1,Martinelli,MID,1,1,,0,0,1699,0.0005885815185403178
3301,9,14,32,PV,Conf,0,9,2,0,Martinelli,MID,1,0,,0,2,1699,0.0
3302,9,8,33,PV,Conf,1,9,10,10,Martinelli,MID,1,10,,0,10,1699,0.005885815185403178
3303,358,12,35,PV,Conf,1,358,0,0,Ortega Moreno,GKP,13,0,,0,0,1699,0.0
3304,360,8,4,PV,Conf,1,360,1,1,Rodrigo,MID,13,1,,0,1,1699,0.0005885815185403178
3305,360,6,5,PV,Conf,0,360,1,0,Rodrigo,MID,13,1,,0,0,1699,0.0005885815185403178
3306,395,14,20,PV,Conf,0,395,1,0,Burn,DEF,15,0,,0,0,1699,0.0
3307,395,3,21,PV,Conf,1,395,6,6,Burn,DEF,15,6,,0,6,1699,0.003531489111241907
3308,395,4,22,PV,Conf,1,395,0,0,Burn,DEF,15,0,,0,0,1699,0.0
3309,395,4,23,PV,Conf,1,395,2,2,Burn,DEF,15,2,,0,0,1699,0.0011771630370806356
3310,594,4,6,PV,Conf,1,594,0,0,Mazraoui,DEF,14,0,,0,0,1699,0.0
3311,185,12,2,PV,Conf,0,185,1,0,Sánchez,GKP,6,0,,0,0,1699,0.0
3312,185,1,3,PV,Conf,1,185,2,2,Sánchez,GKP,6,2,,0,0,1699,0.0011771630370806356
3313,185,12,4,PV,Conf,0,185,15,0,Sánchez,GKP,6,0,,0,15,1699,0.0
3314,185,1,5,PV,Conf,0,185,10,0,Sánchez,GKP,6,10,,0,10,1699,0.005885815185403178
3315,185,12,6,PV,Conf,0,185,2,0,Sánchez,GKP,6,0,,0,0,1699,0.0
3316,185,1,7,PV,Conf,1,185,4,4,Sánchez,GKP,6,4,,0,0,1699,0.002354326074161271
3317,185,1,8,PV,Conf,1,185,2,2,Sánchez,GKP,6,2,,0,2,1699,0.0011771630370806356
3318,185,1,9,PV,Conf,1,185,1,1,Sánchez,GKP,6,1,,0,1,1699,0.0005885815185403178
3319,185,1,10,PV,Conf,1,185,3,3,Sánchez,GKP,6,3,,0,3,1699,0.0017657445556209534
3320,185,1,11,PV,Conf,1,185,2,2,Sánchez,GKP,6,2,,0,2,1699,0.0011771630370806356
3321,185,1,12,PV,Conf,0,185,1,0,Sánchez,GKP,6,1,,0,1,1699,0.0005885815185403178
3322,185,1,13,PV,Conf,1,185,7,7,Sánchez,GKP,6,7,,0,7,1699,0.004120070629782225
3323,185,1,14,PV,Conf,1,185,0,0,Sánchez,GKP,6,0,,0,0,1699,0.0
3324,185,1,15,PV,Conf,0,185,0,0,Sánchez,GKP,6,0,,0,0,1699,0.0
3325,185,12,16,PV,Conf,0,185,3,0,Sánchez,GKP,6,0,,0,3,1699,0.0
3326,185,1,17,PV,Conf,1,185,9,9,Sánchez,GKP,6,9,,0,9,1699,0.00529723366686286
3327,185,12,18,PV,Conf,0,185,2,0,Sánchez,GKP,6,0,,0,0,1699,0.0
3328,185,12,19,PV,Conf,1,185,0,0,Sánchez,GKP,6,0,,0,0,1699,0.0
3329,185,12,20,PV,Conf,0,185,3,0,Sánchez,GKP,6,0,,0,3,1699,0.0
3330,185,1,21,PV,Conf,1,185,1,1,Sánchez,GKP,6,1,,0,0,1699,0.0005885815185403178
3331,185,1,22,PV,Conf,1,185,2,2,Sánchez,GKP,6,2,,0,0,1699,0.0011771630370806356
3332,185,12,23,PV,Conf,0,185,2,0,Sánchez,GKP,6,0,,0,0,1699,0.0
3333,354,7,36,PV,Conf,1,354,3,3,Kovačić,MID,13,3,,0,3,1699,0.0017657445556209534
3334,354,9,37,PV,Conf,0,354,2,0,Kovačić,MID,13,2,,0,2,1699,0.0011771630370806356
3335,78,9,4,PV,Conf,1,78,1,1,Semenyo,MID,3,1,,0,0,1699,0.0005885815185403178
3336,78,8,5,PV,Conf,1,78,2,2,Semenyo,MID,3,2,,0,2,1699,0.0011771630370806356
3337,78,8,6,PV,Conf,1,78,7,7,Semenyo,MID,3,7,,0,7,1699,0.004120070629782225
3338,78,9,7,PV,Conf,1,78,2,2,Semenyo,MID,3,2,,0,2,1699,0.0011771630370806356
3339,78,15,8,PV,Conf,0,78,2,0,Semenyo,MID,3,0,,0,2,1699,0.0
3340,78,8,9,PV,Conf,1,78,1,1,Semenyo,MID,3,1,,0,1,1699,0.0005885815185403178
3341,78,5,10,PV,Conf,0,78,10,0,Semenyo,MID,3,10,,0,10,1699,0.005885815185403178
3342,78,8,11,PV,Conf,1,78,2,2,Semenyo,MID,3,2,,0,0,1699,0.0011771630370806356
3343,78,8,12,PV,Conf,1,78,1,1,Semenyo,MID,3,1,,0,1,1699,0.0005885815185403178
3344,78,15,13,PV,Conf,0,78,0,0,Semenyo,MID,3,0,,0,0,1699,0.0
3345,78,8,14,PV,Conf,1,78,3,3,Semenyo,MID,3,3,,0,3,1699,0.0017657445556209534
3346,11,11,6,PV,Conf,1,11,2,2,Nketiah,FWD,7,2,,0,2,1699,0.0011771630370806356
3347,11,10,7,PV,Conf,0,11,1,0,Nketiah,FWD,7,1,,0,0,1699,0.0005885815185403178
3348,162,4,27,PV,Conf,1,162,14,14,Colwill,DEF,6,14,,0,14,1699,0.00824014125956445
3349,85,15,37,PV,Conf,0,85,1,0,Zabarnyi,DEF,3,0,,0,0,1699,0.0
3350,85,2,38,PV,Conf,1,85,11,11,Zabarnyi,DEF,3,11,,0,11,1699,0.006474396703943496
3351,386,8,15,PV,Conf,1,386,8,8,Sancho,MID,6,8,,0,8,1699,0.004708652148322542
3352,386,5,16,PV,Conf,1,386,2,2,Sancho,MID,6,2,,0,2,1699,0.0011771630370806356
3353,386,5,17,PV,Conf,1,386,3,3,Sancho,MID,6,3,,0,3,1699,0.0017657445556209534
3354,386,5,18,PV,Conf,1,386,2,2,Sancho,MID,6,2,,0,2,1699,0.0011771630370806356
3355,386,9,19,PV,Conf,1,386,1,1,Sancho,MID,6,1,,0,0,1699,0.0005885815185403178
3356,386,5,20,PV,Conf,1,386,6,6,Sancho,MID,6,6,,0,6,1699,0.003531489111241907
3357,386,13,21,PV,Conf,0,386,2,0,Sancho,MID,6,0,,0,2,1699,0.0
3358,386,8,22,PV,Conf,1,386,1,1,Sancho,MID,6,1,,0,0,1699,0.0005885815185403178
3359,201,12,33,PV,Conf,0,201,10,0,Henderson,GKP,7,0,,0,10,1699,0.0
3360,201,12,34,PV,Conf,0,201,0,0,Henderson,GKP,7,0,,0,0,1699,0.0
3361,422,15,33,PV,Conf,0,422,0,0,Aina,DEF,16,0,,0,0,1699,0.0
3362,422,4,35,PV,Conf,1,422,1,1,Aina,DEF,16,1,,0,0,1699,0.0005885815185403178
3363,422,4,36,PV,Conf,1,422,0,0,Aina,DEF,16,0,,0,0,1699,0.0
3364,422,3,37,PV,Conf,1,422,2,2,Aina,DEF,16,2,,0,2,1699,0.0011771630370806356
3365,559,4,10,PV,Conf,1,559,1,1,N.Semedo,DEF,20,1,,0,0,1699,0.0005885815185403178
3366,559,2,11,PV,Conf,1,559,6,6,N.Semedo,DEF,20,6,,0,6,1699,0.003531489111241907
3367,559,14,12,PV,Conf,0,559,2,0,N.Semedo,DEF,20,0,,0,2,1699,0.0
3368,559,6,13,PV,Conf,0,559,-1,0,N.Semedo,DEF,20,-1,,0,0,1699,-0.0005885815185403178
3369,559,15,27,PV,Conf,0,559,4,0,N.Semedo,DEF,20,0,,0,4,1699,0.0
3370,559,5,28,PV,Conf,1,559,2,2,N.Semedo,DEF,20,2,,0,0,1699,0.0011771630370806356
3371,559,3,29,PV,Conf,1,559,2,2,N.Semedo,DEF,20,2,,0,2,1699,0.0011771630370806356
3372,559,3,34,PV,Conf,1,559,6,6,N.Semedo,DEF,20,6,,0,6,1699,0.003531489111241907
3373,399,14,11,PV,Conf,0,399,2,0,Hall,DEF,15,0,,0,0,1699,0.0
3374,399,5,12,PV,Conf,0,399,1,0,Hall,DEF,15,1,,0,0,1699,0.0005885815185403178
3375,399,4,13,PV,Conf,1,399,2,2,Hall,DEF,15,2,,0,2,1699,0.0011771630370806356
3376,617,10,27,PV,Conf,0,617,1,0,Evanilson,FWD,3,1,,0,0,1699,0.0005885815185403178
3377,617,13,28,PV,Conf,0,617,8,0,Evanilson,FWD,3,0,,0,8,1699,0.0
3378,617,9,29,PV,Conf,1,617,2,2,Evanilson,FWD,3,2,,0,2,1699,0.0011771630370806356
3379,617,10,30,PV,Conf,1,617,8,8,Evanilson,FWD,3,8,,0,8,1699,0.004708652148322542
3380,617,10,31,PV,Conf,1,617,13,13,Evanilson,FWD,3,13,,0,13,1699,0.007651559741024131
3381,617,9,32,PV,Conf,1,617,2,2,Evanilson,FWD,3,2,,0,2,1699,0.0011771630370806356
3382,617,9,33,PV,Conf,0,617,2,0,Evanilson,FWD,3,2,,0,2,1699,0.0011771630370806356
3383,617,9,34,PV,Conf,1,617,2,2,Evanilson,FWD,3,2,,0,2,1699,0.0011771630370806356
3384,617,10,35,PV,Conf,1,617,6,6,Evanilson,FWD,3,6,,0,6,1699,0.003531489111241907
3385,617,10,36,PV,Conf,1,617,2,2,Evanilson,FWD,3,2,,0,2,1699,0.0011771630370806356
3386,617,10,37,PV,Conf,1,617,2,2,Evanilson,FWD,3,2,,0,2,1699,0.0011771630370806356
3387,617,9,38,PV,Conf,1,617,2,2,Evanilson,FWD,3,2,,0,2,1699,0.0011771630370806356
3388,434,5,34,PV,Conf,1,434,1,1,Hudson-Odoi,MID,16,1,,0,0,1699,0.0005885815185403178
3389,434,15,35,PV,Conf,0,434,0,0,Hudson-Odoi,MID,16,0,,0,0,1699,0.0
3390,144,4,14,PV,Conf,1,144,1,1,Van Hecke,DEF,5,1,,0,1,1699,0.0005885815185403178
3391,325,1,31,PV,Conf,0,325,2,0,Kelleher,GKP,12,2,,0,2,1699,0.0011771630370806356
3392,325,12,32,PV,Conf,0,325,0,0,Kelleher,GKP,12,0,,0,0,1699,0.0
3393,152,12,24,PV,Conf,0,152,2,0,Arrizabalaga,GKP,3,0,,0,0,1699,0.0
3394,152,12,25,PV,Conf,0,152,3,0,Arrizabalaga,GKP,3,0,,0,0,1699,0.0
3395,152,1,26,PV,Conf,1,152,2,2,Arrizabalaga,GKP,3,2,,0,0,1699,0.0011771630370806356
3396,152,1,27,PV,Conf,1,152,1,1,Arrizabalaga,GKP,3,1,,0,0,1699,0.0005885815185403178
3397,241,13,17,PV,Conf,0,241,6,0,Bassey,DEF,9,0,,0,6,1699,0.0
3398,241,15,18,PV,Conf,0,241,2,0,Bassey,DEF,9,0,,0,0,1699,0.0
3399,241,15,19,PV,Conf,0,241,1,0,Bassey,DEF,9,0,,0,0,1699,0.0
3400,241,2,20,PV,Conf,1,241,1,1,Bassey,DEF,9,1,,0,0,1699,0.0005885815185403178
3401,241,2,21,PV,Conf,1,241,1,1,Bassey,DEF,9,1,,0,0,1699,0.0005885815185403178
3402,393,5,38,PV,Conf,1,393,6,6,Botman,DEF,15,6,,0,6,1699,0.003531489111241907
3403,12,8,25,PV,Conf,1,12,9,9,Nwaneri,MID,1,9,,0,9,1699,0.00529723366686286
3404,12,7,26,PV,Conf,1,12,2,2,Nwaneri,MID,1,2,,0,2,1699,0.0011771630370806356
3405,12,14,27,PV,Conf,0,12,3,0,Nwaneri,MID,1,0,,0,3,1699,0.0
3406,12,14,28,PV,Conf,0,12,1,0,Nwaneri,MID,1,0,,0,0,1699,0.0
3407,123,9,26,PV,Conf,0,123,1,0,Ferguson,FWD,19,1,,0,0,1699,0.0005885815185403178
3408,159,15,26,PV,Conf,0,159,1,0,Chalobah,DEF,6,0,,0,0,1699,0.0
3409,8,3,32,PV,Conf,1,8,2,2,Kiwior,DEF,1,2,,0,2,1699,0.0011771630370806356
3410,8,2,33,PV,Conf,1,8,13,13,Kiwior,DEF,1,13,,0,13,1699,0.007651559741024131
3411,257,4,34,PV,Conf,1,257,2,2,Tete,DEF,9,2,,0,2,1699,0.0011771630370806356
3412,53,7,35,PV,Conf,1,53,1,1,Ramsey,MID,2,1,,0,1,1699,0.0005885815185403178
3413,53,8,36,PV,Conf,0,53,0,0,Ramsey,MID,2,0,,0,0,1699,0.0
3414,744,12,36,PV,Conf,0,744,3,0,Palmer,GKP,10,0,,0,3,1699,0.0
3415,744,1,37,PV,Conf,1,744,1,1,Palmer,GKP,10,1,,0,0,1699,0.0005885815185403178
3416,744,12,38,PV,Conf,0,744,0,0,Palmer,GKP,10,0,,0,0,1699,0.0
3417,121,6,37,PV,Conf,1,121,2,2,Enciso,MID,10,2,,0,2,1699,0.0011771630370806356
3418,121,14,38,PV,Conf,0,121,0,0,Enciso,MID,10,0,,0,0,1699,0.0
3419,319,13,38,PV,Conf,0,319,1,0,Elliott,MID,12,0,,0,0,1699,0.0
3420,129,15,26,AC,Conf,0,129,12,0,João Pedro,FWD,5,0,,0,12,1508,0.0
3421,129,10,27,AC,Conf,1,129,8,8,João Pedro,FWD,5,8,,0,8,1508,0.005305039787798408
3422,129,10,28,AC,Conf,1,129,9,9,João Pedro,FWD,5,9,,0,9,1508,0.005968169761273209
3423,129,9,29,AC,Conf,1,129,1,1,João Pedro,FWD,5,1,,0,1,1508,0.000663129973474801
3424,129,10,30,AC,Conf,1,129,2,2,João Pedro,FWD,5,2,,0,2,1508,0.001326259946949602
3425,129,10,31,AC,Conf,1,129,1,1,João Pedro,FWD,5,1,,0,1,1508,0.000663129973474801
3426,129,11,32,AC,Conf,1,129,13,13,João Pedro,FWD,5,13,,0,13,1508,0.008620689655172414
3427,129,10,33,AC,Conf,1,129,-1,-1,João Pedro,FWD,5,-1,,0,0,1508,-0.000663129973474801
3428,129,14,34,AC,Conf,0,129,0,0,João Pedro,FWD,5,0,,0,0,1508,0.0
3429,129,15,35,AC,Conf,0,129,0,0,João Pedro,FWD,5,0,,0,0,1508,0.0
3430,129,15,36,AC,Conf,0,129,0,0,João Pedro,FWD,5,0,,0,0,1508,0.0
3431,129,13,37,AC,Conf,0,129,0,0,João Pedro,FWD,5,0,,0,0,1508,0.0
3432,172,5,22,AC,Conf,1,172,6,6,James,DEF,6,6,,0,6,1508,0.003978779840848806
3433,172,5,23,AC,Conf,1,172,1,1,James,DEF,6,1,,0,1,1508,0.000663129973474801
3434,172,4,24,AC,Conf,1,172,1,1,James,DEF,6,1,,0,0,1508,0.000663129973474801
3435,172,4,25,AC,Conf,1,172,1,1,James,DEF,6,1,,0,0,1508,0.000663129973474801
3436,172,14,26,AC,Conf,0,172,1,0,James,DEF,6,0,,0,0,1508,0.0
3437,172,14,27,AC,Conf,1,172,0,0,James,DEF,6,0,,0,0,1508,0.0
3438,172,15,28,AC,Conf,0,172,0,0,James,DEF,6,0,,0,0,1508,0.0
3439,311,5,34,AC,Conf,1,311,5,5,Alexander-Arnold,DEF,12,5,,0,5,1508,0.0033156498673740055
3440,311,2,35,AC,Conf,1,311,0,0,Alexander-Arnold,DEF,12,0,,0,0,1508,0.0
3441,311,13,36,AC,Conf,0,311,1,0,Alexander-Arnold,DEF,12,0,,0,1,1508,0.0
3442,18,4,37,AC,Conf,1,18,1,1,Saliba,DEF,1,1,,0,1,1508,0.000663129973474801
3443,18,15,38,AC,Conf,0,18,0,0,Saliba,DEF,1,0,,0,0,1508,0.0
3444,495,2,13,AC,Conf,1,495,2,2,Pedro Porro,DEF,18,2,,0,2,1508,0.001326259946949602
3445,495,2,14,AC,Conf,1,495,1,1,Pedro Porro,DEF,18,1,,0,1,1508,0.000663129973474801
3446,495,3,15,AC,Conf,0,495,3,0,Pedro Porro,DEF,18,3,,0,3,1508,0.001989389920424403
3447,495,13,16,AC,Conf,0,495,6,0,Pedro Porro,DEF,18,0,,0,6,1508,0.0
3448,495,4,17,AC,Conf,1,495,-1,-1,Pedro Porro,DEF,18,-1,,0,0,1508,-0.000663129973474801
3449,495,4,18,AC,Conf,1,495,1,1,Pedro Porro,DEF,18,1,,0,1,1508,0.000663129973474801
3450,495,4,19,AC,Conf,1,495,4,4,Pedro Porro,DEF,18,4,,0,4,1508,0.002652519893899204
3451,495,2,20,AC,Conf,1,495,4,4,Pedro Porro,DEF,18,4,,0,4,1508,0.002652519893899204
3452,495,2,21,AC,Conf,1,495,1,1,Pedro Porro,DEF,18,1,,0,1,1508,0.000663129973474801
3453,495,4,22,AC,Conf,1,495,1,1,Pedro Porro,DEF,18,1,,0,0,1508,0.000663129973474801
3454,495,4,23,AC,Conf,1,495,6,6,Pedro Porro,DEF,18,6,,0,6,1508,0.003978779840848806
3455,495,2,24,AC,Conf,1,495,6,6,Pedro Porro,DEF,18,6,,0,6,1508,0.003978779840848806
3456,495,14,25,AC,Conf,0,495,6,0,Pedro Porro,DEF,18,0,,0,6,1508,0.0
3457,495,2,26,AC,Conf,1,495,1,1,Pedro Porro,DEF,18,1,,0,0,1508,0.000663129973474801
3458,495,4,27,AC,Conf,0,495,2,0,Pedro Porro,DEF,18,2,,0,2,1508,0.001326259946949602
3459,495,14,28,AC,Conf,0,495,1,0,Pedro Porro,DEF,18,0,,0,1,1508,0.0
3460,495,2,29,AC,Conf,1,495,0,0,Pedro Porro,DEF,18,0,,0,0,1508,0.0
3461,495,15,30,AC,Conf,0,495,0,0,Pedro Porro,DEF,18,0,,0,0,1508,0.0
3462,495,3,31,AC,Conf,1,495,1,1,Pedro Porro,DEF,18,1,,0,1,1508,0.000663129973474801
3463,495,13,32,AC,Conf,1,495,0,0,Pedro Porro,DEF,18,0,,0,0,1508,0.0
3464,268,10,8,AC,Conf,1,268,2,2,Delap,FWD,10,2,,0,2,1508,0.001326259946949602
3465,268,10,9,AC,Conf,1,268,5,5,Delap,FWD,10,5,,0,5,1508,0.0033156498673740055
3466,268,11,10,AC,Conf,1,268,2,2,Delap,FWD,10,2,,0,2,1508,0.001326259946949602
3467,268,10,11,AC,Conf,1,268,11,11,Delap,FWD,10,11,,0,11,1508,0.007294429708222812
3468,268,11,12,AC,Conf,1,268,2,2,Delap,FWD,10,2,,0,2,1508,0.001326259946949602
3469,268,10,13,AC,Conf,1,268,2,2,Delap,FWD,10,2,,0,2,1508,0.001326259946949602
3470,268,10,14,AC,Conf,1,268,2,2,Delap,FWD,10,2,,0,2,1508,0.001326259946949602
3471,268,11,15,AC,Conf,1,268,1,1,Delap,FWD,10,1,,0,1,1508,0.000663129973474801
3472,268,10,16,AC,Conf,1,268,1,1,Delap,FWD,10,1,,0,1,1508,0.000663129973474801
3473,268,15,17,AC,Conf,0,268,0,0,Delap,FWD,10,0,,0,0,1508,0.0
3474,268,11,18,AC,Conf,1,268,2,2,Delap,FWD,10,2,,0,2,1508,0.001326259946949602
3475,268,11,19,AC,Conf,1,268,11,11,Delap,FWD,10,11,,0,11,1508,0.007294429708222812
3476,268,10,20,AC,Conf,1,268,8,8,Delap,FWD,10,8,,0,8,1508,0.005305039787798408
3477,268,10,21,AC,Conf,1,268,1,1,Delap,FWD,10,1,,0,1,1508,0.000663129973474801
3478,268,13,22,AC,Conf,0,268,2,0,Delap,FWD,10,0,,0,2,1508,0.0
3479,268,15,23,AC,Conf,0,268,1,0,Delap,FWD,10,0,,0,0,1508,0.0
3480,268,9,24,AC,Conf,1,268,9,9,Delap,FWD,10,9,,0,9,1508,0.005968169761273209
3481,268,11,25,AC,Conf,1,268,8,8,Delap,FWD,10,8,,0,8,1508,0.005305039787798408
3482,268,10,26,AC,Conf,1,268,2,2,Delap,FWD,10,2,,0,2,1508,0.001326259946949602
3483,268,11,27,AC,Conf,1,268,1,1,Delap,FWD,10,1,,0,1,1508,0.000663129973474801
3484,268,11,28,AC,Conf,1,268,2,2,Delap,FWD,10,2,,0,2,1508,0.001326259946949602
3485,268,10,29,AC,Conf,1,268,2,2,Delap,FWD,10,2,,0,2,1508,0.001326259946949602
3486,268,11,30,AC,Conf,1,268,9,9,Delap,FWD,10,9,,0,9,1508,0.005968169761273209
3487,268,11,31,AC,Conf,1,268,8,8,Delap,FWD,10,8,,0,8,1508,0.005305039787798408
3488,268,14,32,AC,Conf,0,268,1,0,Delap,FWD,10,0,,0,0,1508,0.0
3489,268,9,33,AC,Conf,1,268,1,1,Delap,FWD,10,1,,0,1,1508,0.000663129973474801
3490,268,10,34,AC,Conf,1,268,1,1,Delap,FWD,10,1,,0,1,1508,0.000663129973474801
3491,268,11,35,AC,Conf,1,268,1,1,Delap,FWD,10,1,,0,1,1508,0.000663129973474801
3492,268,10,36,AC,Conf,1,268,2,2,Delap,FWD,10,2,,0,2,1508,0.001326259946949602
3493,268,11,37,AC,Conf,1,268,1,1,Delap,FWD,10,1,,0,1,1508,0.000663129973474801
3494,268,10,38,AC,Conf,1,268,0,0,Delap,FWD,10,0,,0,0,1508,0.0
3495,415,2,37,AC,Conf,1,415,2,2,Schär,DEF,15,2,,0,2,1508,0.001326259946949602
3496,415,4,38,AC,Conf,1,415,1,1,Schär,DEF,15,1,,0,1,1508,0.000663129973474801
3497,199,8,35,AC,Conf,1,199,10,10,Eze,MID,7,10,,0,10,1508,0.006631299734748011
3498,199,6,36,AC,Conf,1,199,16,16,Eze,MID,7,16,,0,16,1508,0.010610079575596816
3499,199,8,37,AC,Conf,1,199,6,6,Eze,MID,7,6,,0,6,1508,0.003978779840848806
3500,199,6,38,AC,Conf,1,199,3,3,Eze,MID,7,3,,0,3,1508,0.001989389920424403
3501,163,2,30,AC,Conf,1,163,5,5,Cucurella,DEF,6,5,,0,5,1508,0.0033156498673740055
3502,163,4,31,AC,Conf,0,163,1,0,Cucurella,DEF,6,1,,0,1,1508,0.000663129973474801
3503,163,2,32,AC,Conf,1,163,1,1,Cucurella,DEF,6,1,,0,1,1508,0.000663129973474801
3504,163,2,33,AC,Conf,1,163,1,1,Cucurella,DEF,6,1,,0,1,1508,0.000663129973474801
3505,163,2,34,AC,Conf,1,163,6,6,Cucurella,DEF,6,6,,0,6,1508,0.003978779840848806
3506,163,5,35,AC,Conf,0,163,2,0,Cucurella,DEF,6,2,,0,2,1508,0.001326259946949602
3507,163,14,36,AC,Conf,0,163,1,0,Cucurella,DEF,6,0,,0,1,1508,0.0
3508,163,15,37,AC,Conf,0,163,15,0,Cucurella,DEF,6,0,,0,15,1508,0.0
3509,163,3,38,AC,Conf,1,163,8,8,Cucurella,DEF,6,8,,0,8,1508,0.005305039787798408
3510,15,1,1,AC,Conf,1,15,8,8,Raya,GKP,1,8,54.0,1,8,1508,0.005305039787798408
3511,15,1,2,AC,Conf,1,15,10,10,Raya,GKP,1,10,54.0,1,10,1508,0.006631299734748011
3512,15,1,3,AC,Conf,1,15,2,2,Raya,GKP,1,2,54.0,1,2,1508,0.001326259946949602
3513,15,1,4,AC,Conf,1,15,9,9,Raya,GKP,1,9,54.0,1,9,1508,0.005968169761273209
3514,15,1,5,AC,Conf,1,15,4,4,Raya,GKP,1,4,54.0,1,4,1508,0.002652519893899204
3515,15,1,6,AC,Conf,1,15,1,1,Raya,GKP,1,1,54.0,1,1,1508,0.000663129973474801
3516,15,1,7,AC,Conf,1,15,2,2,Raya,GKP,1,2,54.0,1,2,1508,0.001326259946949602
3517,15,1,8,AC,Conf,1,15,1,1,Raya,GKP,1,1,54.0,1,1,1508,0.000663129973474801
3518,15,1,9,AC,Conf,1,15,0,0,Raya,GKP,1,0,54.0,1,0,1508,0.0
3519,15,1,10,AC,Conf,1,15,3,3,Raya,GKP,1,3,54.0,1,3,1508,0.001989389920424403
3520,15,1,11,AC,Conf,1,15,2,2,Raya,GKP,1,2,54.0,1,2,1508,0.001326259946949602
3521,15,1,12,AC,Conf,1,15,6,6,Raya,GKP,1,6,54.0,1,6,1508,0.003978779840848806
3522,15,1,13,AC,Conf,1,15,2,2,Raya,GKP,1,2,54.0,1,2,1508,0.001326259946949602
3523,15,1,14,AC,Conf,1,15,6,6,Raya,GKP,1,6,54.0,1,0,1508,0.003978779840848806
3524,15,1,15,AC,Conf,1,15,2,2,Raya,GKP,1,2,54.0,1,2,1508,0.001326259946949602
3525,15,1,16,AC,Conf,1,15,6,6,Raya,GKP,1,6,54.0,1,6,1508,0.003978779840848806
3526,15,1,17,AC,Conf,1,15,3,3,Raya,GKP,1,3,54.0,1,3,1508,0.001989389920424403
3527,15,1,18,AC,Conf,1,15,6,6,Raya,GKP,1,6,54.0,1,6,1508,0.003978779840848806
3528,15,1,19,AC,Conf,1,15,2,2,Raya,GKP,1,2,54.0,1,0,1508,0.001326259946949602
3529,15,1,20,AC,Conf,1,15,3,3,Raya,GKP,1,3,54.0,1,3,1508,0.001989389920424403
3530,15,1,21,AC,Conf,1,15,2,2,Raya,GKP,1,2,54.0,1,2,1508,0.001326259946949602
3531,15,1,22,AC,Conf,0,15,1,0,Raya,GKP,1,1,54.0,1,1,1508,0.000663129973474801
3532,15,1,23,AC,Conf,1,15,9,9,Raya,GKP,1,9,54.0,1,9,1508,0.005968169761273209
3533,15,12,24,AC,Conf,0,15,3,0,Raya,GKP,1,0,54.0,1,3,1508,0.0
3534,15,1,25,AC,Conf,1,15,7,7,Raya,GKP,1,7,54.0,1,7,1508,0.004641909814323607
3535,15,1,26,AC,Conf,1,15,2,2,Raya,GKP,1,2,54.0,1,2,1508,0.001326259946949602
3536,15,1,27,AC,Conf,1,15,6,6,Raya,GKP,1,6,54.0,1,6,1508,0.003978779840848806
3537,15,1,28,AC,Conf,1,15,3,3,Raya,GKP,1,3,54.0,1,3,1508,0.001989389920424403
3538,15,12,29,AC,Conf,0,15,6,0,Raya,GKP,1,0,54.0,1,6,1508,0.0
3539,15,1,30,AC,Conf,0,15,2,0,Raya,GKP,1,2,54.0,1,2,1508,0.001326259946949602
3540,15,1,31,AC,Conf,0,15,2,0,Raya,GKP,1,2,54.0,1,2,1508,0.001326259946949602
3541,15,12,32,AC,Conf,0,15,2,0,Raya,GKP,1,0,54.0,1,2,1508,0.0
3542,15,1,33,AC,Conf,1,15,7,7,Raya,GKP,1,7,54.0,1,0,1508,0.004641909814323607
3543,15,12,34,AC,Conf,0,15,0,0,Raya,GKP,1,0,54.0,1,0,1508,0.0
3544,15,1,35,AC,Conf,1,15,1,1,Raya,GKP,1,1,54.0,1,0,1508,0.000663129973474801
3545,15,1,36,AC,Conf,1,15,2,2,Raya,GKP,1,2,54.0,1,2,1508,0.001326259946949602
3546,15,1,37,AC,Conf,1,15,7,7,Raya,GKP,1,7,54.0,1,7,1508,0.004641909814323607
3547,15,1,38,AC,Conf,1,15,2,2,Raya,GKP,1,2,54.0,1,0,1508,0.001326259946949602
3548,361,2,1,AC,Conf,1,361,6,6,Rúben,DEF,13,6,31.0,1,6,1508,0.003978779840848806
3549,361,2,2,AC,Conf,1,361,1,1,Rúben,DEF,13,1,31.0,1,1,1508,0.000663129973474801
3550,361,2,3,AC,Conf,1,361,0,0,Rúben,DEF,13,0,31.0,1,0,1508,0.0
3551,361,2,4,AC,Conf,1,361,1,1,Rúben,DEF,13,1,31.0,1,1,1508,0.000663129973474801
3552,361,2,5,AC,Conf,1,361,0,0,Rúben,DEF,13,0,31.0,1,0,1508,0.0
3553,361,2,6,AC,Conf,1,361,1,1,Rúben,DEF,13,1,31.0,1,0,1508,0.000663129973474801
3554,361,2,7,AC,Conf,1,361,1,1,Rúben,DEF,13,1,31.0,1,1,1508,0.000663129973474801
3555,361,2,8,AC,Conf,1,361,2,2,Rúben,DEF,13,2,31.0,1,2,1508,0.001326259946949602
3556,361,2,9,AC,Conf,1,361,7,7,Rúben,DEF,13,7,31.0,1,7,1508,0.004641909814323607
3557,361,13,10,AC,Conf,1,361,0,0,Rúben,DEF,13,0,31.0,1,0,1508,0.0
3558,361,15,11,AC,Conf,0,361,0,0,Rúben,DEF,13,0,31.0,1,0,1508,0.0
3559,361,15,12,AC,Conf,0,361,0,0,Rúben,DEF,13,0,31.0,1,0,1508,0.0
3560,361,14,13,AC,Conf,0,361,1,0,Rúben,DEF,13,0,31.0,1,0,1508,0.0
3561,361,14,14,AC,Conf,0,361,6,0,Rúben,DEF,13,0,31.0,1,6,1508,0.0
3562,361,2,15,AC,Conf,1,361,1,1,Rúben,DEF,13,1,31.0,1,1,1508,0.000663129973474801
3563,361,4,16,AC,Conf,1,361,1,1,Rúben,DEF,13,1,31.0,1,1,1508,0.000663129973474801
3564,361,13,17,AC,Conf,1,361,0,0,Rúben,DEF,13,0,31.0,1,0,1508,0.0
3565,361,15,18,AC,Conf,0,361,0,0,Rúben,DEF,13,0,31.0,1,0,1508,0.0
3566,361,15,19,AC,Conf,0,361,0,0,Rúben,DEF,13,0,31.0,1,0,1508,0.0
3567,361,15,20,AC,Conf,0,361,0,0,Rúben,DEF,13,0,31.0,1,0,1508,0.0
3568,361,15,21,AC,Conf,0,361,0,0,Rúben,DEF,13,0,31.0,1,0,1508,0.0
3569,361,15,22,AC,Conf,0,361,6,0,Rúben,DEF,13,0,31.0,1,6,1508,0.0
3570,361,13,23,AC,Conf,1,361,0,0,Rúben,DEF,13,0,31.0,1,0,1508,0.0
3571,361,15,24,AC,Conf,0,361,0,0,Rúben,DEF,13,0,31.0,1,0,1508,0.0
3572,361,13,25,AC,Conf,1,361,0,0,Rúben,DEF,13,0,31.0,1,0,1508,0.0
3573,335,3,1,AC,Conf,1,335,6,6,Robertson,DEF,12,6,40.0,1,6,1508,0.003978779840848806
3574,335,3,2,AC,Conf,1,335,6,6,Robertson,DEF,12,6,40.0,1,6,1508,0.003978779840848806
3575,335,3,3,AC,Conf,1,335,6,6,Robertson,DEF,12,6,40.0,1,6,1508,0.003978779840848806
3576,335,3,4,AC,Conf,1,335,1,1,Robertson,DEF,12,1,40.0,1,1,1508,0.000663129973474801
3577,335,3,5,AC,Conf,1,335,6,6,Robertson,DEF,12,6,40.0,1,6,1508,0.003978779840848806
3578,335,3,6,AC,Conf,1,335,2,2,Robertson,DEF,12,2,40.0,1,2,1508,0.001326259946949602
3579,335,3,7,AC,Conf,1,335,1,1,Robertson,DEF,12,1,40.0,1,1,1508,0.000663129973474801
3580,335,3,8,AC,Conf,1,335,2,2,Robertson,DEF,12,2,40.0,1,2,1508,0.001326259946949602
3581,335,3,9,AC,Conf,1,335,1,1,Robertson,DEF,12,1,40.0,1,0,1508,0.000663129973474801
3582,335,14,10,AC,Conf,1,335,0,0,Robertson,DEF,12,0,40.0,1,0,1508,0.0
3583,335,3,11,AC,Conf,1,335,8,8,Robertson,DEF,12,8,40.0,1,8,1508,0.005305039787798408
3584,335,2,12,AC,Conf,1,335,1,1,Robertson,DEF,12,1,40.0,1,1,1508,0.000663129973474801
3585,335,3,13,AC,Conf,1,335,6,6,Robertson,DEF,12,6,40.0,1,6,1508,0.003978779840848806
3586,335,3,14,AC,Conf,1,335,1,1,Robertson,DEF,12,1,40.0,1,0,1508,0.000663129973474801
3587,335,14,15,AC,Conf,1,335,0,0,Robertson,DEF,12,0,40.0,1,0,1508,0.0
3588,335,2,16,AC,Conf,1,335,-3,-3,Robertson,DEF,12,-3,40.0,1,0,1508,-0.001989389920424403
3589,335,3,17,AC,Conf,1,335,1,1,Robertson,DEF,12,1,40.0,1,1,1508,0.000663129973474801
3590,335,2,18,AC,Conf,1,335,1,1,Robertson,DEF,12,1,40.0,1,1,1508,0.000663129973474801
3591,335,2,19,AC,Conf,1,335,6,6,Robertson,DEF,12,6,40.0,1,6,1508,0.003978779840848806
3592,335,4,20,AC,Conf,1,335,1,1,Robertson,DEF,12,1,40.0,1,1,1508,0.000663129973474801
3593,335,4,21,AC,Conf,1,335,2,2,Robertson,DEF,12,2,40.0,1,2,1508,0.001326259946949602
3594,335,2,22,AC,Conf,1,335,1,1,Robertson,DEF,12,1,40.0,1,0,1508,0.000663129973474801
3595,335,3,23,AC,Conf,1,335,2,2,Robertson,DEF,12,2,40.0,1,2,1508,0.001326259946949602
3596,335,3,24,AC,Conf,1,335,8,8,Robertson,DEF,12,8,40.0,1,8,1508,0.005305039787798408
3597,335,2,25,AC,Conf,1,335,3,3,Robertson,DEF,12,3,40.0,1,3,1508,0.001989389920424403
3598,335,3,26,AC,Conf,1,335,6,6,Robertson,DEF,12,6,40.0,1,6,1508,0.003978779840848806
3599,335,15,27,AC,Conf,0,335,0,0,Robertson,DEF,12,0,40.0,1,0,1508,0.0
3600,335,3,28,AC,Conf,1,335,1,1,Robertson,DEF,12,1,40.0,1,1,1508,0.000663129973474801
3601,335,14,29,AC,Conf,0,335,0,0,Robertson,DEF,12,0,40.0,1,0,1508,0.0
3602,335,3,30,AC,Conf,1,335,7,7,Robertson,DEF,12,7,40.0,1,7,1508,0.004641909814323607
3603,335,2,31,AC,Conf,1,335,1,1,Robertson,DEF,12,1,40.0,1,1,1508,0.000663129973474801
3604,335,3,32,AC,Conf,0,335,-1,0,Robertson,DEF,12,-1,40.0,1,0,1508,-0.000663129973474801
3605,335,14,33,AC,Conf,0,335,0,0,Robertson,DEF,12,0,40.0,1,0,1508,0.0
3606,236,4,1,AC,Conf,1,236,0,0,Tarkowski,DEF,8,0,73.0,1,0,1508,0.0
3607,236,15,2,AC,Conf,0,236,0,0,Tarkowski,DEF,8,0,73.0,1,0,1508,0.0
3608,236,15,3,AC,Conf,0,236,1,0,Tarkowski,DEF,8,0,73.0,1,1,1508,0.0
3609,236,15,4,AC,Conf,0,236,1,0,Tarkowski,DEF,8,0,73.0,1,0,1508,0.0
3610,236,15,5,AC,Conf,0,236,2,0,Tarkowski,DEF,8,0,73.0,1,2,1508,0.0
3611,236,15,6,AC,Conf,0,236,2,0,Tarkowski,DEF,8,0,73.0,1,2,1508,0.0
3612,236,15,7,AC,Conf,0,236,8,0,Tarkowski,DEF,8,0,73.0,1,8,1508,0.0
3613,236,15,8,AC,Conf,0,236,6,0,Tarkowski,DEF,8,0,73.0,1,6,1508,0.0
3614,236,13,9,AC,Conf,0,236,1,0,Tarkowski,DEF,8,0,73.0,1,0,1508,0.0
3615,236,3,10,AC,Conf,1,236,1,1,Tarkowski,DEF,8,1,73.0,1,1,1508,0.000663129973474801
3616,236,5,11,AC,Conf,1,236,8,8,Tarkowski,DEF,8,8,73.0,1,8,1508,0.005305039787798408
3617,236,3,12,AC,Conf,1,236,7,7,Tarkowski,DEF,8,7,73.0,1,7,1508,0.004641909814323607
3618,236,15,13,AC,Conf,0,236,0,0,Tarkowski,DEF,8,0,73.0,1,0,1508,0.0
3619,236,15,14,AC,Conf,0,236,6,0,Tarkowski,DEF,8,0,73.0,1,6,1508,0.0
3620,236,15,15,AC,Conf,0,236,0,0,Tarkowski,DEF,8,0,73.0,1,0,1508,0.0
3621,236,15,16,AC,Conf,0,236,6,0,Tarkowski,DEF,8,0,73.0,1,6,1508,0.0
3622,236,2,17,AC,Conf,0,236,6,0,Tarkowski,DEF,8,6,73.0,1,6,1508,0.003978779840848806
3623,236,3,18,AC,Conf,1,236,2,2,Tarkowski,DEF,8,2,73.0,1,2,1508,0.001326259946949602
3624,236,3,19,AC,Conf,1,236,0,0,Tarkowski,DEF,8,0,73.0,1,0,1508,0.0
3625,236,3,20,AC,Conf,1,236,2,2,Tarkowski,DEF,8,2,73.0,1,2,1508,0.001326259946949602
3626,236,3,21,AC,Conf,1,236,2,2,Tarkowski,DEF,8,2,73.0,1,2,1508,0.001326259946949602
3627,210,5,1,AC,Conf,0,210,1,0,Mitchell,DEF,7,1,82.0,1,1,1508,0.000663129973474801
3628,210,4,2,AC,Conf,1,210,1,1,Mitchell,DEF,7,1,82.0,1,1,1508,0.000663129973474801
3629,210,4,3,AC,Conf,1,210,2,2,Mitchell,DEF,7,2,82.0,1,2,1508,0.001326259946949602
3630,210,4,4,AC,Conf,1,210,4,4,Mitchell,DEF,7,4,82.0,1,4,1508,0.002652519893899204
3631,210,13,5,AC,Conf,0,210,6,0,Mitchell,DEF,7,0,82.0,1,6,1508,0.0
3632,210,5,6,AC,Conf,1,210,1,1,Mitchell,DEF,7,1,82.0,1,0,1508,0.000663129973474801
3633,210,5,7,AC,Conf,0,210,1,0,Mitchell,DEF,7,1,82.0,1,1,1508,0.000663129973474801
3634,210,13,8,AC,Conf,0,210,2,0,Mitchell,DEF,7,0,82.0,1,2,1508,0.0
3635,210,15,9,AC,Conf,0,210,6,0,Mitchell,DEF,7,0,82.0,1,6,1508,0.0
3636,210,2,10,AC,Conf,0,210,1,0,Mitchell,DEF,7,1,82.0,1,1,1508,0.000663129973474801
3637,210,2,11,AC,Conf,1,210,1,1,Mitchell,DEF,7,1,82.0,1,1,1508,0.000663129973474801
3638,210,4,12,AC,Conf,1,210,0,0,Mitchell,DEF,7,0,82.0,1,0,1508,0.0
3639,327,6,1,AC,Conf,1,327,3,3,Luis Díaz,MID,12,3,17.0,1,3,1508,0.001989389920424403
3640,327,6,2,AC,Conf,1,327,14,14,Luis Díaz,MID,12,14,17.0,1,14,1508,0.009283819628647215
3641,327,5,3,AC,Conf,1,327,15,15,Luis Díaz,MID,12,15,17.0,1,15,1508,0.009946949602122016
3642,327,5,4,AC,Conf,1,327,3,3,Luis Díaz,MID,12,3,17.0,1,3,1508,0.001989389920424403
3643,327,5,5,AC,Conf,1,327,16,16,Luis Díaz,MID,12,16,17.0,1,16,1508,0.010610079575596816
3644,327,6,6,AC,Conf,1,327,2,2,Luis Díaz,MID,12,2,17.0,1,2,1508,0.001326259946949602
3645,327,6,7,AC,Conf,1,327,1,1,Luis Díaz,MID,12,1,17.0,1,0,1508,0.000663129973474801
3646,327,5,8,AC,Conf,1,327,1,1,Luis Díaz,MID,12,1,17.0,1,0,1508,0.000663129973474801
3647,327,5,9,AC,Conf,1,327,5,5,Luis Díaz,MID,12,5,17.0,1,5,1508,0.0033156498673740055
3648,327,6,10,AC,Conf,1,327,1,1,Luis Díaz,MID,12,1,17.0,1,1,1508,0.000663129973474801
3649,327,6,11,AC,Conf,1,327,3,3,Luis Díaz,MID,12,3,17.0,1,3,1508,0.001989389920424403
3650,327,6,12,AC,Conf,1,327,1,1,Luis Díaz,MID,12,1,17.0,1,1,1508,0.000663129973474801
3651,327,6,13,AC,Conf,1,327,6,6,Luis Díaz,MID,12,6,17.0,1,6,1508,0.003978779840848806
3652,327,6,14,AC,Conf,1,327,1,1,Luis Díaz,MID,12,1,17.0,1,1,1508,0.000663129973474801
3653,327,5,15,AC,Conf,1,327,0,0,Luis Díaz,MID,12,0,17.0,1,0,1508,0.0
3654,327,7,16,AC,Conf,1,327,1,1,Luis Díaz,MID,12,1,17.0,1,1,1508,0.000663129973474801
3655,327,6,17,AC,Conf,1,327,13,13,Luis Díaz,MID,12,13,17.0,1,13,1508,0.008620689655172414
3656,327,13,18,AC,Conf,1,327,0,0,Luis Díaz,MID,12,0,17.0,1,0,1508,0.0
3657,327,6,19,AC,Conf,1,327,9,9,Luis Díaz,MID,12,9,17.0,1,9,1508,0.005968169761273209
3658,327,7,20,AC,Conf,1,327,1,1,Luis Díaz,MID,12,1,17.0,1,1,1508,0.000663129973474801
3659,327,7,21,AC,Conf,1,327,1,1,Luis Díaz,MID,12,1,17.0,1,1,1508,0.000663129973474801
3660,327,14,22,AC,Conf,0,327,3,0,Luis Díaz,MID,12,0,17.0,1,3,1508,0.0
3661,327,6,23,AC,Conf,1,327,3,3,Luis Díaz,MID,12,3,17.0,1,3,1508,0.001989389920424403
3662,327,7,24,AC,Conf,1,327,5,5,Luis Díaz,MID,12,5,17.0,1,5,1508,0.0033156498673740055
3663,327,6,25,AC,Conf,1,327,13,13,Luis Díaz,MID,12,13,17.0,1,13,1508,0.008620689655172414
3664,327,8,26,AC,Conf,1,327,3,3,Luis Díaz,MID,12,3,17.0,1,3,1508,0.001989389920424403
3665,327,5,27,AC,Conf,1,327,8,8,Luis Díaz,MID,12,8,17.0,1,8,1508,0.005305039787798408
3666,327,5,28,AC,Conf,1,327,6,6,Luis Díaz,MID,12,6,17.0,1,6,1508,0.003978779840848806
3667,327,13,29,AC,Conf,0,327,0,0,Luis Díaz,MID,12,0,17.0,1,0,1508,0.0
3668,327,5,30,AC,Conf,1,327,9,9,Luis Díaz,MID,12,9,17.0,1,9,1508,0.005968169761273209
3669,327,5,31,AC,Conf,1,327,6,6,Luis Díaz,MID,12,6,17.0,1,6,1508,0.003978779840848806
3670,327,5,32,AC,Conf,1,327,9,9,Luis Díaz,MID,12,9,17.0,1,9,1508,0.005968169761273209
3671,327,6,33,AC,Conf,1,327,3,3,Luis Díaz,MID,12,3,17.0,1,3,1508,0.001989389920424403
3672,327,7,34,AC,Conf,1,327,7,7,Luis Díaz,MID,12,7,17.0,1,7,1508,0.004641909814323607
3673,327,13,35,AC,Conf,1,327,0,0,Luis Díaz,MID,12,0,17.0,1,0,1508,0.0
3674,327,7,36,AC,Conf,1,327,8,8,Luis Díaz,MID,12,8,17.0,1,8,1508,0.005305039787798408
3675,327,5,37,AC,Conf,1,327,1,1,Luis Díaz,MID,12,1,17.0,1,1,1508,0.000663129973474801
3676,327,8,38,AC,Conf,1,327,2,2,Luis Díaz,MID,12,2,17.0,1,2,1508,0.001326259946949602
3677,23,7,1,AC,Conf,1,23,1,1,Trossard,MID,1,1,45.0,1,1,1508,0.000663129973474801
3678,23,7,2,AC,Conf,1,23,7,7,Trossard,MID,1,7,45.0,1,7,1508,0.004641909814323607
3679,23,6,3,AC,Conf,1,23,1,1,Trossard,MID,1,1,45.0,1,1,1508,0.000663129973474801
3680,23,8,14,AC,Conf,1,23,1,1,Trossard,MID,1,1,45.0,1,0,1508,0.000663129973474801
3681,23,7,15,AC,Conf,1,23,1,1,Trossard,MID,1,1,45.0,1,1,1508,0.000663129973474801
3682,23,6,32,AC,Conf,1,23,2,2,Trossard,MID,1,2,45.0,1,2,1508,0.001326259946949602
3683,23,8,33,AC,Conf,1,23,24,24,Trossard,MID,1,24,45.0,1,24,1508,0.015915119363395226
3684,23,13,34,AC,Conf,0,23,0,0,Trossard,MID,1,0,45.0,1,0,1508,0.0
3685,23,6,35,AC,Conf,1,23,2,2,Trossard,MID,1,2,45.0,1,2,1508,0.001326259946949602
3686,23,5,36,AC,Conf,1,23,7,7,Trossard,MID,1,7,45.0,1,7,1508,0.004641909814323607
3687,23,9,38,AC,Conf,1,23,4,4,Trossard,MID,1,4,45.0,1,4,1508,0.002652519893899204
3688,9,8,1,AC,Conf,1,9,3,3,Martinelli,MID,1,3,59.0,1,3,1508,0.001989389920424403
3689,9,8,2,AC,Conf,1,9,3,3,Martinelli,MID,1,3,59.0,1,3,1508,0.001989389920424403
3690,541,9,1,AC,Conf,0,541,1,0,Cunha,FWD,20,1,87.0,1,1,1508,0.000663129973474801
3691,541,13,2,AC,Conf,0,541,6,0,Cunha,FWD,20,0,87.0,1,6,1508,0.0
3692,541,9,3,AC,Conf,1,541,2,2,Cunha,FWD,20,2,87.0,1,2,1508,0.001326259946949602
3693,541,9,4,AC,Conf,1,541,2,2,Cunha,FWD,20,2,87.0,1,2,1508,0.001326259946949602
3694,541,9,5,AC,Conf,1,541,8,8,Cunha,FWD,20,8,87.0,1,8,1508,0.005305039787798408
3695,541,9,6,AC,Conf,1,541,2,2,Cunha,FWD,20,2,87.0,1,2,1508,0.001326259946949602
3696,541,11,7,AC,Conf,1,541,9,9,Cunha,FWD,20,9,87.0,1,9,1508,0.005968169761273209
3697,58,10,1,AC,Conf,1,58,2,2,Watkins,FWD,2,2,3.0,1,2,1508,0.001326259946949602
3698,58,10,2,AC,Conf,1,58,2,2,Watkins,FWD,2,2,3.0,1,2,1508,0.001326259946949602
3699,58,10,3,AC,Conf,1,58,5,5,Watkins,FWD,2,5,3.0,1,5,1508,0.0033156498673740055
3700,58,10,4,AC,Conf,1,58,13,13,Watkins,FWD,2,13,3.0,1,13,1508,0.008620689655172414
3701,58,10,5,AC,Conf,1,58,6,6,Watkins,FWD,2,6,3.0,1,6,1508,0.003978779840848806
3702,58,10,6,AC,Conf,1,58,11,11,Watkins,FWD,2,11,3.0,1,11,1508,0.007294429708222812
3703,58,9,7,AC,Conf,1,58,2,2,Watkins,FWD,2,2,3.0,1,2,1508,0.001326259946949602
3704,58,11,8,AC,Conf,1,58,8,8,Watkins,FWD,2,8,3.0,1,8,1508,0.005305039787798408
3705,58,11,9,AC,Conf,1,58,2,2,Watkins,FWD,2,2,3.0,1,2,1508,0.001326259946949602
3706,58,9,10,AC,Conf,1,58,2,2,Watkins,FWD,2,2,3.0,1,2,1508,0.001326259946949602
3707,58,11,11,AC,Conf,1,58,2,2,Watkins,FWD,2,2,3.0,1,2,1508,0.001326259946949602
3708,58,10,12,AC,Conf,1,58,7,7,Watkins,FWD,2,7,3.0,1,7,1508,0.004641909814323607
3709,58,11,13,AC,Conf,1,58,2,2,Watkins,FWD,2,2,3.0,1,2,1508,0.001326259946949602
3710,58,11,14,AC,Conf,1,58,12,12,Watkins,FWD,2,12,3.0,1,12,1508,0.007957559681697613
3711,58,9,15,AC,Conf,1,58,1,1,Watkins,FWD,2,1,3.0,1,1,1508,0.000663129973474801
3712,58,11,16,AC,Conf,1,58,1,1,Watkins,FWD,2,1,3.0,1,0,1508,0.000663129973474801
3713,58,10,17,AC,Conf,1,58,1,1,Watkins,FWD,2,1,3.0,1,1,1508,0.000663129973474801
3714,58,9,18,AC,Conf,1,58,1,1,Watkins,FWD,2,1,3.0,1,1,1508,0.000663129973474801
3715,58,10,19,AC,Conf,1,58,12,12,Watkins,FWD,2,12,3.0,1,12,1508,0.007957559681697613
3716,58,11,20,AC,Conf,1,58,2,2,Watkins,FWD,2,2,3.0,1,2,1508,0.001326259946949602
3717,58,11,21,AC,Conf,1,58,8,8,Watkins,FWD,2,8,3.0,1,8,1508,0.005305039787798408
3718,58,10,22,AC,Conf,1,58,8,8,Watkins,FWD,2,8,3.0,1,8,1508,0.005305039787798408
3719,58,10,23,AC,Conf,1,58,5,5,Watkins,FWD,2,5,3.0,1,5,1508,0.0033156498673740055
3720,58,11,24,AC,Conf,1,58,1,1,Watkins,FWD,2,1,3.0,1,0,1508,0.000663129973474801
3721,58,10,25,AC,Conf,1,58,15,15,Watkins,FWD,2,15,3.0,1,15,1508,0.009946949602122016
3722,58,11,26,AC,Conf,1,58,2,2,Watkins,FWD,2,2,3.0,1,2,1508,0.001326259946949602
3723,58,9,27,AC,Conf,1,58,5,5,Watkins,FWD,2,5,3.0,1,5,1508,0.0033156498673740055
3724,58,9,28,AC,Conf,1,58,9,9,Watkins,FWD,2,9,3.0,1,9,1508,0.005968169761273209
3725,58,11,29,AC,Conf,1,58,0,0,Watkins,FWD,2,0,3.0,1,0,1508,0.0
3726,58,9,30,AC,Conf,1,58,0,0,Watkins,FWD,2,0,3.0,1,0,1508,0.0
3727,58,9,31,AC,Conf,1,58,2,2,Watkins,FWD,2,2,3.0,1,2,1508,0.001326259946949602
3728,58,10,32,AC,Conf,1,58,7,7,Watkins,FWD,2,7,3.0,1,7,1508,0.004641909814323607
3729,58,11,33,AC,Conf,1,58,12,12,Watkins,FWD,2,12,3.0,1,12,1508,0.007957559681697613
3730,58,11,34,AC,Conf,1,58,0,0,Watkins,FWD,2,0,3.0,1,0,1508,0.0
3731,58,10,35,AC,Conf,1,58,2,2,Watkins,FWD,2,2,3.0,1,2,1508,0.001326259946949602
3732,58,11,36,AC,Conf,1,58,9,9,Watkins,FWD,2,9,3.0,1,9,1508,0.005968169761273209
3733,58,10,37,AC,Conf,1,58,5,5,Watkins,FWD,2,5,3.0,1,5,1508,0.0033156498673740055
3734,58,11,38,AC,Conf,1,58,2,2,Watkins,FWD,2,2,3.0,1,2,1508,0.001326259946949602
3735,4,11,1,AC,Conf,1,4,12,12,Havertz,FWD,1,12,12.0,1,12,1508,0.007957559681697613
3736,4,11,2,AC,Conf,1,4,2,2,Havertz,FWD,1,2,12.0,1,2,1508,0.001326259946949602
3737,4,11,3,AC,Conf,1,4,8,8,Havertz,FWD,1,8,12.0,1,8,1508,0.005305039787798408
3738,4,11,4,AC,Conf,1,4,2,2,Havertz,FWD,1,2,12.0,1,2,1508,0.001326259946949602
3739,4,11,5,AC,Conf,1,4,2,2,Havertz,FWD,1,2,12.0,1,2,1508,0.001326259946949602
3740,4,11,6,AC,Conf,1,4,6,6,Havertz,FWD,1,6,12.0,1,6,1508,0.003978779840848806
3741,4,10,7,AC,Conf,1,4,8,8,Havertz,FWD,1,8,12.0,1,8,1508,0.005305039787798408
3742,4,9,8,AC,Conf,1,4,2,2,Havertz,FWD,1,2,12.0,1,2,1508,0.001326259946949602
3743,4,9,9,AC,Conf,1,4,2,2,Havertz,FWD,1,2,12.0,1,2,1508,0.001326259946949602
3744,4,10,10,AC,Conf,1,4,1,1,Havertz,FWD,1,1,12.0,1,0,1508,0.000663129973474801
3745,4,9,11,AC,Conf,1,4,1,1,Havertz,FWD,1,1,12.0,1,1,1508,0.000663129973474801
3746,4,13,12,AC,Conf,1,4,0,0,Havertz,FWD,1,0,12.0,1,0,1508,0.0
3747,4,9,13,AC,Conf,1,4,6,6,Havertz,FWD,1,6,12.0,1,6,1508,0.003978779840848806
3748,4,9,14,AC,Conf,1,4,2,2,Havertz,FWD,1,2,12.0,1,2,1508,0.001326259946949602
3749,4,10,15,AC,Conf,1,4,5,5,Havertz,FWD,1,5,12.0,1,5,1508,0.0033156498673740055
3750,4,9,16,AC,Conf,1,4,2,2,Havertz,FWD,1,2,12.0,1,2,1508,0.001326259946949602
3751,4,11,17,AC,Conf,1,4,6,6,Havertz,FWD,1,6,12.0,1,6,1508,0.003978779840848806
3752,4,10,18,AC,Conf,1,4,7,7,Havertz,FWD,1,7,12.0,1,7,1508,0.004641909814323607
3753,4,13,19,AC,Conf,1,4,0,0,Havertz,FWD,1,0,12.0,1,0,1508,0.0
3754,4,13,20,AC,Conf,0,4,0,0,Havertz,FWD,1,0,12.0,1,0,1508,0.0
3755,4,13,21,AC,Conf,0,4,1,0,Havertz,FWD,1,0,12.0,1,1,1508,0.0
3756,4,11,22,AC,Conf,1,4,7,7,Havertz,FWD,1,7,12.0,1,7,1508,0.004641909814323607
3757,4,11,23,AC,Conf,1,4,2,2,Havertz,FWD,1,2,12.0,1,2,1508,0.001326259946949602
3758,4,10,24,AC,Conf,1,4,12,12,Havertz,FWD,1,12,12.0,1,12,1508,0.007957559681697613
3759,4,15,25,AC,Conf,0,4,0,0,Havertz,FWD,1,0,12.0,1,0,1508,0.0
3760,358,12,1,AC,Conf,0,358,0,0,Ortega Moreno,GKP,13,0,101.0,1,0,1508,0.0
3761,358,12,2,AC,Conf,0,358,0,0,Ortega Moreno,GKP,13,0,101.0,1,0,1508,0.0
3762,358,12,3,AC,Conf,0,358,0,0,Ortega Moreno,GKP,13,0,101.0,1,0,1508,0.0
3763,358,12,4,AC,Conf,0,358,0,0,Ortega Moreno,GKP,13,0,101.0,1,0,1508,0.0
3764,358,12,5,AC,Conf,0,358,0,0,Ortega Moreno,GKP,13,0,101.0,1,0,1508,0.0
3765,358,12,6,AC,Conf,0,358,0,0,Ortega Moreno,GKP,13,0,101.0,1,0,1508,0.0
3766,358,12,7,AC,Conf,0,358,0,0,Ortega Moreno,GKP,13,0,101.0,1,0,1508,0.0
3767,358,12,8,AC,Conf,0,358,0,0,Ortega Moreno,GKP,13,0,101.0,1,0,1508,0.0
3768,358,12,9,AC,Conf,0,358,0,0,Ortega Moreno,GKP,13,0,101.0,1,0,1508,0.0
3769,358,12,10,AC,Conf,0,358,0,0,Ortega Moreno,GKP,13,0,101.0,1,0,1508,0.0
3770,358,12,11,AC,Conf,0,358,0,0,Ortega Moreno,GKP,13,0,101.0,1,0,1508,0.0
3771,358,12,12,AC,Conf,0,358,0,0,Ortega Moreno,GKP,13,0,101.0,1,0,1508,0.0
3772,358,12,13,AC,Conf,0,358,2,0,Ortega Moreno,GKP,13,0,101.0,1,0,1508,0.0
3773,358,12,14,AC,Conf,0,358,7,0,Ortega Moreno,GKP,13,0,101.0,1,7,1508,0.0
3774,358,12,15,AC,Conf,0,358,1,0,Ortega Moreno,GKP,13,0,101.0,1,0,1508,0.0
3775,358,12,16,AC,Conf,0,358,0,0,Ortega Moreno,GKP,13,0,101.0,1,0,1508,0.0
3776,358,12,17,AC,Conf,0,358,2,0,Ortega Moreno,GKP,13,0,101.0,1,0,1508,0.0
3777,358,12,18,AC,Conf,0,358,2,0,Ortega Moreno,GKP,13,0,101.0,1,0,1508,0.0
3778,358,12,19,AC,Conf,0,358,6,0,Ortega Moreno,GKP,13,0,101.0,1,6,1508,0.0
3779,358,12,20,AC,Conf,0,358,3,0,Ortega Moreno,GKP,13,0,101.0,1,0,1508,0.0
3780,358,12,21,AC,Conf,0,358,2,0,Ortega Moreno,GKP,13,0,101.0,1,0,1508,0.0
3781,358,12,22,AC,Conf,1,358,0,0,Ortega Moreno,GKP,13,0,101.0,1,0,1508,0.0
3782,358,12,23,AC,Conf,0,358,0,0,Ortega Moreno,GKP,13,0,101.0,1,0,1508,0.0
3783,358,1,24,AC,Conf,1,358,0,0,Ortega Moreno,GKP,13,0,101.0,1,0,1508,0.0
3784,358,12,25,AC,Conf,0,358,0,0,Ortega Moreno,GKP,13,0,101.0,1,0,1508,0.0
3785,358,12,26,AC,Conf,0,358,0,0,Ortega Moreno,GKP,13,0,101.0,1,0,1508,0.0
3786,358,12,27,AC,Conf,0,358,0,0,Ortega Moreno,GKP,13,0,101.0,1,0,1508,0.0
3787,358,12,28,AC,Conf,0,358,0,0,Ortega Moreno,GKP,13,0,101.0,1,0,1508,0.0
3788,358,1,29,AC,Conf,1,358,1,1,Ortega Moreno,GKP,13,1,101.0,1,0,1508,0.000663129973474801
3789,358,12,30,AC,Conf,1,358,0,0,Ortega Moreno,GKP,13,0,101.0,1,0,1508,0.0
3790,358,12,31,AC,Conf,1,358,0,0,Ortega Moreno,GKP,13,0,101.0,1,0,1508,0.0
3791,358,1,32,AC,Conf,1,358,1,1,Ortega Moreno,GKP,13,1,101.0,1,0,1508,0.000663129973474801
3792,358,12,33,AC,Conf,0,358,8,0,Ortega Moreno,GKP,13,0,101.0,1,8,1508,0.0
3793,360,13,1,AC,Conf,1,360,0,0,Rodrigo,MID,13,0,26.0,1,0,1508,0.0
3794,391,14,1,AC,Conf,1,391,0,0,Almirón,MID,15,0,68.0,1,0,1508,0.0
3795,322,15,1,AC,Conf,0,322,0,0,Gomez,DEF,12,0,96.0,1,0,1508,0.0
3796,322,14,2,AC,Conf,0,322,0,0,Gomez,DEF,12,0,96.0,1,0,1508,0.0
3797,322,14,3,AC,Conf,0,322,0,0,Gomez,DEF,12,0,96.0,1,0,1508,0.0
3798,136,9,36,AC,Conf,1,136,1,1,Mitoma,MID,5,1,,0,1,1508,0.000663129973474801
3799,354,5,2,AC,Conf,1,354,1,1,Kovačić,MID,13,1,,0,1,1508,0.000663129973474801
3800,354,13,3,AC,Conf,0,354,2,0,Kovačić,MID,13,0,,0,2,1508,0.0
3801,354,7,4,AC,Conf,1,354,0,0,Kovačić,MID,13,0,,0,0,1508,0.0
3802,354,13,6,AC,Conf,0,354,1,0,Kovačić,MID,13,0,,0,0,1508,0.0
3803,403,9,2,AC,Conf,1,403,1,1,Joelinton,MID,15,1,,0,0,1508,0.000663129973474801
3804,403,8,3,AC,Conf,1,403,1,1,Joelinton,MID,15,1,,0,1,1508,0.000663129973474801
3805,403,8,4,AC,Conf,1,403,0,0,Joelinton,MID,15,0,,0,0,1508,0.0
3806,403,14,5,AC,Conf,0,403,2,0,Joelinton,MID,15,0,,0,2,1508,0.0
3807,177,7,31,AC,Conf,1,177,1,1,Madueke,MID,6,1,,0,0,1508,0.000663129973474801
3808,177,8,32,AC,Conf,1,177,5,5,Madueke,MID,6,5,,0,5,1508,0.0033156498673740055
3809,177,5,33,AC,Conf,1,177,1,1,Madueke,MID,6,1,,0,1,1508,0.000663129973474801
3810,177,6,34,AC,Conf,1,177,3,3,Madueke,MID,6,3,,0,3,1508,0.001989389920424403
3811,20,7,3,AC,Conf,1,20,1,1,Thomas,MID,1,1,,0,0,1508,0.000663129973474801
3812,20,13,4,AC,Conf,0,20,3,0,Thomas,MID,1,0,,0,3,1508,0.0
3813,20,7,5,AC,Conf,1,20,1,1,Thomas,MID,1,1,,0,0,1508,0.000663129973474801
3814,20,14,6,AC,Conf,0,20,2,0,Thomas,MID,1,0,,0,2,1508,0.0
3815,20,7,7,AC,Conf,1,20,2,2,Thomas,MID,1,2,,0,2,1508,0.001326259946949602
3816,78,8,18,AC,Conf,1,78,3,3,Semenyo,MID,3,3,,0,3,1508,0.001989389920424403
3817,78,9,19,AC,Conf,1,78,5,5,Semenyo,MID,3,5,,0,5,1508,0.0033156498673740055
3818,78,5,20,AC,Conf,1,78,3,3,Semenyo,MID,3,3,,0,3,1508,0.001989389920424403
3819,78,5,21,AC,Conf,1,78,12,12,Semenyo,MID,3,12,,0,12,1508,0.007957559681697613
3820,78,8,22,AC,Conf,1,78,5,5,Semenyo,MID,3,5,,0,5,1508,0.0033156498673740055
3821,78,8,23,AC,Conf,1,78,9,9,Semenyo,MID,3,9,,0,9,1508,0.005968169761273209
3822,78,5,24,AC,Conf,1,78,2,2,Semenyo,MID,3,2,,0,2,1508,0.001326259946949602
3823,78,8,25,AC,Conf,1,78,4,4,Semenyo,MID,3,4,,0,4,1508,0.002652519893899204
3824,78,6,26,AC,Conf,1,78,2,2,Semenyo,MID,3,2,,0,2,1508,0.001326259946949602
3825,78,8,27,AC,Conf,1,78,1,1,Semenyo,MID,3,1,,0,1,1508,0.000663129973474801
3826,78,8,28,AC,Conf,1,78,1,1,Semenyo,MID,3,1,,0,1,1508,0.000663129973474801
3827,78,5,29,AC,Conf,1,78,1,1,Semenyo,MID,3,1,,0,1,1508,0.000663129973474801
3828,78,8,30,AC,Conf,1,78,2,2,Semenyo,MID,3,2,,0,2,1508,0.001326259946949602
3829,233,6,4,AC,Conf,1,233,1,1,Onana,MID,2,1,,0,1,1508,0.000663129973474801
3830,233,6,5,AC,Conf,1,233,2,2,Onana,MID,2,2,,0,2,1508,0.001326259946949602
3831,233,7,6,AC,Conf,1,233,2,2,Onana,MID,2,2,,0,2,1508,0.001326259946949602
3832,233,13,7,AC,Conf,1,233,0,0,Onana,MID,2,0,,0,0,1508,0.0
3833,233,8,8,AC,Conf,1,233,2,2,Onana,MID,2,2,,0,2,1508,0.001326259946949602
3834,233,8,9,AC,Conf,1,233,0,0,Onana,MID,2,0,,0,0,1508,0.0
3835,233,7,10,AC,Conf,1,233,2,2,Onana,MID,2,2,,0,2,1508,0.001326259946949602
3836,267,14,4,AC,Conf,0,267,6,0,Davis,DEF,10,0,,0,6,1508,0.0
3837,267,4,5,AC,Conf,1,267,2,2,Davis,DEF,10,2,,0,2,1508,0.001326259946949602
3838,267,4,6,AC,Conf,1,267,2,2,Davis,DEF,10,2,,0,2,1508,0.001326259946949602
3839,267,4,7,AC,Conf,1,267,0,0,Davis,DEF,10,0,,0,0,1508,0.0
3840,267,4,8,AC,Conf,1,267,1,1,Davis,DEF,10,1,,0,0,1508,0.000663129973474801
3841,267,4,9,AC,Conf,1,267,2,2,Davis,DEF,10,2,,0,2,1508,0.001326259946949602
3842,267,4,10,AC,Conf,1,267,10,10,Davis,DEF,10,10,,0,10,1508,0.006631299734748011
3843,267,4,11,AC,Conf,1,267,1,1,Davis,DEF,10,1,,0,1,1508,0.000663129973474801
3844,267,5,12,AC,Conf,0,267,2,0,Davis,DEF,10,2,,0,2,1508,0.001326259946949602
3845,267,4,13,AC,Conf,1,267,2,2,Davis,DEF,10,2,,0,2,1508,0.001326259946949602
3846,267,4,14,AC,Conf,1,267,2,2,Davis,DEF,10,2,,0,2,1508,0.001326259946949602
3847,267,4,15,AC,Conf,1,267,1,1,Davis,DEF,10,1,,0,1,1508,0.000663129973474801
3848,267,3,16,AC,Conf,1,267,2,2,Davis,DEF,10,2,,0,2,1508,0.001326259946949602
3849,267,5,17,AC,Conf,1,267,0,0,Davis,DEF,10,0,,0,0,1508,0.0
3850,267,5,18,AC,Conf,0,267,1,0,Davis,DEF,10,1,,0,1,1508,0.000663129973474801
3851,267,5,19,AC,Conf,0,267,5,0,Davis,DEF,10,5,,0,5,1508,0.0033156498673740055
3852,267,14,20,AC,Conf,0,267,0,0,Davis,DEF,10,0,,0,0,1508,0.0
3853,267,14,21,AC,Conf,0,267,1,0,Davis,DEF,10,0,,0,0,1508,0.0
3854,433,8,5,AC,Conf,1,433,-1,-1,Gibbs-White,MID,16,-1,,0,0,1508,-0.000663129973474801
3855,433,9,20,AC,Conf,1,433,8,8,Gibbs-White,MID,16,8,,0,8,1508,0.005305039787798408
3856,433,9,21,AC,Conf,1,433,1,1,Gibbs-White,MID,16,1,,0,0,1508,0.000663129973474801
3857,433,9,22,AC,Conf,1,433,5,5,Gibbs-White,MID,16,5,,0,5,1508,0.0033156498673740055
3858,433,9,23,AC,Conf,1,433,2,2,Gibbs-White,MID,16,2,,0,2,1508,0.001326259946949602
3859,433,8,24,AC,Conf,1,433,16,16,Gibbs-White,MID,16,16,,0,16,1508,0.010610079575596816
3860,433,9,25,AC,Conf,1,433,5,5,Gibbs-White,MID,16,5,,0,5,1508,0.0033156498673740055
3861,433,9,26,AC,Conf,1,433,5,5,Gibbs-White,MID,16,5,,0,5,1508,0.0033156498673740055
3862,433,13,27,AC,Conf,0,433,3,0,Gibbs-White,MID,16,0,,0,3,1508,0.0
3863,433,7,28,AC,Conf,0,433,5,0,Gibbs-White,MID,16,5,,0,5,1508,0.0033156498673740055
3864,433,7,29,AC,Conf,1,433,5,5,Gibbs-White,MID,16,5,,0,5,1508,0.0033156498673740055
3865,433,7,30,AC,Conf,0,433,3,0,Gibbs-White,MID,16,3,,0,3,1508,0.001989389920424403
3866,433,8,31,AC,Conf,1,433,2,2,Gibbs-White,MID,16,2,,0,2,1508,0.001326259946949602
3867,433,9,32,AC,Conf,1,433,2,2,Gibbs-White,MID,16,2,,0,2,1508,0.001326259946949602
3868,433,7,33,AC,Conf,1,433,1,1,Gibbs-White,MID,16,1,,0,1,1508,0.000663129973474801
3869,433,8,34,AC,Conf,1,433,1,1,Gibbs-White,MID,16,1,,0,1,1508,0.000663129973474801
3870,433,9,35,AC,Conf,1,433,1,1,Gibbs-White,MID,16,1,,0,1,1508,0.000663129973474801
3871,433,8,36,AC,Conf,1,433,13,13,Gibbs-White,MID,16,13,,0,13,1508,0.008620689655172414
3872,433,9,37,AC,Conf,1,433,11,11,Gibbs-White,MID,16,11,,0,11,1508,0.007294429708222812
3873,433,7,38,AC,Conf,1,433,2,2,Gibbs-White,MID,16,2,,0,2,1508,0.001326259946949602
3874,11,13,38,AC,Conf,0,11,1,0,Nketiah,FWD,7,0,,0,1,1508,0.0
3875,162,3,29,AC,Conf,1,162,1,1,Colwill,DEF,6,1,,0,1,1508,0.000663129973474801
3876,162,14,30,AC,Conf,0,162,6,0,Colwill,DEF,6,0,,0,6,1508,0.0
3877,162,14,31,AC,Conf,1,162,0,0,Colwill,DEF,6,0,,0,0,1508,0.0
3878,162,4,32,AC,Conf,1,162,1,1,Colwill,DEF,6,1,,0,1,1508,0.000663129973474801
3879,162,4,33,AC,Conf,1,162,1,1,Colwill,DEF,6,1,,0,0,1508,0.000663129973474801
3880,162,4,34,AC,Conf,1,162,6,6,Colwill,DEF,6,6,,0,6,1508,0.003978779840848806
3881,162,14,35,AC,Conf,0,162,2,0,Colwill,DEF,6,0,,0,2,1508,0.0
3882,162,4,36,AC,Conf,1,162,0,0,Colwill,DEF,6,0,,0,0,1508,0.0
3883,239,8,6,AC,Conf,1,239,3,3,Adama,MID,9,3,,0,3,1508,0.001989389920424403
3884,239,14,7,AC,Conf,0,239,2,0,Adama,MID,9,0,,0,2,1508,0.0
3885,239,14,8,AC,Conf,0,239,2,0,Adama,MID,9,0,,0,0,1508,0.0
3886,239,14,9,AC,Conf,0,239,3,0,Adama,MID,9,0,,0,3,1508,0.0
3887,239,15,10,AC,Conf,0,239,4,0,Adama,MID,9,0,,0,4,1508,0.0
3888,239,14,11,AC,Conf,0,239,1,0,Adama,MID,9,0,,0,1,1508,0.0
3889,230,8,7,AC,Conf,1,230,2,2,McNeil,MID,8,2,,0,2,1508,0.001326259946949602
3890,230,7,8,AC,Conf,1,230,6,6,McNeil,MID,8,6,,0,6,1508,0.003978779840848806
3891,230,7,9,AC,Conf,1,230,2,2,McNeil,MID,8,2,,0,2,1508,0.001326259946949602
3892,230,5,10,AC,Conf,0,230,2,0,McNeil,MID,8,2,,0,2,1508,0.001326259946949602
3893,230,13,11,AC,Conf,0,230,0,0,McNeil,MID,8,0,,0,0,1508,0.0
3894,230,14,12,AC,Conf,0,230,3,0,McNeil,MID,8,0,,0,3,1508,0.0
3895,230,13,13,AC,Conf,0,230,2,0,McNeil,MID,8,0,,0,2,1508,0.0
3896,230,13,14,AC,Conf,0,230,9,0,McNeil,MID,8,0,,0,9,1508,0.0
3897,230,13,15,AC,Conf,0,230,0,0,McNeil,MID,8,0,,0,0,1508,0.0
3898,230,14,16,AC,Conf,0,230,0,0,McNeil,MID,8,0,,0,0,1508,0.0
3899,230,14,17,AC,Conf,0,230,0,0,McNeil,MID,8,0,,0,0,1508,0.0
3900,230,14,18,AC,Conf,0,230,0,0,McNeil,MID,8,0,,0,0,1508,0.0
3901,230,14,19,AC,Conf,0,230,0,0,McNeil,MID,8,0,,0,0,1508,0.0
3902,200,3,22,AC,Conf,1,200,8,8,Guéhi,DEF,7,8,,0,8,1508,0.005305039787798408
3903,200,2,23,AC,Conf,0,200,1,0,Guéhi,DEF,7,1,,0,0,1508,0.000663129973474801
3904,200,14,24,AC,Conf,0,200,6,0,Guéhi,DEF,7,0,,0,6,1508,0.0
3905,200,3,25,AC,Conf,1,200,4,4,Guéhi,DEF,7,4,,0,4,1508,0.002652519893899204
3906,200,4,26,AC,Conf,1,200,5,5,Guéhi,DEF,7,5,,0,5,1508,0.0033156498673740055
3907,200,3,27,AC,Conf,1,200,2,2,Guéhi,DEF,7,2,,0,2,1508,0.001326259946949602
3908,200,4,28,AC,Conf,1,200,5,5,Guéhi,DEF,7,5,,0,5,1508,0.0033156498673740055
3909,200,15,29,AC,Conf,0,200,0,0,Guéhi,DEF,7,0,,0,0,1508,0.0
3910,200,4,30,AC,Conf,1,200,2,2,Guéhi,DEF,7,2,,0,2,1508,0.001326259946949602
3911,200,15,31,AC,Conf,0,200,-1,0,Guéhi,DEF,7,0,,0,0,1508,0.0
3912,200,15,32,AC,Conf,0,200,-2,0,Guéhi,DEF,7,0,,0,0,1508,0.0
3913,200,3,33,AC,Conf,1,200,7,7,Guéhi,DEF,7,7,,0,7,1508,0.004641909814323607
3914,200,15,34,AC,Conf,0,200,0,0,Guéhi,DEF,7,0,,0,0,1508,0.0
3915,200,3,35,AC,Conf,1,200,2,2,Guéhi,DEF,7,2,,0,2,1508,0.001326259946949602
3916,200,2,36,AC,Conf,1,200,7,7,Guéhi,DEF,7,7,,0,7,1508,0.004641909814323607
3917,200,14,37,AC,Conf,1,200,0,0,Guéhi,DEF,7,0,,0,0,1508,0.0
3918,200,14,38,AC,Conf,0,200,0,0,Guéhi,DEF,7,0,,0,0,1508,0.0
3919,618,6,8,AC,Conf,1,618,6,6,Georginio,MID,5,6,,0,6,1508,0.003978779840848806
3920,618,6,9,AC,Conf,1,618,5,5,Georginio,MID,5,5,,0,5,1508,0.0033156498673740055
3921,618,8,10,AC,Conf,1,618,2,2,Georginio,MID,5,2,,0,2,1508,0.001326259946949602
3922,618,7,11,AC,Conf,1,618,2,2,Georginio,MID,5,2,,0,2,1508,0.001326259946949602
3923,618,9,12,AC,Conf,1,618,5,5,Georginio,MID,5,5,,0,5,1508,0.0033156498673740055
3924,618,7,13,AC,Conf,1,618,2,2,Georginio,MID,5,2,,0,0,1508,0.001326259946949602
3925,618,7,14,AC,Conf,1,618,1,1,Georginio,MID,5,1,,0,0,1508,0.000663129973474801
3926,618,8,15,AC,Conf,1,618,2,2,Georginio,MID,5,2,,0,2,1508,0.001326259946949602
3927,618,5,16,AC,Conf,1,618,2,2,Georginio,MID,5,2,,0,2,1508,0.001326259946949602
3928,618,9,17,AC,Conf,1,618,2,2,Georginio,MID,5,2,,0,2,1508,0.001326259946949602
3929,533,15,33,AC,Conf,0,533,5,0,Aït-Nouri,DEF,20,0,,0,5,1508,0.0
3930,533,3,34,AC,Conf,1,533,11,11,Aït-Nouri,DEF,20,11,,0,11,1508,0.007294429708222812
3931,533,4,35,AC,Conf,1,533,2,2,Aït-Nouri,DEF,20,2,,0,2,1508,0.001326259946949602
3932,533,3,36,AC,Conf,1,533,1,1,Aït-Nouri,DEF,20,1,,0,0,1508,0.000663129973474801
3933,533,3,37,AC,Conf,0,533,0,0,Aït-Nouri,DEF,20,0,,0,0,1508,0.0
3934,533,2,38,AC,Conf,1,533,2,2,Aït-Nouri,DEF,20,2,,0,2,1508,0.001326259946949602
3935,247,8,16,AC,Conf,1,247,2,2,Iwobi,MID,9,2,,0,2,1508,0.001326259946949602
3936,247,8,17,AC,Conf,1,247,3,3,Iwobi,MID,9,3,,0,3,1508,0.001989389920424403
3937,247,7,18,AC,Conf,1,247,2,2,Iwobi,MID,9,2,,0,2,1508,0.001326259946949602
3938,247,8,19,AC,Conf,1,247,2,2,Iwobi,MID,9,2,,0,2,1508,0.001326259946949602
3939,247,8,20,AC,Conf,1,247,2,2,Iwobi,MID,9,2,,0,2,1508,0.001326259946949602
3940,247,8,21,AC,Conf,1,247,15,15,Iwobi,MID,9,15,,0,15,1508,0.009946949602122016
3941,247,7,22,AC,Conf,1,247,1,1,Iwobi,MID,9,1,,0,0,1508,0.000663129973474801
3942,247,14,23,AC,Conf,0,247,2,0,Iwobi,MID,9,0,,0,2,1508,0.0
3943,247,13,24,AC,Conf,0,247,2,0,Iwobi,MID,9,0,,0,2,1508,0.0
3944,247,5,25,AC,Conf,0,247,2,0,Iwobi,MID,9,2,,0,2,1508,0.001326259946949602
3945,247,13,26,AC,Conf,0,247,2,0,Iwobi,MID,9,0,,0,0,1508,0.0
3946,434,8,11,AC,Conf,1,434,1,1,Hudson-Odoi,MID,16,1,,0,0,1508,0.000663129973474801
3947,434,8,12,AC,Conf,1,434,2,2,Hudson-Odoi,MID,16,2,,0,2,1508,0.001326259946949602
3948,434,8,13,AC,Conf,1,434,3,3,Hudson-Odoi,MID,16,3,,0,3,1508,0.001989389920424403
3949,434,8,29,AC,Conf,1,434,3,3,Hudson-Odoi,MID,16,3,,0,3,1508,0.001989389920424403
3950,434,13,30,AC,Conf,1,434,0,0,Hudson-Odoi,MID,16,0,,0,0,1508,0.0
3951,434,13,31,AC,Conf,0,434,2,0,Hudson-Odoi,MID,16,0,,0,2,1508,0.0
3952,434,7,32,AC,Conf,1,434,2,2,Hudson-Odoi,MID,16,2,,0,2,1508,0.001326259946949602
3953,89,7,12,AC,Conf,1,89,3,3,Damsgaard,MID,4,3,,0,3,1508,0.001989389920424403
3954,89,5,13,AC,Conf,1,89,5,5,Damsgaard,MID,4,5,,0,5,1508,0.0033156498673740055
3955,89,5,14,AC,Conf,1,89,9,9,Damsgaard,MID,4,9,,0,9,1508,0.005968169761273209
3956,89,6,15,AC,Conf,1,89,1,1,Damsgaard,MID,4,1,,0,1,1508,0.000663129973474801
3957,89,6,16,AC,Conf,1,89,2,2,Damsgaard,MID,4,2,,0,2,1508,0.001326259946949602
3958,89,7,17,AC,Conf,1,89,1,1,Damsgaard,MID,4,1,,0,1,1508,0.000663129973474801
3959,89,6,18,AC,Conf,1,89,3,3,Damsgaard,MID,4,3,,0,3,1508,0.001989389920424403
3960,89,7,19,AC,Conf,1,89,5,5,Damsgaard,MID,4,5,,0,5,1508,0.0033156498673740055
3961,89,6,20,AC,Conf,1,89,6,6,Damsgaard,MID,4,6,,0,6,1508,0.003978779840848806
3962,89,6,21,AC,Conf,1,89,2,2,Damsgaard,MID,4,2,,0,2,1508,0.001326259946949602
3963,89,6,22,AC,Conf,1,89,3,3,Damsgaard,MID,4,3,,0,3,1508,0.001989389920424403
3964,89,7,23,AC,Conf,1,89,7,7,Damsgaard,MID,4,7,,0,7,1508,0.004641909814323607
3965,89,6,24,AC,Conf,1,89,3,3,Damsgaard,MID,4,3,,0,3,1508,0.001989389920424403
3966,89,7,25,AC,Conf,1,89,2,2,Damsgaard,MID,4,2,,0,2,1508,0.001326259946949602
3967,89,7,26,AC,Conf,1,89,10,10,Damsgaard,MID,4,10,,0,10,1508,0.006631299734748011
3968,89,6,27,AC,Conf,1,89,2,2,Damsgaard,MID,4,2,,0,2,1508,0.001326259946949602
3969,89,6,28,AC,Conf,1,89,2,2,Damsgaard,MID,4,2,,0,2,1508,0.001326259946949602
3970,89,6,29,AC,Conf,1,89,2,2,Damsgaard,MID,4,2,,0,2,1508,0.001326259946949602
3971,89,6,30,AC,Conf,1,89,1,1,Damsgaard,MID,4,1,,0,1,1508,0.000663129973474801
3972,89,6,31,AC,Conf,1,89,3,3,Damsgaard,MID,4,3,,0,3,1508,0.001989389920424403
3973,71,13,33,AC,Conf,0,71,2,0,Kluivert,MID,3,0,,0,2,1508,0.0
3974,71,9,34,AC,Conf,1,71,2,2,Kluivert,MID,3,2,,0,2,1508,0.001326259946949602
3975,71,7,35,AC,Conf,1,71,2,2,Kluivert,MID,3,2,,0,2,1508,0.001326259946949602
3976,152,1,34,AC,Conf,1,152,3,3,Arrizabalaga,GKP,3,3,,0,3,1508,0.001989389920424403
3977,152,12,35,AC,Conf,0,152,3,0,Arrizabalaga,GKP,3,0,,0,3,1508,0.0
3978,152,12,36,AC,Conf,0,152,2,0,Arrizabalaga,GKP,3,0,,0,0,1508,0.0
3979,152,12,37,AC,Conf,0,152,1,0,Arrizabalaga,GKP,3,0,,0,0,1508,0.0
3980,152,12,38,AC,Conf,0,152,6,0,Arrizabalaga,GKP,3,0,,0,6,1508,0.0
3981,168,7,37,AC,Conf,1,168,3,3,Enzo,MID,6,3,,0,3,1508,0.001989389920424403
3982,168,5,38,AC,Conf,1,168,3,3,Enzo,MID,6,3,,0,3,1508,0.001989389920424403
3983,585,6,37,AC,Conf,1,585,5,5,I.Sarr,MID,7,5,,0,5,1508,0.0033156498673740055
3984,504,5,26,AC,Conf,1,504,8,8,Spence,DEF,18,8,,0,8,1508,0.005305039787798408
3985,504,2,27,AC,Conf,1,504,1,1,Spence,DEF,18,1,,0,1,1508,0.000663129973474801
3986,504,2,28,AC,Conf,1,504,1,1,Spence,DEF,18,1,,0,0,1508,0.000663129973474801
3987,504,4,29,AC,Conf,1,504,1,1,Spence,DEF,18,1,,0,1,1508,0.000663129973474801
3988,742,7,27,AC,Conf,1,742,1,1,M.Asensio,MID,2,1,,0,0,1508,0.000663129973474801
3989,742,13,28,AC,Conf,1,742,0,0,M.Asensio,MID,2,0,,0,0,1508,0.0
0,508,1,1,JP,Prem,1,508,2,2,Vicario,GKP,18,2,82.0,1,0,1809,0.001105583195135434
1,508,12,2,JP,Prem,0,508,6,0,Vicario,GKP,18,0,82.0,1,6,1809,0.0
2,508,12,3,JP,Prem,0,508,1,0,Vicario,GKP,18,0,82.0,1,0,1809,0.0
3,508,12,4,JP,Prem,0,508,2,0,Vicario,GKP,18,0,82.0,1,0,1809,0.0
4,508,1,5,JP,Prem,1,508,3,3,Vicario,GKP,18,3,82.0,1,3,1809,0.001658374792703151
5,508,12,6,JP,Prem,0,508,6,0,Vicario,GKP,18,0,82.0,1,6,1809,0.0
6,508,12,7,JP,Prem,0,508,1,0,Vicario,GKP,18,0,82.0,1,1,1809,0.0
7,508,12,8,JP,Prem,0,508,2,0,Vicario,GKP,18,0,82.0,1,2,1809,0.0
8,508,12,9,JP,Prem,0,508,3,0,Vicario,GKP,18,0,82.0,1,0,1809,0.0
9,508,12,10,JP,Prem,0,508,2,0,Vicario,GKP,18,0,82.0,1,2,1809,0.0
10,508,1,11,JP,Prem,1,508,1,1,Vicario,GKP,18,1,82.0,1,1,1809,0.000552791597567717
11,508,12,12,JP,Prem,0,508,8,0,Vicario,GKP,18,0,82.0,1,8,1809,0.0
12,311,2,1,JP,Prem,1,311,8,8,Alexander-Arnold,DEF,12,8,27.0,1,8,1809,0.004422332780541736
13,311,2,2,JP,Prem,1,311,6,6,Alexander-Arnold,DEF,12,6,27.0,1,6,1809,0.003316749585406302
14,311,2,3,JP,Prem,1,311,6,6,Alexander-Arnold,DEF,12,6,27.0,1,6,1809,0.003316749585406302
15,311,2,4,JP,Prem,1,311,1,1,Alexander-Arnold,DEF,12,1,27.0,1,1,1809,0.000552791597567717
16,311,2,5,JP,Prem,1,311,11,11,Alexander-Arnold,DEF,12,11,27.0,1,11,1809,0.006080707573244887
17,311,2,6,JP,Prem,1,311,1,1,Alexander-Arnold,DEF,12,1,27.0,1,0,1809,0.000552791597567717
18,311,2,7,JP,Prem,1,311,8,8,Alexander-Arnold,DEF,12,8,27.0,1,8,1809,0.004422332780541736
19,311,2,8,JP,Prem,1,311,2,2,Alexander-Arnold,DEF,12,2,27.0,1,2,1809,0.001105583195135434
20,311,2,9,JP,Prem,1,311,1,1,Alexander-Arnold,DEF,12,1,27.0,1,1,1809,0.000552791597567717
21,311,2,10,JP,Prem,1,311,2,2,Alexander-Arnold,DEF,12,2,27.0,1,2,1809,0.001105583195135434
22,311,2,11,JP,Prem,1,311,1,1,Alexander-Arnold,DEF,12,1,27.0,1,1,1809,0.000552791597567717
23,311,15,12,JP,Prem,0,311,0,0,Alexander-Arnold,DEF,12,0,27.0,1,0,1809,0.0
24,311,5,13,JP,Prem,0,311,8,0,Alexander-Arnold,DEF,12,8,27.0,1,8,1809,0.004422332780541736
25,311,2,14,JP,Prem,1,311,6,6,Alexander-Arnold,DEF,12,6,27.0,1,6,1809,0.003316749585406302
26,311,15,15,JP,Prem,0,311,0,0,Alexander-Arnold,DEF,12,0,27.0,1,0,1809,0.0
27,311,4,16,JP,Prem,1,311,1,1,Alexander-Arnold,DEF,12,1,27.0,1,0,1809,0.000552791597567717
28,311,14,17,JP,Prem,0,311,4,0,Alexander-Arnold,DEF,12,0,27.0,1,4,1809,0.0
29,311,2,18,JP,Prem,1,311,2,2,Alexander-Arnold,DEF,12,2,27.0,1,2,1809,0.001105583195135434
30,311,13,19,JP,Prem,0,311,15,0,Alexander-Arnold,DEF,12,0,27.0,1,15,1809,0.0
31,311,3,20,JP,Prem,1,311,0,0,Alexander-Arnold,DEF,12,0,27.0,1,0,1809,0.0
32,311,2,21,JP,Prem,1,311,2,2,Alexander-Arnold,DEF,12,2,27.0,1,2,1809,0.001105583195135434
33,311,15,22,JP,Prem,0,311,11,0,Alexander-Arnold,DEF,12,0,27.0,1,11,1809,0.0
34,311,2,23,JP,Prem,1,311,5,5,Alexander-Arnold,DEF,12,5,27.0,1,5,1809,0.002763957987838585
35,311,2,24,JP,Prem,1,311,7,7,Alexander-Arnold,DEF,12,7,27.0,1,7,1809,0.003869541182974019
36,311,2,25,JP,Prem,1,311,13,13,Alexander-Arnold,DEF,12,13,27.0,1,13,1809,0.007186290768380321
37,311,2,26,JP,Prem,1,311,6,6,Alexander-Arnold,DEF,12,6,27.0,1,6,1809,0.003316749585406302
38,311,2,27,JP,Prem,1,311,6,6,Alexander-Arnold,DEF,12,6,27.0,1,6,1809,0.003316749585406302
39,311,2,28,JP,Prem,1,311,2,2,Alexander-Arnold,DEF,12,2,27.0,1,2,1809,0.001105583195135434
40,311,15,29,JP,Prem,0,311,0,0,Alexander-Arnold,DEF,12,0,27.0,1,0,1809,0.0
41,311,15,30,JP,Prem,0,311,0,0,Alexander-Arnold,DEF,12,0,27.0,1,0,1809,0.0
42,495,3,1,JP,Prem,1,495,9,9,Pedro Porro,DEF,18,9,39.0,1,9,1809,0.004975124378109453
43,495,3,2,JP,Prem,1,495,6,6,Pedro Porro,DEF,18,6,39.0,1,6,1809,0.003316749585406302
44,495,3,3,JP,Prem,1,495,1,1,Pedro Porro,DEF,18,1,39.0,1,1,1809,0.000552791597567717
45,495,3,4,JP,Prem,1,495,2,2,Pedro Porro,DEF,18,2,39.0,1,2,1809,0.001105583195135434
46,495,3,5,JP,Prem,1,495,2,2,Pedro Porro,DEF,18,2,39.0,1,2,1809,0.001105583195135434
47,495,15,6,JP,Prem,0,495,5,0,Pedro Porro,DEF,18,0,39.0,1,5,1809,0.0
48,495,15,7,JP,Prem,0,495,1,0,Pedro Porro,DEF,18,0,39.0,1,1,1809,0.0
49,495,5,8,JP,Prem,1,495,2,2,Pedro Porro,DEF,18,2,39.0,1,2,1809,0.001105583195135434
50,495,3,9,JP,Prem,1,495,2,2,Pedro Porro,DEF,18,2,39.0,1,2,1809,0.001105583195135434
51,495,4,10,JP,Prem,1,495,1,1,Pedro Porro,DEF,18,1,39.0,1,1,1809,0.000552791597567717
52,495,4,11,JP,Prem,1,495,4,4,Pedro Porro,DEF,18,4,39.0,1,4,1809,0.002211166390270868
53,495,13,12,JP,Prem,0,495,14,0,Pedro Porro,DEF,18,0,39.0,1,14,1809,0.0
54,495,2,13,JP,Prem,1,495,2,2,Pedro Porro,DEF,18,2,39.0,1,2,1809,0.001105583195135434
55,495,3,14,JP,Prem,1,495,1,1,Pedro Porro,DEF,18,1,39.0,1,1,1809,0.000552791597567717
56,495,2,15,JP,Prem,1,495,3,3,Pedro Porro,DEF,18,3,39.0,1,3,1809,0.001658374792703151
57,495,2,16,JP,Prem,1,495,6,6,Pedro Porro,DEF,18,6,39.0,1,6,1809,0.003316749585406302
58,495,15,17,JP,Prem,0,495,-1,0,Pedro Porro,DEF,18,0,39.0,1,0,1809,0.0
59,495,15,18,JP,Prem,0,495,1,0,Pedro Porro,DEF,18,0,39.0,1,0,1809,0.0
60,495,4,19,JP,Prem,1,495,4,4,Pedro Porro,DEF,18,4,39.0,1,4,1809,0.002211166390270868
61,495,4,20,JP,Prem,1,495,4,4,Pedro Porro,DEF,18,4,39.0,1,4,1809,0.002211166390270868
62,495,15,21,JP,Prem,0,495,1,0,Pedro Porro,DEF,18,0,39.0,1,1,1809,0.0
63,350,4,1,JP,Prem,1,350,7,7,Gvardiol,DEF,13,7,46.0,1,7,1809,0.003869541182974019
64,350,4,2,JP,Prem,1,350,2,2,Gvardiol,DEF,13,2,46.0,1,2,1809,0.001105583195135434
65,350,4,3,JP,Prem,1,350,2,2,Gvardiol,DEF,13,2,46.0,1,2,1809,0.001105583195135434
66,350,4,4,JP,Prem,1,350,1,1,Gvardiol,DEF,13,1,46.0,1,1,1809,0.000552791597567717
67,350,4,5,JP,Prem,1,350,1,1,Gvardiol,DEF,13,1,46.0,1,0,1809,0.000552791597567717
68,350,3,6,JP,Prem,1,350,9,9,Gvardiol,DEF,13,9,46.0,1,9,1809,0.004975124378109453
69,350,3,7,JP,Prem,1,350,1,1,Gvardiol,DEF,13,1,46.0,1,1,1809,0.000552791597567717
70,350,3,8,JP,Prem,1,350,10,10,Gvardiol,DEF,13,10,46.0,1,10,1809,0.00552791597567717
71,350,4,9,JP,Prem,1,350,9,9,Gvardiol,DEF,13,9,46.0,1,9,1809,0.004975124378109453
72,350,3,10,JP,Prem,1,350,7,7,Gvardiol,DEF,13,7,46.0,1,7,1809,0.003869541182974019
73,350,3,11,JP,Prem,1,350,1,1,Gvardiol,DEF,13,1,46.0,1,0,1809,0.000552791597567717
74,350,3,12,JP,Prem,1,350,0,0,Gvardiol,DEF,13,0,46.0,1,0,1809,0.0
75,350,15,13,JP,Prem,0,350,0,0,Gvardiol,DEF,13,0,46.0,1,0,1809,0.0
76,350,4,14,JP,Prem,1,350,6,6,Gvardiol,DEF,13,6,46.0,1,6,1809,0.003316749585406302
77,350,3,15,JP,Prem,1,350,1,1,Gvardiol,DEF,13,1,46.0,1,1,1809,0.000552791597567717
78,350,15,16,JP,Prem,0,350,7,0,Gvardiol,DEF,13,0,46.0,1,7,1809,0.0
79,350,2,17,JP,Prem,1,350,0,0,Gvardiol,DEF,13,0,46.0,1,0,1809,0.0
80,350,3,18,JP,Prem,1,350,2,2,Gvardiol,DEF,13,2,46.0,1,2,1809,0.001105583195135434
81,350,2,19,JP,Prem,1,350,6,6,Gvardiol,DEF,13,6,46.0,1,6,1809,0.003316749585406302
82,350,2,20,JP,Prem,1,350,2,2,Gvardiol,DEF,13,2,46.0,1,2,1809,0.001105583195135434
83,350,3,21,JP,Prem,1,350,1,1,Gvardiol,DEF,13,1,46.0,1,1,1809,0.000552791597567717
84,350,3,22,JP,Prem,1,350,6,6,Gvardiol,DEF,13,6,46.0,1,6,1809,0.003316749585406302
85,350,15,23,JP,Prem,0,350,8,0,Gvardiol,DEF,13,0,46.0,1,8,1809,0.0
86,350,15,24,JP,Prem,0,350,0,0,Gvardiol,DEF,13,0,46.0,1,0,1809,0.0
87,350,3,25,JP,Prem,1,350,6,6,Gvardiol,DEF,13,6,46.0,1,6,1809,0.003316749585406302
88,350,14,26,JP,Prem,0,350,1,0,Gvardiol,DEF,13,0,46.0,1,0,1809,0.0
89,350,13,27,JP,Prem,0,350,7,0,Gvardiol,DEF,13,0,46.0,1,7,1809,0.0
90,350,3,28,JP,Prem,1,350,2,2,Gvardiol,DEF,13,2,46.0,1,2,1809,0.001105583195135434
91,350,4,29,JP,Prem,1,350,1,1,Gvardiol,DEF,13,1,46.0,1,1,1809,0.000552791597567717
92,350,2,30,JP,Prem,1,350,6,6,Gvardiol,DEF,13,6,46.0,1,6,1809,0.003316749585406302
93,350,4,31,JP,Prem,1,350,9,9,Gvardiol,DEF,13,9,46.0,1,9,1809,0.004975124378109453
94,350,3,32,JP,Prem,1,350,1,1,Gvardiol,DEF,13,1,46.0,1,1,1809,0.000552791597567717
95,350,3,33,JP,Prem,1,350,7,7,Gvardiol,DEF,13,7,46.0,1,7,1809,0.003869541182974019
96,350,14,34,JP,Prem,0,350,0,0,Gvardiol,DEF,13,0,46.0,1,0,1809,0.0
97,350,3,35,JP,Prem,1,350,8,8,Gvardiol,DEF,13,8,46.0,1,8,1809,0.004422332780541736
98,350,3,36,JP,Prem,1,350,6,6,Gvardiol,DEF,13,6,46.0,1,6,1809,0.003316749585406302
99,350,2,37,JP,Prem,1,350,2,2,Gvardiol,DEF,13,2,46.0,1,2,1809,0.001105583195135434
100,350,2,38,JP,Prem,1,350,8,8,Gvardiol,DEF,13,8,46.0,1,8,1809,0.004422332780541736
101,335,5,1,JP,Prem,1,335,6,6,Robertson,DEF,12,6,51.0,1,6,1809,0.003316749585406302
102,335,5,2,JP,Prem,1,335,6,6,Robertson,DEF,12,6,51.0,1,6,1809,0.003316749585406302
103,335,5,3,JP,Prem,1,335,6,6,Robertson,DEF,12,6,51.0,1,6,1809,0.003316749585406302
104,335,5,4,JP,Prem,1,335,1,1,Robertson,DEF,12,1,51.0,1,0,1809,0.000552791597567717
105,335,5,5,JP,Prem,1,335,6,6,Robertson,DEF,12,6,51.0,1,6,1809,0.003316749585406302
106,335,4,6,JP,Prem,1,335,2,2,Robertson,DEF,12,2,51.0,1,2,1809,0.001105583195135434
107,335,4,7,JP,Prem,1,335,1,1,Robertson,DEF,12,1,51.0,1,1,1809,0.000552791597567717
108,335,4,8,JP,Prem,1,335,2,2,Robertson,DEF,12,2,51.0,1,2,1809,0.001105583195135434
109,335,5,9,JP,Prem,0,335,1,0,Robertson,DEF,12,1,51.0,1,1,1809,0.000552791597567717
110,335,13,10,JP,Prem,0,335,0,0,Robertson,DEF,12,0,51.0,1,0,1809,0.0
111,335,13,11,JP,Prem,0,335,8,0,Robertson,DEF,12,0,51.0,1,8,1809,0.0
112,335,4,12,JP,Prem,1,335,1,1,Robertson,DEF,12,1,51.0,1,1,1809,0.000552791597567717
113,335,3,13,JP,Prem,1,335,6,6,Robertson,DEF,12,6,51.0,1,6,1809,0.003316749585406302
114,335,15,14,JP,Prem,0,335,1,0,Robertson,DEF,12,0,51.0,1,0,1809,0.0
115,182,6,1,JP,Prem,1,182,2,2,Palmer,MID,6,2,3.0,1,2,1809,0.001105583195135434
116,182,7,2,JP,Prem,1,182,17,17,Palmer,MID,6,17,3.0,1,17,1809,0.009397457158651189
117,182,7,3,JP,Prem,1,182,6,6,Palmer,MID,6,6,3.0,1,6,1809,0.003316749585406302
118,182,6,4,JP,Prem,1,182,3,3,Palmer,MID,6,3,3.0,1,3,1809,0.001658374792703151
119,182,7,5,JP,Prem,1,182,8,8,Palmer,MID,6,8,3.0,1,8,1809,0.004422332780541736
120,182,7,6,JP,Prem,1,182,25,25,Palmer,MID,6,25,3.0,1,25,1809,0.013819789939192924
121,182,7,7,JP,Prem,1,182,6,6,Palmer,MID,6,6,3.0,1,6,1809,0.003316749585406302
122,182,7,8,JP,Prem,1,182,2,2,Palmer,MID,6,2,3.0,1,2,1809,0.001105583195135434
123,182,6,9,JP,Prem,1,182,10,10,Palmer,MID,6,10,3.0,1,10,1809,0.00552791597567717
124,182,7,10,JP,Prem,1,182,3,3,Palmer,MID,6,3,3.0,1,3,1809,0.001658374792703151
125,182,7,11,JP,Prem,1,182,2,2,Palmer,MID,6,2,3.0,1,2,1809,0.001105583195135434
126,182,7,12,JP,Prem,1,182,2,2,Palmer,MID,6,2,3.0,1,2,1809,0.001105583195135434
127,182,6,13,JP,Prem,1,182,14,14,Palmer,MID,6,14,3.0,1,14,1809,0.007739082365948038
128,182,5,14,JP,Prem,1,182,7,7,Palmer,MID,6,7,3.0,1,7,1809,0.003869541182974019
129,182,6,15,JP,Prem,1,182,18,18,Palmer,MID,6,18,3.0,1,18,1809,0.009950248756218905
130,182,7,16,JP,Prem,1,182,3,3,Palmer,MID,6,3,3.0,1,3,1809,0.001658374792703151
131,182,7,17,JP,Prem,1,182,3,3,Palmer,MID,6,3,3.0,1,3,1809,0.001658374792703151
132,182,6,18,JP,Prem,1,182,10,10,Palmer,MID,6,10,3.0,1,10,1809,0.00552791597567717
133,182,7,19,JP,Prem,1,182,2,2,Palmer,MID,6,2,3.0,1,2,1809,0.001105583195135434
134,182,7,20,JP,Prem,1,182,10,10,Palmer,MID,6,10,3.0,1,10,1809,0.00552791597567717
135,182,5,21,JP,Prem,1,182,10,10,Palmer,MID,6,10,3.0,1,10,1809,0.00552791597567717
136,182,5,22,JP,Prem,1,182,2,2,Palmer,MID,6,2,3.0,1,2,1809,0.001105583195135434
137,182,5,23,JP,Prem,1,182,2,2,Palmer,MID,6,2,3.0,1,2,1809,0.001105583195135434
138,182,5,24,JP,Prem,1,182,6,6,Palmer,MID,6,6,3.0,1,6,1809,0.003316749585406302
139,182,5,25,JP,Prem,1,182,2,2,Palmer,MID,6,2,3.0,1,2,1809,0.001105583195135434
140,182,5,26,JP,Prem,1,182,2,2,Palmer,MID,6,2,3.0,1,2,1809,0.001105583195135434
141,182,5,27,JP,Prem,1,182,3,3,Palmer,MID,6,3,3.0,1,3,1809,0.001658374792703151
142,182,6,28,JP,Prem,1,182,1,1,Palmer,MID,6,1,3.0,1,1,1809,0.000552791597567717
143,182,5,29,JP,Prem,1,182,0,0,Palmer,MID,6,0,3.0,1,0,1809,0.0
144,182,6,30,JP,Prem,1,182,6,6,Palmer,MID,6,6,3.0,1,6,1809,0.003316749585406302
145,182,5,31,JP,Prem,1,182,1,1,Palmer,MID,6,1,3.0,1,1,1809,0.000552791597567717
146,182,5,32,JP,Prem,1,182,4,4,Palmer,MID,6,4,3.0,1,4,1809,0.002211166390270868
147,182,5,33,JP,Prem,1,182,2,2,Palmer,MID,6,2,3.0,1,2,1809,0.001105583195135434
148,182,5,34,JP,Prem,1,182,3,3,Palmer,MID,6,3,3.0,1,3,1809,0.001658374792703151
149,182,5,35,JP,Prem,1,182,10,10,Palmer,MID,6,10,3.0,1,10,1809,0.00552791597567717
150,182,5,36,JP,Prem,1,182,2,2,Palmer,MID,6,2,3.0,1,2,1809,0.001105583195135434
151,182,5,37,JP,Prem,1,182,2,2,Palmer,MID,6,2,3.0,1,2,1809,0.001105583195135434
152,182,6,38,JP,Prem,1,182,3,3,Palmer,MID,6,3,3.0,1,3,1809,0.001658374792703151
153,348,7,1,JP,Prem,1,348,1,1,Foden,MID,13,1,10.0,1,1,1809,0.000552791597567717
154,348,13,2,JP,Prem,1,348,0,0,Foden,MID,13,0,10.0,1,0,1809,0.0
155,348,13,3,JP,Prem,0,348,0,0,Foden,MID,13,0,10.0,1,0,1809,0.0
156,348,13,4,JP,Prem,0,348,0,0,Foden,MID,13,0,10.0,1,0,1809,0.0
157,348,13,5,JP,Prem,0,348,1,0,Foden,MID,13,0,10.0,1,0,1809,0.0
158,348,6,6,JP,Prem,1,348,1,1,Foden,MID,13,1,10.0,1,0,1809,0.000552791597567717
159,348,6,7,JP,Prem,1,348,2,2,Foden,MID,13,2,10.0,1,2,1809,0.001105583195135434
160,348,6,8,JP,Prem,1,348,4,4,Foden,MID,13,4,10.0,1,4,1809,0.002211166390270868
161,348,7,9,JP,Prem,1,348,3,3,Foden,MID,13,3,10.0,1,3,1809,0.001658374792703151
162,348,6,10,JP,Prem,1,348,2,2,Foden,MID,13,2,10.0,1,2,1809,0.001105583195135434
163,348,6,11,JP,Prem,1,348,2,2,Foden,MID,13,2,10.0,1,2,1809,0.001105583195135434
164,348,14,12,JP,Prem,0,348,2,0,Foden,MID,13,0,10.0,1,2,1809,0.0
165,348,14,13,JP,Prem,0,348,1,0,Foden,MID,13,0,10.0,1,1,1809,0.0
166,348,13,14,JP,Prem,1,348,0,0,Foden,MID,13,0,10.0,1,0,1809,0.0
167,348,14,15,JP,Prem,0,348,0,0,Foden,MID,13,0,10.0,1,0,1809,0.0
168,348,9,16,JP,Prem,1,348,2,2,Foden,MID,13,2,10.0,1,2,1809,0.001105583195135434
169,348,13,17,JP,Prem,0,348,9,0,Foden,MID,13,0,10.0,1,9,1809,0.0
170,348,7,18,JP,Prem,1,348,2,2,Foden,MID,13,2,10.0,1,2,1809,0.001105583195135434
171,348,8,19,JP,Prem,1,348,6,6,Foden,MID,13,6,10.0,1,6,1809,0.003316749585406302
172,348,8,20,JP,Prem,1,348,8,8,Foden,MID,13,8,10.0,1,8,1809,0.004422332780541736
173,348,6,21,JP,Prem,1,348,15,15,Foden,MID,13,15,10.0,1,15,1809,0.008291873963515755
174,348,6,22,JP,Prem,1,348,19,19,Foden,MID,13,19,10.0,1,19,1809,0.010503040353786623
175,348,6,23,JP,Prem,1,348,7,7,Foden,MID,13,7,10.0,1,7,1809,0.003869541182974019
176,348,6,24,JP,Prem,1,348,2,2,Foden,MID,13,2,10.0,1,2,1809,0.001105583195135434
177,348,6,25,JP,Prem,1,348,3,3,Foden,MID,13,3,10.0,1,3,1809,0.001658374792703151
178,348,6,26,JP,Prem,1,348,2,2,Foden,MID,13,2,10.0,1,2,1809,0.001105583195135434
179,348,6,27,JP,Prem,1,348,1,1,Foden,MID,13,1,10.0,1,1,1809,0.000552791597567717
180,348,7,28,JP,Prem,1,348,3,3,Foden,MID,13,3,10.0,1,3,1809,0.001658374792703151
181,348,6,29,JP,Prem,1,348,1,1,Foden,MID,13,1,10.0,1,1,1809,0.000552791597567717
182,348,13,30,JP,Prem,1,348,0,0,Foden,MID,13,0,10.0,1,0,1809,0.0
183,348,6,31,JP,Prem,1,348,1,1,Foden,MID,13,1,10.0,1,1,1809,0.000552791597567717
184,348,13,32,JP,Prem,1,348,0,0,Foden,MID,13,0,10.0,1,0,1809,0.0
185,348,13,33,JP,Prem,1,348,0,0,Foden,MID,13,0,10.0,1,0,1809,0.0
186,348,13,34,JP,Prem,0,348,0,0,Foden,MID,13,0,10.0,1,0,1809,0.0
187,348,6,35,JP,Prem,0,348,1,0,Foden,MID,13,1,10.0,1,0,1809,0.000552791597567717
188,348,6,36,JP,Prem,1,348,3,3,Foden,MID,13,3,10.0,1,3,1809,0.001658374792703151
189,327,8,1,JP,Prem,1,327,3,3,Luis Díaz,MID,12,3,22.0,1,3,1809,0.001658374792703151
190,327,8,2,JP,Prem,1,327,14,14,Luis Díaz,MID,12,14,22.0,1,14,1809,0.007739082365948038
191,327,8,3,JP,Prem,1,327,15,15,Luis Díaz,MID,12,15,22.0,1,15,1809,0.008291873963515755
192,327,7,4,JP,Prem,1,327,3,3,Luis Díaz,MID,12,3,22.0,1,3,1809,0.001658374792703151
193,327,8,5,JP,Prem,1,327,16,16,Luis Díaz,MID,12,16,22.0,1,16,1809,0.008844665561083471
194,327,8,6,JP,Prem,1,327,2,2,Luis Díaz,MID,12,2,22.0,1,2,1809,0.001105583195135434
195,327,8,7,JP,Prem,1,327,1,1,Luis Díaz,MID,12,1,22.0,1,0,1809,0.000552791597567717
196,327,8,8,JP,Prem,1,327,1,1,Luis Díaz,MID,12,1,22.0,1,0,1809,0.000552791597567717
197,327,15,9,JP,Prem,0,327,5,0,Luis Díaz,MID,12,0,22.0,1,5,1809,0.0
198,327,8,10,JP,Prem,1,327,1,1,Luis Díaz,MID,12,1,22.0,1,0,1809,0.000552791597567717
199,327,8,11,JP,Prem,1,327,3,3,Luis Díaz,MID,12,3,22.0,1,3,1809,0.001658374792703151
200,327,8,12,JP,Prem,1,327,1,1,Luis Díaz,MID,12,1,22.0,1,0,1809,0.000552791597567717
201,327,7,13,JP,Prem,1,327,6,6,Luis Díaz,MID,12,6,22.0,1,6,1809,0.003316749585406302
202,327,7,14,JP,Prem,1,327,1,1,Luis Díaz,MID,12,1,22.0,1,1,1809,0.000552791597567717
203,327,13,15,JP,Prem,0,327,0,0,Luis Díaz,MID,12,0,22.0,1,0,1809,0.0
204,327,6,16,JP,Prem,1,327,1,1,Luis Díaz,MID,12,1,22.0,1,0,1809,0.000552791597567717
205,327,6,17,JP,Prem,1,327,13,13,Luis Díaz,MID,12,13,22.0,1,13,1809,0.007186290768380321
206,327,13,18,JP,Prem,1,327,0,0,Luis Díaz,MID,12,0,22.0,1,0,1809,0.0
207,327,6,19,JP,Prem,1,327,9,9,Luis Díaz,MID,12,9,22.0,1,9,1809,0.004975124378109453
208,327,6,20,JP,Prem,1,327,1,1,Luis Díaz,MID,12,1,22.0,1,1,1809,0.000552791597567717
209,327,7,21,JP,Prem,1,327,1,1,Luis Díaz,MID,12,1,22.0,1,1,1809,0.000552791597567717
210,327,9,22,JP,Prem,0,327,3,0,Luis Díaz,MID,12,3,22.0,1,3,1809,0.001658374792703151
211,327,8,23,JP,Prem,1,327,3,3,Luis Díaz,MID,12,3,22.0,1,3,1809,0.001658374792703151
212,327,8,24,JP,Prem,1,327,5,5,Luis Díaz,MID,12,5,22.0,1,5,1809,0.002763957987838585
213,327,8,25,JP,Prem,1,327,13,13,Luis Díaz,MID,12,13,22.0,1,13,1809,0.007186290768380321
214,327,9,26,JP,Prem,0,327,3,0,Luis Díaz,MID,12,3,22.0,1,3,1809,0.001658374792703151
215,327,9,27,JP,Prem,1,327,8,8,Luis Díaz,MID,12,8,22.0,1,8,1809,0.004422332780541736
216,327,8,28,JP,Prem,1,327,6,6,Luis Díaz,MID,12,6,22.0,1,6,1809,0.003316749585406302
217,327,14,29,JP,Prem,0,327,0,0,Luis Díaz,MID,12,0,22.0,1,0,1809,0.0
218,327,7,30,JP,Prem,1,327,9,9,Luis Díaz,MID,12,9,22.0,1,9,1809,0.004975124378109453
219,327,9,31,JP,Prem,1,327,6,6,Luis Díaz,MID,12,6,22.0,1,6,1809,0.003316749585406302
220,327,6,32,JP,Prem,1,327,9,9,Luis Díaz,MID,12,9,22.0,1,9,1809,0.004975124378109453
221,327,6,33,JP,Prem,1,327,3,3,Luis Díaz,MID,12,3,22.0,1,3,1809,0.001658374792703151
222,327,8,34,JP,Prem,1,327,7,7,Luis Díaz,MID,12,7,22.0,1,7,1809,0.003869541182974019
223,327,13,35,JP,Prem,1,327,0,0,Luis Díaz,MID,12,0,22.0,1,0,1809,0.0
224,327,7,36,JP,Prem,1,327,8,8,Luis Díaz,MID,12,8,22.0,1,8,1809,0.004422332780541736
225,327,8,37,JP,Prem,1,327,1,1,Luis Díaz,MID,12,1,22.0,1,0,1809,0.000552791597567717
226,327,8,38,JP,Prem,1,327,2,2,Luis Díaz,MID,12,2,22.0,1,2,1809,0.001105583195135434
227,16,9,1,JP,Prem,1,16,3,3,Rice,MID,1,3,87.0,1,3,1809,0.001658374792703151
228,2,10,1,JP,Prem,1,2,0,0,G.Jesus,FWD,1,0,58.0,1,0,1809,0.0
229,82,11,1,JP,Prem,1,82,2,2,Solanke,FWD,18,2,15.0,1,2,1809,0.001105583195135434
230,82,14,2,JP,Prem,0,82,0,0,Solanke,FWD,18,0,15.0,1,0,1809,0.0
231,82,14,3,JP,Prem,0,82,0,0,Solanke,FWD,18,0,15.0,1,0,1809,0.0
232,82,9,4,JP,Prem,0,82,2,0,Solanke,FWD,18,2,15.0,1,2,1809,0.001105583195135434
233,82,11,5,JP,Prem,1,82,6,6,Solanke,FWD,18,6,15.0,1,6,1809,0.003316749585406302
234,82,11,6,JP,Prem,1,82,6,6,Solanke,FWD,18,6,15.0,1,6,1809,0.003316749585406302
235,82,11,7,JP,Prem,1,82,5,5,Solanke,FWD,18,5,15.0,1,5,1809,0.002763957987838585
236,82,11,8,JP,Prem,1,82,2,2,Solanke,FWD,18,2,15.0,1,2,1809,0.001105583195135434
237,82,9,9,JP,Prem,1,82,2,2,Solanke,FWD,18,2,15.0,1,2,1809,0.001105583195135434
238,82,11,10,JP,Prem,1,82,16,16,Solanke,FWD,18,16,15.0,1,16,1809,0.008844665561083471
239,82,11,11,JP,Prem,1,82,2,2,Solanke,FWD,18,2,15.0,1,2,1809,0.001105583195135434
240,82,11,12,JP,Prem,1,82,5,5,Solanke,FWD,18,5,15.0,1,5,1809,0.002763957987838585
241,82,13,13,JP,Prem,1,82,0,0,Solanke,FWD,18,0,15.0,1,0,1809,0.0
242,82,9,14,JP,Prem,1,82,2,2,Solanke,FWD,18,2,15.0,1,2,1809,0.001105583195135434
243,82,9,15,JP,Prem,1,82,6,6,Solanke,FWD,18,6,15.0,1,6,1809,0.003316749585406302
244,82,11,16,JP,Prem,1,82,5,5,Solanke,FWD,18,5,15.0,1,5,1809,0.002763957987838585
245,82,9,17,JP,Prem,1,82,9,9,Solanke,FWD,18,9,15.0,1,9,1809,0.004975124378109453
246,82,10,18,JP,Prem,1,82,2,2,Solanke,FWD,18,2,15.0,1,2,1809,0.001105583195135434
247,82,11,19,JP,Prem,1,82,2,2,Solanke,FWD,18,2,15.0,1,2,1809,0.001105583195135434
248,82,11,20,JP,Prem,1,82,9,9,Solanke,FWD,18,9,15.0,1,9,1809,0.004975124378109453
249,82,10,21,JP,Prem,1,82,0,0,Solanke,FWD,18,0,15.0,1,0,1809,0.0
250,82,13,22,JP,Prem,1,82,0,0,Solanke,FWD,18,0,15.0,1,0,1809,0.0
251,347,12,1,JP,Prem,0,347,8,0,Ederson M.,GKP,13,0,63.0,1,8,1809,0.0
252,347,1,2,JP,Prem,1,347,2,2,Ederson M.,GKP,13,2,63.0,1,0,1809,0.001105583195135434
253,347,1,3,JP,Prem,1,347,2,2,Ederson M.,GKP,13,2,63.0,1,2,1809,0.001105583195135434
254,347,1,4,JP,Prem,1,347,7,7,Ederson M.,GKP,13,7,63.0,1,7,1809,0.003869541182974019
255,347,12,5,JP,Prem,0,347,0,0,Ederson M.,GKP,13,0,63.0,1,0,1809,0.0
256,347,1,6,JP,Prem,1,347,2,2,Ederson M.,GKP,13,2,63.0,1,0,1809,0.001105583195135434
257,347,1,7,JP,Prem,1,347,0,0,Ederson M.,GKP,13,0,63.0,1,0,1809,0.0
258,347,1,8,JP,Prem,1,347,2,2,Ederson M.,GKP,13,2,63.0,1,0,1809,0.001105583195135434
259,347,1,9,JP,Prem,1,347,6,6,Ederson M.,GKP,13,6,63.0,1,6,1809,0.003316749585406302
260,347,1,10,JP,Prem,1,347,2,2,Ederson M.,GKP,13,2,63.0,1,0,1809,0.001105583195135434
261,347,12,11,JP,Prem,0,347,1,0,Ederson M.,GKP,13,0,63.0,1,0,1809,0.0
262,347,1,12,JP,Prem,1,347,1,1,Ederson M.,GKP,13,1,63.0,1,0,1809,0.000552791597567717
263,347,12,13,JP,Prem,0,347,0,0,Ederson M.,GKP,13,0,63.0,1,0,1809,0.0
264,347,12,14,JP,Prem,1,347,0,0,Ederson M.,GKP,13,0,63.0,1,0,1809,0.0
265,347,12,15,JP,Prem,1,347,0,0,Ederson M.,GKP,13,0,63.0,1,0,1809,0.0
266,347,12,16,JP,Prem,0,347,1,0,Ederson M.,GKP,13,0,63.0,1,0,1809,0.0
267,347,12,17,JP,Prem,0,347,0,0,Ederson M.,GKP,13,0,63.0,1,0,1809,0.0
268,347,12,18,JP,Prem,0,347,0,0,Ederson M.,GKP,13,0,63.0,1,0,1809,0.0
269,347,12,19,JP,Prem,0,347,0,0,Ederson M.,GKP,13,0,63.0,1,0,1809,0.0
270,347,12,20,JP,Prem,0,347,0,0,Ederson M.,GKP,13,0,63.0,1,0,1809,0.0
271,347,12,21,JP,Prem,1,347,0,0,Ederson M.,GKP,13,0,63.0,1,0,1809,0.0
272,347,1,22,JP,Prem,1,347,7,7,Ederson M.,GKP,13,7,63.0,1,7,1809,0.003869541182974019
273,347,12,23,JP,Prem,0,347,8,0,Ederson M.,GKP,13,0,63.0,1,8,1809,0.0
274,347,12,24,JP,Prem,0,347,0,0,Ederson M.,GKP,13,0,63.0,1,0,1809,0.0
275,347,12,25,JP,Prem,0,347,11,0,Ederson M.,GKP,13,0,63.0,1,11,1809,0.0
276,347,12,26,JP,Prem,0,347,1,0,Ederson M.,GKP,13,0,63.0,1,0,1809,0.0
277,347,12,27,JP,Prem,0,347,11,0,Ederson M.,GKP,13,0,63.0,1,11,1809,0.0
278,347,12,28,JP,Prem,0,347,3,0,Ederson M.,GKP,13,0,63.0,1,3,1809,0.0
279,347,12,29,JP,Prem,0,347,0,0,Ederson M.,GKP,13,0,63.0,1,0,1809,0.0
280,347,12,30,JP,Prem,0,347,6,0,Ederson M.,GKP,13,0,63.0,1,6,1809,0.0
281,347,1,31,JP,Prem,1,347,6,6,Ederson M.,GKP,13,6,63.0,1,6,1809,0.003316749585406302
282,347,1,32,JP,Prem,1,347,4,4,Ederson M.,GKP,13,4,63.0,1,0,1809,0.002211166390270868
283,347,12,33,JP,Prem,0,347,0,0,Ederson M.,GKP,13,0,63.0,1,0,1809,0.0
284,347,12,34,JP,Prem,0,347,0,0,Ederson M.,GKP,13,0,63.0,1,0,1809,0.0
285,347,1,35,JP,Prem,1,347,6,6,Ederson M.,GKP,13,6,63.0,1,6,1809,0.003316749585406302
286,347,1,36,JP,Prem,1,347,6,6,Ederson M.,GKP,13,6,63.0,1,6,1809,0.003316749585406302
287,347,12,37,JP,Prem,0,347,1,0,Ederson M.,GKP,13,0,63.0,1,0,1809,0.0
288,347,1,38,JP,Prem,1,347,7,7,Ederson M.,GKP,13,7,63.0,1,0,1809,0.003869541182974019
289,560,13,1,JP,Prem,0,560,1,0,Neto,MID,6,0,70.0,1,1,1809,0.0
290,560,7,34,JP,Prem,1,560,3,3,Neto,MID,6,3,70.0,1,3,1809,0.001658374792703151
291,541,14,1,JP,Prem,0,541,1,0,Cunha,FWD,20,0,34.0,1,0,1809,0.0
292,541,11,2,JP,Prem,1,541,6,6,Cunha,FWD,20,6,34.0,1,6,1809,0.003316749585406302
293,541,11,3,JP,Prem,1,541,2,2,Cunha,FWD,20,2,34.0,1,2,1809,0.001105583195135434
294,541,10,4,JP,Prem,1,541,2,2,Cunha,FWD,20,2,34.0,1,2,1809,0.001105583195135434
295,541,14,5,JP,Prem,0,541,8,0,Cunha,FWD,20,0,34.0,1,8,1809,0.0
296,541,14,6,JP,Prem,0,541,2,0,Cunha,FWD,20,0,34.0,1,2,1809,0.0
297,541,14,7,JP,Prem,0,541,9,0,Cunha,FWD,20,0,34.0,1,9,1809,0.0
298,541,15,8,JP,Prem,0,541,2,0,Cunha,FWD,20,0,34.0,1,2,1809,0.0
299,388,15,1,JP,Prem,0,388,0,0,Wan-Bissaka,DEF,19,0,,0,0,1809,0.0
300,388,6,2,JP,Prem,0,388,1,0,Wan-Bissaka,DEF,19,1,,0,1,1809,0.000552791597567717
301,398,7,38,JP,Prem,1,398,1,1,Gordon,MID,15,1,,0,0,1809,0.000552791597567717
302,494,9,13,JP,Prem,1,494,2,2,Maddison,MID,18,2,,0,2,1809,0.001105583195135434
303,494,8,14,JP,Prem,1,494,2,2,Maddison,MID,18,2,,0,2,1809,0.001105583195135434
304,494,8,15,JP,Prem,1,494,4,4,Maddison,MID,18,4,,0,4,1809,0.002211166390270868
305,494,8,16,JP,Prem,1,494,15,15,Maddison,MID,18,15,,0,15,1809,0.008291873963515755
306,494,8,17,JP,Prem,1,494,6,6,Maddison,MID,18,6,,0,6,1809,0.003316749585406302
307,494,9,18,JP,Prem,1,494,0,0,Maddison,MID,18,0,,0,0,1809,0.0
308,494,9,19,JP,Prem,1,494,1,1,Maddison,MID,18,1,,0,0,1809,0.000552791597567717
309,494,9,20,JP,Prem,1,494,1,1,Maddison,MID,18,1,,0,1,1809,0.000552791597567717
310,235,12,35,JP,Prem,0,235,2,0,Pickford,GKP,8,0,,0,0,1809,0.0
311,235,12,36,JP,Prem,0,235,3,0,Pickford,GKP,8,0,,0,0,1809,0.0
312,235,1,37,JP,Prem,1,235,6,6,Pickford,GKP,8,6,,0,6,1809,0.003316749585406302
313,235,12,38,JP,Prem,0,235,11,0,Pickford,GKP,8,0,,0,11,1809,0.0
314,47,1,33,JP,Prem,1,47,4,4,Martinez,GKP,2,4,,0,4,1809,0.002211166390270868
315,525,9,21,JP,Prem,1,525,2,2,Kudus,MID,19,2,,0,2,1809,0.001105583195135434
316,525,8,22,JP,Prem,1,525,2,2,Kudus,MID,19,2,,0,2,1809,0.001105583195135434
317,19,8,26,JP,Prem,1,19,1,1,Smith Rowe,MID,9,1,,0,0,1809,0.000552791597567717
318,409,5,28,JP,Prem,0,409,7,0,Livramento,DEF,15,7,,0,7,1809,0.003869541182974019
319,409,13,29,JP,Prem,0,409,0,0,Livramento,DEF,15,0,,0,0,1809,0.0
320,409,5,30,JP,Prem,0,409,2,0,Livramento,DEF,15,2,,0,2,1809,0.001105583195135434
321,409,3,31,JP,Prem,1,409,11,11,Livramento,DEF,15,11,,0,11,1809,0.006080707573244887
322,409,2,32,JP,Prem,1,409,8,8,Livramento,DEF,15,8,,0,8,1809,0.004422332780541736
323,409,15,33,JP,Prem,0,409,0,0,Livramento,DEF,15,0,,0,0,1809,0.0
324,409,4,34,JP,Prem,1,409,6,6,Livramento,DEF,15,6,,0,6,1809,0.003316749585406302
325,409,2,35,JP,Prem,1,409,2,2,Livramento,DEF,15,2,,0,2,1809,0.001105583195135434
326,409,2,36,JP,Prem,0,409,7,0,Livramento,DEF,15,7,,0,7,1809,0.003869541182974019
327,409,15,37,JP,Prem,0,409,2,0,Livramento,DEF,15,0,,0,2,1809,0.0
328,409,4,38,JP,Prem,1,409,2,2,Livramento,DEF,15,2,,0,2,1809,0.001105583195135434
329,578,5,6,JP,Prem,1,578,0,0,Calafiori,DEF,1,0,,0,0,1809,0.0
330,578,5,7,JP,Prem,1,578,2,2,Calafiori,DEF,1,2,,0,2,1809,0.001105583195135434
331,578,14,8,JP,Prem,0,578,1,0,Calafiori,DEF,1,0,,0,0,1809,0.0
332,578,14,9,JP,Prem,0,578,0,0,Calafiori,DEF,1,0,,0,0,1809,0.0
333,385,5,10,JP,Prem,1,385,2,2,Rashford,MID,2,2,,0,2,1809,0.001105583195135434
334,385,5,11,JP,Prem,1,385,1,1,Rashford,MID,2,1,,0,0,1809,0.000552791597567717
335,385,8,13,JP,Prem,1,385,14,14,Rashford,MID,2,14,,0,14,1809,0.007739082365948038
336,385,6,14,JP,Prem,0,385,1,0,Rashford,MID,2,1,,0,0,1809,0.000552791597567717
337,385,7,15,JP,Prem,1,385,1,1,Rashford,MID,2,1,,0,1,1809,0.000552791597567717
338,316,9,10,JP,Prem,1,316,2,2,Darwin,FWD,12,2,,0,2,1809,0.001105583195135434
339,346,9,2,JP,Prem,1,346,2,2,Doku,MID,13,2,,0,2,1809,0.001105583195135434
340,346,10,3,JP,Prem,1,346,2,2,Doku,MID,13,2,,0,2,1809,0.001105583195135434
341,346,14,4,JP,Prem,1,346,0,0,Doku,MID,13,0,,0,0,1809,0.0
342,9,10,2,JP,Prem,1,9,3,3,Martinelli,MID,1,3,,0,3,1809,0.001658374792703151
343,9,9,3,JP,Prem,1,9,1,1,Martinelli,MID,1,1,,0,1,1809,0.000552791597567717
344,9,8,18,JP,Prem,1,9,3,3,Martinelli,MID,1,3,,0,3,1809,0.001658374792703151
345,9,5,19,JP,Prem,1,9,9,9,Martinelli,MID,1,9,,0,9,1809,0.004975124378109453
346,9,5,20,JP,Prem,1,9,1,1,Martinelli,MID,1,1,,0,0,1809,0.000552791597567717
347,9,8,21,JP,Prem,1,9,1,1,Martinelli,MID,1,1,,0,0,1809,0.000552791597567717
348,9,7,22,JP,Prem,1,9,7,7,Martinelli,MID,1,7,,0,7,1809,0.003869541182974019
349,9,13,23,JP,Prem,0,9,3,0,Martinelli,MID,1,0,,0,3,1809,0.0
350,9,9,24,JP,Prem,1,9,5,5,Martinelli,MID,1,5,,0,5,1809,0.002763957987838585
351,9,8,30,JP,Prem,1,9,5,5,Martinelli,MID,1,5,,0,5,1809,0.002763957987838585
352,9,8,31,JP,Prem,1,9,1,1,Martinelli,MID,1,1,,0,1,1809,0.000552791597567717
353,9,9,37,JP,Prem,1,9,3,3,Martinelli,MID,1,3,,0,3,1809,0.001658374792703151
354,9,9,38,JP,Prem,1,9,2,2,Martinelli,MID,1,2,,0,2,1809,0.001105583195135434
355,11,15,2,JP,Prem,0,11,0,0,Nketiah,FWD,7,0,,0,0,1809,0.0
356,11,15,3,JP,Prem,0,11,0,0,Nketiah,FWD,7,0,,0,0,1809,0.0
357,11,11,4,JP,Prem,1,11,2,2,Nketiah,FWD,7,2,,0,2,1809,0.001105583195135434
358,11,10,5,JP,Prem,1,11,2,2,Nketiah,FWD,7,2,,0,2,1809,0.001105583195135434
359,11,10,6,JP,Prem,1,11,2,2,Nketiah,FWD,7,2,,0,2,1809,0.001105583195135434
360,11,13,7,JP,Prem,0,11,1,0,Nketiah,FWD,7,0,,0,0,1809,0.0
361,6,6,3,JP,Prem,1,6,1,1,J.Timber,DEF,1,1,,0,1,1809,0.000552791597567717
362,6,15,4,JP,Prem,0,6,5,0,J.Timber,DEF,1,0,,0,5,1809,0.0
363,6,15,5,JP,Prem,0,6,2,0,J.Timber,DEF,1,0,,0,0,1809,0.0
364,6,15,10,JP,Prem,0,6,1,0,J.Timber,DEF,1,0,,0,0,1809,0.0
365,6,15,11,JP,Prem,0,6,2,0,J.Timber,DEF,1,0,,0,2,1809,0.0
366,6,2,12,JP,Prem,1,6,6,6,J.Timber,DEF,1,6,,0,6,1809,0.003316749585406302
367,6,4,13,JP,Prem,1,6,1,1,J.Timber,DEF,1,1,,0,0,1809,0.000552791597567717
368,6,14,14,JP,Prem,0,6,14,0,J.Timber,DEF,1,0,,0,14,1809,0.0
369,6,5,15,JP,Prem,1,6,2,2,J.Timber,DEF,1,2,,0,2,1809,0.001105583195135434
370,6,3,16,JP,Prem,1,6,6,6,J.Timber,DEF,1,6,,0,6,1809,0.003316749585406302
371,6,3,17,JP,Prem,1,6,1,1,J.Timber,DEF,1,1,,0,1,1809,0.000552791597567717
372,6,4,18,JP,Prem,1,6,9,9,J.Timber,DEF,1,9,,0,9,1809,0.004975124378109453
373,6,3,19,JP,Prem,1,6,1,1,J.Timber,DEF,1,1,,0,0,1809,0.000552791597567717
374,6,13,20,JP,Prem,0,6,0,0,J.Timber,DEF,1,0,,0,0,1809,0.0
375,6,13,21,JP,Prem,0,6,2,0,J.Timber,DEF,1,0,,0,2,1809,0.0
376,6,14,22,JP,Prem,0,6,1,0,J.Timber,DEF,1,0,,0,0,1809,0.0
377,6,14,23,JP,Prem,0,6,5,0,J.Timber,DEF,1,0,,0,5,1809,0.0
378,6,14,24,JP,Prem,0,6,1,0,J.Timber,DEF,1,0,,0,1,1809,0.0
379,6,14,25,JP,Prem,0,6,6,0,J.Timber,DEF,1,0,,0,6,1809,0.0
380,6,4,26,JP,Prem,1,6,2,2,J.Timber,DEF,1,2,,0,2,1809,0.001105583195135434
381,6,3,27,JP,Prem,1,6,6,6,J.Timber,DEF,1,6,,0,6,1809,0.003316749585406302
382,6,4,28,JP,Prem,1,6,5,5,J.Timber,DEF,1,5,,0,5,1809,0.002763957987838585
383,6,3,29,JP,Prem,1,6,9,9,J.Timber,DEF,1,9,,0,9,1809,0.004975124378109453
384,6,4,30,JP,Prem,1,6,7,7,J.Timber,DEF,1,7,,0,7,1809,0.003869541182974019
385,6,15,31,JP,Prem,0,6,1,0,J.Timber,DEF,1,0,,0,1,1809,0.0
386,6,14,32,JP,Prem,0,6,1,0,J.Timber,DEF,1,0,,0,1,1809,0.0
387,6,4,33,JP,Prem,1,6,4,4,J.Timber,DEF,1,4,,0,4,1809,0.002211166390270868
388,6,15,34,JP,Prem,0,6,0,0,J.Timber,DEF,1,0,,0,0,1809,0.0
389,6,15,35,JP,Prem,0,6,0,0,J.Timber,DEF,1,0,,0,0,1809,0.0
390,6,15,36,JP,Prem,0,6,0,0,J.Timber,DEF,1,0,,0,0,1809,0.0
391,6,14,37,JP,Prem,0,6,0,0,J.Timber,DEF,1,0,,0,0,1809,0.0
392,498,2,31,JP,Prem,1,498,2,2,Romero,DEF,18,2,,0,2,1809,0.001105583195135434
393,617,14,27,JP,Prem,0,617,1,0,Evanilson,FWD,3,0,,0,1,1809,0.0
394,617,14,28,JP,Prem,0,617,8,0,Evanilson,FWD,3,0,,0,8,1809,0.0
395,617,9,29,JP,Prem,1,617,2,2,Evanilson,FWD,3,2,,0,2,1809,0.001105583195135434
396,617,10,30,JP,Prem,1,617,8,8,Evanilson,FWD,3,8,,0,8,1809,0.004422332780541736
397,617,10,31,JP,Prem,1,617,13,13,Evanilson,FWD,3,13,,0,13,1809,0.007186290768380321
398,617,10,32,JP,Prem,1,617,2,2,Evanilson,FWD,3,2,,0,2,1809,0.001105583195135434
399,617,10,33,JP,Prem,1,617,2,2,Evanilson,FWD,3,2,,0,2,1809,0.001105583195135434
400,617,11,34,JP,Prem,1,617,2,2,Evanilson,FWD,3,2,,0,2,1809,0.001105583195135434
401,617,9,35,JP,Prem,1,617,6,6,Evanilson,FWD,3,6,,0,6,1809,0.003316749585406302
402,617,10,36,JP,Prem,1,617,2,2,Evanilson,FWD,3,2,,0,2,1809,0.001105583195135434
403,617,13,37,JP,Prem,0,617,2,0,Evanilson,FWD,3,0,,0,2,1809,0.0
404,617,11,38,JP,Prem,1,617,2,2,Evanilson,FWD,3,2,,0,2,1809,0.001105583195135434
405,54,8,4,JP,Prem,1,54,2,2,Rogers,MID,2,2,,0,2,1809,0.001105583195135434
406,54,6,5,JP,Prem,1,54,10,10,Rogers,MID,2,10,,0,10,1809,0.00552791597567717
407,54,13,6,JP,Prem,0,54,7,0,Rogers,MID,2,0,,0,7,1809,0.0
408,54,8,9,JP,Prem,1,54,1,1,Rogers,MID,2,1,,0,1,1809,0.000552791597567717
409,54,14,10,JP,Prem,0,54,9,0,Rogers,MID,2,0,,0,9,1809,0.0
410,54,14,11,JP,Prem,0,54,1,0,Rogers,MID,2,0,,0,0,1809,0.0
411,54,6,12,JP,Prem,1,54,2,2,Rogers,MID,2,2,,0,2,1809,0.001105583195135434
412,386,9,5,JP,Prem,1,386,4,4,Sancho,MID,6,4,,0,4,1809,0.002211166390270868
413,386,9,6,JP,Prem,1,386,9,9,Sancho,MID,6,9,,0,9,1809,0.004975124378109453
414,386,9,7,JP,Prem,1,386,2,2,Sancho,MID,6,2,,0,2,1809,0.001105583195135434
415,386,13,8,JP,Prem,0,386,1,0,Sancho,MID,6,0,,0,0,1809,0.0
416,386,13,9,JP,Prem,1,386,0,0,Sancho,MID,6,0,,0,0,1809,0.0
417,386,5,16,JP,Prem,1,386,2,2,Sancho,MID,6,2,,0,2,1809,0.001105583195135434
418,386,5,17,JP,Prem,1,386,3,3,Sancho,MID,6,3,,0,3,1809,0.001658374792703151
419,443,1,13,JP,Prem,1,443,6,6,Sels,GKP,16,6,,0,6,1809,0.003316749585406302
420,443,1,14,JP,Prem,0,443,2,0,Sels,GKP,16,2,,0,2,1809,0.001105583195135434
421,443,1,15,JP,Prem,0,443,2,0,Sels,GKP,16,2,,0,2,1809,0.001105583195135434
422,443,1,16,JP,Prem,1,443,2,2,Sels,GKP,16,2,,0,2,1809,0.001105583195135434
423,443,1,17,JP,Prem,1,443,7,7,Sels,GKP,16,7,,0,7,1809,0.003869541182974019
424,185,1,34,JP,Prem,1,185,9,9,Sánchez,GKP,6,9,,0,9,1809,0.004975124378109453
425,148,10,23,JP,Prem,1,148,2,2,Welbeck,FWD,5,2,,0,2,1809,0.001105583195135434
426,148,13,26,JP,Prem,1,148,0,0,Welbeck,FWD,5,0,,0,0,1809,0.0
427,23,10,7,JP,Prem,1,23,1,1,Trossard,MID,1,1,,0,0,1809,0.000552791597567717
428,23,9,8,JP,Prem,1,23,3,3,Trossard,MID,1,3,,0,3,1809,0.001658374792703151
429,23,8,33,JP,Prem,1,23,24,24,Trossard,MID,1,24,,0,24,1809,0.013266998341625208
430,8,15,32,JP,Prem,0,8,2,0,Kiwior,DEF,1,0,,0,2,1809,0.0
431,8,2,33,JP,Prem,1,8,13,13,Kiwior,DEF,1,13,,0,13,1809,0.007186290768380321
432,8,3,38,JP,Prem,1,8,2,2,Kiwior,DEF,1,2,,0,2,1809,0.001105583195135434
433,392,7,32,JP,Prem,1,392,27,27,Barnes,MID,15,27,,0,27,1809,0.014925373134328358
434,252,10,8,JP,Prem,1,252,7,7,Raúl,FWD,9,7,,0,7,1809,0.003869541182974019
435,252,11,9,JP,Prem,1,252,2,2,Raúl,FWD,9,2,,0,2,1809,0.001105583195135434
436,252,10,10,JP,Prem,1,252,2,2,Raúl,FWD,9,2,,0,2,1809,0.001105583195135434
437,252,10,11,JP,Prem,1,252,5,5,Raúl,FWD,9,5,,0,5,1809,0.002763957987838585
438,252,10,19,JP,Prem,1,252,9,9,Raúl,FWD,9,9,,0,9,1809,0.004975124378109453
439,252,10,20,JP,Prem,1,252,13,13,Raúl,FWD,9,13,,0,13,1809,0.007186290768380321
440,252,11,21,JP,Prem,1,252,1,1,Raúl,FWD,9,1,,0,0,1809,0.000552791597567717
441,252,10,22,JP,Prem,1,252,2,2,Raúl,FWD,9,2,,0,2,1809,0.001105583195135434
442,252,11,23,JP,Prem,1,252,2,2,Raúl,FWD,9,2,,0,2,1809,0.001105583195135434
443,252,13,24,JP,Prem,0,252,8,0,Raúl,FWD,9,0,,0,8,1809,0.0
444,252,13,25,JP,Prem,0,252,5,0,Raúl,FWD,9,0,,0,5,1809,0.0
445,252,10,26,JP,Prem,1,252,2,2,Raúl,FWD,9,2,,0,2,1809,0.001105583195135434
446,252,10,27,JP,Prem,1,252,1,1,Raúl,FWD,9,1,,0,1,1809,0.000552791597567717
447,252,10,28,JP,Prem,1,252,8,8,Raúl,FWD,9,8,,0,8,1809,0.004422332780541736
448,252,10,29,JP,Prem,1,252,2,2,Raúl,FWD,9,2,,0,2,1809,0.001105583195135434
449,252,14,30,JP,Prem,0,252,2,0,Raúl,FWD,9,0,,0,0,1809,0.0
450,252,14,31,JP,Prem,0,252,1,0,Raúl,FWD,9,0,,0,0,1809,0.0
451,252,11,32,JP,Prem,1,252,1,1,Raúl,FWD,9,1,,0,0,1809,0.000552791597567717
452,252,9,33,JP,Prem,0,252,2,0,Raúl,FWD,9,2,,0,2,1809,0.001105583195135434
453,252,9,34,JP,Prem,1,252,1,1,Raúl,FWD,9,1,,0,1,1809,0.000552791597567717
454,252,10,35,JP,Prem,1,252,2,2,Raúl,FWD,9,2,,0,2,1809,0.001105583195135434
455,252,13,36,JP,Prem,0,252,9,0,Raúl,FWD,9,0,,0,9,1809,0.0
456,252,11,37,JP,Prem,1,252,9,9,Raúl,FWD,9,9,,0,9,1809,0.004975124378109453
457,252,13,38,JP,Prem,0,252,2,0,Raúl,FWD,9,0,,0,2,1809,0.0
458,566,10,9,JP,Prem,1,566,1,1,Strand Larsen,FWD,20,1,,0,0,1809,0.000552791597567717
459,566,9,11,JP,Prem,1,566,2,2,Strand Larsen,FWD,20,2,,0,2,1809,0.001105583195135434
460,566,9,12,JP,Prem,1,566,5,5,Strand Larsen,FWD,20,5,,0,5,1809,0.002763957987838585
461,566,10,13,JP,Prem,1,566,11,11,Strand Larsen,FWD,20,11,,0,11,1809,0.006080707573244887
462,566,10,14,JP,Prem,1,566,2,2,Strand Larsen,FWD,20,2,,0,2,1809,0.001105583195135434
463,566,10,15,JP,Prem,1,566,2,2,Strand Larsen,FWD,20,2,,0,2,1809,0.001105583195135434
464,566,10,16,JP,Prem,1,566,2,2,Strand Larsen,FWD,20,2,,0,2,1809,0.001105583195135434
465,566,10,17,JP,Prem,1,566,2,2,Strand Larsen,FWD,20,2,,0,2,1809,0.001105583195135434
466,566,11,18,JP,Prem,1,566,2,2,Strand Larsen,FWD,20,2,,0,2,1809,0.001105583195135434
467,110,10,12,JP,Prem,1,110,2,2,Wissa,FWD,4,2,,0,2,1809,0.001105583195135434
468,110,11,13,JP,Prem,1,110,8,8,Wissa,FWD,4,8,,0,8,1809,0.004422332780541736
469,110,11,14,JP,Prem,1,110,2,2,Wissa,FWD,4,2,,0,2,1809,0.001105583195135434
470,110,11,15,JP,Prem,1,110,7,7,Wissa,FWD,4,7,,0,7,1809,0.003869541182974019
471,110,14,16,JP,Prem,0,110,2,0,Wissa,FWD,4,0,,0,2,1809,0.0
472,110,11,17,JP,Prem,1,110,1,1,Wissa,FWD,4,1,,0,0,1809,0.000552791597567717
473,110,14,18,JP,Prem,0,110,2,0,Wissa,FWD,4,0,,0,2,1809,0.0
474,110,14,19,JP,Prem,0,110,2,0,Wissa,FWD,4,0,,0,0,1809,0.0
475,110,14,20,JP,Prem,0,110,11,0,Wissa,FWD,4,0,,0,11,1809,0.0
476,110,14,21,JP,Prem,0,110,6,0,Wissa,FWD,4,0,,0,6,1809,0.0
477,110,11,22,JP,Prem,1,110,2,2,Wissa,FWD,4,2,,0,2,1809,0.001105583195135434
478,110,9,23,JP,Prem,1,110,2,2,Wissa,FWD,4,2,,0,0,1809,0.001105583195135434
479,110,10,24,JP,Prem,1,110,2,2,Wissa,FWD,4,2,,0,0,1809,0.001105583195135434
480,110,10,25,JP,Prem,1,110,2,2,Wissa,FWD,4,2,,0,0,1809,0.001105583195135434
481,110,11,26,JP,Prem,1,110,8,8,Wissa,FWD,4,8,,0,8,1809,0.004422332780541736
482,110,11,27,JP,Prem,1,110,9,9,Wissa,FWD,4,9,,0,9,1809,0.004975124378109453
483,110,11,28,JP,Prem,1,110,2,2,Wissa,FWD,4,2,,0,0,1809,0.001105583195135434
484,110,11,29,JP,Prem,1,110,8,8,Wissa,FWD,4,8,,0,8,1809,0.004422332780541736
485,110,11,30,JP,Prem,1,110,5,5,Wissa,FWD,4,5,,0,5,1809,0.002763957987838585
486,110,11,31,JP,Prem,1,110,2,2,Wissa,FWD,4,2,,0,2,1809,0.001105583195135434
487,110,9,32,JP,Prem,0,110,9,0,Wissa,FWD,4,9,,0,9,1809,0.004975124378109453
488,110,11,33,JP,Prem,1,110,11,11,Wissa,FWD,4,11,,0,11,1809,0.006080707573244887
489,110,10,34,JP,Prem,1,110,7,7,Wissa,FWD,4,7,,0,7,1809,0.003869541182974019
490,110,11,35,JP,Prem,1,110,7,7,Wissa,FWD,4,7,,0,7,1809,0.003869541182974019
491,110,11,36,JP,Prem,1,110,1,1,Wissa,FWD,4,1,,0,0,1809,0.000552791597567717
492,110,10,37,JP,Prem,1,110,10,10,Wissa,FWD,4,10,,0,10,1809,0.00552791597567717
493,110,10,38,JP,Prem,1,110,1,1,Wissa,FWD,4,1,,0,0,1809,0.000552791597567717
494,372,5,12,JP,Prem,1,372,2,2,Garnacho,MID,14,2,,0,2,1809,0.001105583195135434
495,436,2,22,JP,Prem,1,436,1,1,Murillo,DEF,16,1,,0,0,1809,0.000552791597567717
496,436,4,23,JP,Prem,1,436,0,0,Murillo,DEF,16,0,,0,0,1809,0.0
497,32,4,15,JP,Prem,1,32,0,0,Cash,DEF,2,0,,0,0,1809,0.0
498,322,13,16,JP,Prem,0,322,1,0,Gomez,DEF,12,0,,0,0,1809,0.0
499,146,1,26,JP,Prem,1,146,6,6,Verbruggen,GKP,5,6,,0,6,1809,0.003316749585406302
500,146,1,27,JP,Prem,1,146,3,3,Verbruggen,GKP,5,3,,0,0,1809,0.001658374792703151
501,146,1,28,JP,Prem,1,146,2,2,Verbruggen,GKP,5,2,,0,0,1809,0.001105583195135434
502,399,4,17,JP,Prem,1,399,7,7,Hall,DEF,15,7,,0,7,1809,0.003869541182974019
503,399,5,18,JP,Prem,0,399,6,0,Hall,DEF,15,6,,0,6,1809,0.003316749585406302
504,399,15,19,JP,Prem,0,399,12,0,Hall,DEF,15,0,,0,12,1809,0.0
505,399,15,20,JP,Prem,0,399,2,0,Hall,DEF,15,0,,0,2,1809,0.0
506,399,4,21,JP,Prem,1,399,6,6,Hall,DEF,15,6,,0,6,1809,0.003316749585406302
507,399,4,22,JP,Prem,1,399,4,4,Hall,DEF,15,4,,0,4,1809,0.002211166390270868
508,399,3,23,JP,Prem,1,399,2,2,Hall,DEF,15,2,,0,0,1809,0.001105583195135434
509,399,3,24,JP,Prem,1,399,1,1,Hall,DEF,15,1,,0,0,1809,0.000552791597567717
510,399,15,25,JP,Prem,0,399,0,0,Hall,DEF,15,0,,0,0,1809,0.0
511,399,15,26,JP,Prem,0,399,9,0,Hall,DEF,15,0,,0,9,1809,0.0
512,399,15,27,JP,Prem,0,399,1,0,Hall,DEF,15,0,,0,0,1809,0.0
513,255,2,34,JP,Prem,1,255,0,0,Robinson,DEF,9,0,,0,0,1809,0.0
514,255,14,35,JP,Prem,0,255,2,0,Robinson,DEF,9,0,,0,2,1809,0.0
515,255,14,36,JP,Prem,1,255,0,0,Robinson,DEF,9,0,,0,0,1809,0.0
516,152,1,18,JP,Prem,1,152,8,8,Arrizabalaga,GKP,3,8,,0,8,1809,0.004422332780541736
517,152,1,20,JP,Prem,1,152,0,0,Arrizabalaga,GKP,3,0,,0,0,1809,0.0
518,152,1,29,JP,Prem,1,152,1,1,Arrizabalaga,GKP,3,1,,0,1,1809,0.000552791597567717
519,152,1,30,JP,Prem,1,152,1,1,Arrizabalaga,GKP,3,1,,0,0,1809,0.000552791597567717
520,152,12,31,JP,Prem,0,152,1,0,Arrizabalaga,GKP,3,0,,0,0,1809,0.0
521,152,12,32,JP,Prem,0,152,11,0,Arrizabalaga,GKP,3,0,,0,11,1809,0.0
522,574,15,28,JP,Prem,0,574,6,0,Milenković,DEF,16,0,,0,6,1809,0.0
523,574,2,29,JP,Prem,1,574,11,11,Milenković,DEF,16,11,,0,11,1809,0.006080707573244887
524,574,3,30,JP,Prem,1,574,6,6,Milenković,DEF,16,6,,0,6,1809,0.003316749585406302
525,574,13,31,JP,Prem,0,574,1,0,Milenković,DEF,16,0,,0,0,1809,0.0
526,574,4,32,JP,Prem,1,574,2,2,Milenković,DEF,16,2,,0,2,1809,0.001105583195135434
527,574,14,33,JP,Prem,0,574,2,0,Milenković,DEF,16,0,,0,0,1809,0.0
528,574,3,34,JP,Prem,1,574,1,1,Milenković,DEF,16,1,,0,1,1809,0.000552791597567717
529,574,4,35,JP,Prem,1,574,2,2,Milenković,DEF,16,2,,0,2,1809,0.001105583195135434
530,574,4,36,JP,Prem,1,574,1,1,Milenković,DEF,16,1,,0,1,1809,0.000552791597567717
531,574,3,37,JP,Prem,1,574,8,8,Milenković,DEF,16,8,,0,8,1809,0.004422332780541736
532,574,15,38,JP,Prem,0,574,2,0,Milenković,DEF,16,0,,0,2,1809,0.0
533,201,1,19,JP,Prem,1,201,2,2,Henderson,GKP,7,2,,0,2,1809,0.001105583195135434
534,201,1,25,JP,Prem,1,201,2,2,Henderson,GKP,7,2,,0,0,1809,0.001105583195135434
535,717,1,21,JP,Prem,0,717,2,0,Kinsky,GKP,18,2,,0,2,1809,0.001105583195135434
536,717,12,22,JP,Prem,0,717,2,0,Kinsky,GKP,18,0,,0,0,1809,0.0
537,717,1,23,JP,Prem,1,717,1,1,Kinsky,GKP,18,1,,0,0,1809,0.000552791597567717
538,432,7,29,JP,Prem,1,432,16,16,Elanga,MID,16,16,,0,16,1809,0.008844665561083471
539,432,9,30,JP,Prem,1,432,11,11,Elanga,MID,16,11,,0,11,1809,0.006080707573244887
540,432,7,31,JP,Prem,1,432,1,1,Elanga,MID,16,1,,0,0,1809,0.000552791597567717
541,432,8,32,JP,Prem,1,432,1,1,Elanga,MID,16,1,,0,0,1809,0.000552791597567717
542,432,6,34,JP,Prem,1,432,2,2,Elanga,MID,16,2,,0,2,1809,0.001105583195135434
543,432,7,35,JP,Prem,1,432,2,2,Elanga,MID,16,2,,0,2,1809,0.001105583195135434
544,432,8,36,JP,Prem,1,432,7,7,Elanga,MID,16,7,,0,7,1809,0.003869541182974019
545,432,6,37,JP,Prem,1,432,5,5,Elanga,MID,16,5,,0,5,1809,0.002763957987838585
546,432,14,38,JP,Prem,0,432,2,0,Elanga,MID,16,0,,0,0,1809,0.0
547,329,7,23,JP,Prem,1,329,3,3,Mac Allister,MID,12,3,,0,3,1809,0.001658374792703151
548,329,7,24,JP,Prem,1,329,10,10,Mac Allister,MID,12,10,,0,10,1809,0.00552791597567717
549,329,7,25,JP,Prem,1,329,4,4,Mac Allister,MID,12,4,,0,4,1809,0.002211166390270868
550,568,1,24,JP,Prem,1,568,1,1,Muric,GKP,10,1,,0,1,1809,0.000552791597567717
551,219,4,24,JP,Prem,1,219,10,10,Branthwaite,DEF,8,10,,0,10,1809,0.00552791597567717
552,232,11,24,JP,Prem,1,232,9,9,Ndiaye,FWD,8,9,,0,9,1809,0.004975124378109453
553,731,4,25,JP,Prem,1,731,3,3,A. Garcia,DEF,2,3,,0,3,1809,0.001658374792703151
554,57,9,25,JP,Prem,1,57,12,12,Tielemans,MID,2,12,,0,12,1809,0.006633499170812604
555,123,11,25,JP,Prem,1,123,1,1,Ferguson,FWD,19,1,,0,0,1809,0.000552791597567717
556,650,4,37,JP,Prem,1,650,1,1,Lacroix,DEF,7,1,,0,0,1809,0.000552791597567717
557,580,3,26,JP,Prem,1,580,2,2,Huijsen,DEF,3,2,,0,2,1809,0.001105583195135434
558,580,5,38,JP,Prem,1,580,4,4,Huijsen,DEF,3,4,,0,4,1809,0.002211166390270868
559,12,7,26,JP,Prem,1,12,2,2,Nwaneri,MID,1,2,,0,2,1809,0.001105583195135434
560,12,8,27,JP,Prem,1,12,3,3,Nwaneri,MID,1,3,,0,3,1809,0.001658374792703151
561,12,9,28,JP,Prem,1,12,1,1,Nwaneri,MID,1,1,,0,0,1809,0.000552791597567717
562,12,8,29,JP,Prem,1,12,1,1,Nwaneri,MID,1,1,,0,1,1809,0.000552791597567717
563,106,8,35,JP,Prem,1,106,14,14,Schade,MID,4,14,,0,14,1809,0.007739082365948038
564,106,9,36,JP,Prem,1,106,11,11,Schade,MID,4,11,,0,11,1809,0.006080707573244887
565,106,7,37,JP,Prem,1,106,2,2,Schade,MID,4,2,,0,2,1809,0.001105583195135434
566,746,4,27,JP,Prem,1,746,-3,-3,Dorgu,DEF,14,-3,,0,0,1809,-0.001658374792703151
567,742,7,27,JP,Prem,1,742,1,1,M.Asensio,MID,2,1,,0,0,1809,0.000552791597567717
568,742,13,28,JP,Prem,1,742,0,0,M.Asensio,MID,2,0,,0,0,1809,0.0
569,742,7,33,JP,Prem,1,742,3,3,M.Asensio,MID,2,3,,0,3,1809,0.001658374792703151
570,311,15,33,TS,Prem,0,311,6,0,Alexander-Arnold,DEF,12,0,,0,6,1802,0.0
571,311,5,34,TS,Prem,1,311,5,5,Alexander-Arnold,DEF,12,5,,0,5,1802,0.002774694783573807
572,311,4,35,TS,Prem,1,311,0,0,Alexander-Arnold,DEF,12,0,,0,0,1802,0.0
573,311,15,36,TS,Prem,0,311,1,0,Alexander-Arnold,DEF,12,0,,0,1,1802,0.0
574,495,4,26,TS,Prem,1,495,1,1,Pedro Porro,DEF,18,1,,0,1,1802,0.0005549389567147614
575,82,15,25,TS,Prem,0,82,0,0,Solanke,FWD,18,0,,0,0,1802,0.0
576,82,15,26,TS,Prem,0,82,0,0,Solanke,FWD,18,0,,0,0,1802,0.0
577,82,15,27,TS,Prem,0,82,0,0,Solanke,FWD,18,0,,0,0,1802,0.0
578,560,13,12,TS,Prem,1,560,0,0,Neto,MID,6,0,,0,0,1802,0.0
579,560,13,13,TS,Prem,0,560,3,0,Neto,MID,6,0,,0,3,1802,0.0
580,560,13,14,TS,Prem,0,560,0,0,Neto,MID,6,0,,0,0,1802,0.0
581,413,1,1,TS,Prem,1,413,9,9,Pope,GKP,15,9,90.0,1,9,1802,0.004994450610432853
582,413,1,2,TS,Prem,1,413,3,3,Pope,GKP,15,3,90.0,1,3,1802,0.001664816870144284
583,413,12,3,TS,Prem,0,413,4,0,Pope,GKP,15,0,90.0,1,4,1802,0.0
584,413,1,4,TS,Prem,1,413,3,3,Pope,GKP,15,3,90.0,1,3,1802,0.001664816870144284
585,413,1,5,TS,Prem,1,413,3,3,Pope,GKP,15,3,90.0,1,3,1802,0.001664816870144284
586,413,12,6,TS,Prem,0,413,3,0,Pope,GKP,15,0,90.0,1,3,1802,0.0
587,413,1,7,TS,Prem,1,413,6,6,Pope,GKP,15,6,90.0,1,0,1802,0.003329633740288568
588,413,1,8,TS,Prem,1,413,3,3,Pope,GKP,15,3,90.0,1,0,1802,0.001664816870144284
589,413,12,9,TS,Prem,0,413,2,0,Pope,GKP,15,0,90.0,1,2,1802,0.0
590,413,12,10,TS,Prem,0,413,5,0,Pope,GKP,15,0,90.0,1,5,1802,0.0
591,413,12,11,TS,Prem,0,413,2,0,Pope,GKP,15,0,90.0,1,0,1802,0.0
592,413,1,12,TS,Prem,1,413,2,2,Pope,GKP,15,2,90.0,1,0,1802,0.0011098779134295228
593,413,1,13,TS,Prem,1,413,2,2,Pope,GKP,15,2,90.0,1,2,1802,0.0011098779134295228
594,413,12,14,TS,Prem,0,413,0,0,Pope,GKP,15,0,90.0,1,0,1802,0.0
595,413,1,15,TS,Prem,1,413,1,1,Pope,GKP,15,1,90.0,1,1,1802,0.0005549389567147614
596,413,12,16,TS,Prem,0,413,0,0,Pope,GKP,15,0,90.0,1,0,1802,0.0
597,413,12,17,TS,Prem,0,413,0,0,Pope,GKP,15,0,90.0,1,0,1802,0.0
598,413,12,21,TS,Prem,1,413,0,0,Pope,GKP,15,0,90.0,1,0,1802,0.0
599,413,12,22,TS,Prem,0,413,0,0,Pope,GKP,15,0,90.0,1,0,1802,0.0
600,413,12,23,TS,Prem,1,413,0,0,Pope,GKP,15,0,90.0,1,0,1802,0.0
601,413,12,24,TS,Prem,1,413,0,0,Pope,GKP,15,0,90.0,1,0,1802,0.0
602,413,12,25,TS,Prem,0,413,0,0,Pope,GKP,15,0,90.0,1,0,1802,0.0
603,413,12,29,TS,Prem,0,413,0,0,Pope,GKP,15,0,90.0,1,0,1802,0.0
604,413,12,30,TS,Prem,0,413,2,0,Pope,GKP,15,0,90.0,1,0,1802,0.0
605,413,1,31,TS,Prem,1,413,6,6,Pope,GKP,15,6,90.0,1,6,1802,0.003329633740288568
606,413,1,32,TS,Prem,1,413,15,15,Pope,GKP,15,15,90.0,1,15,1802,0.008324084350721421
607,413,12,37,TS,Prem,0,413,3,0,Pope,GKP,15,0,90.0,1,3,1802,0.0
608,413,1,38,TS,Prem,1,413,3,3,Pope,GKP,15,3,90.0,1,3,1802,0.001664816870144284
609,3,2,1,TS,Prem,1,3,6,6,Gabriel,DEF,1,6,42.0,1,6,1802,0.003329633740288568
610,3,2,2,TS,Prem,1,3,6,6,Gabriel,DEF,1,6,42.0,1,6,1802,0.003329633740288568
611,3,2,3,TS,Prem,1,3,2,2,Gabriel,DEF,1,2,42.0,1,2,1802,0.0011098779134295228
612,3,3,4,TS,Prem,1,3,15,15,Gabriel,DEF,1,15,42.0,1,15,1802,0.008324084350721421
613,3,3,5,TS,Prem,1,3,7,7,Gabriel,DEF,1,7,42.0,1,7,1802,0.00388457269700333
614,3,2,6,TS,Prem,1,3,1,1,Gabriel,DEF,1,1,42.0,1,1,1802,0.0005549389567147614
615,3,2,7,TS,Prem,1,3,2,2,Gabriel,DEF,1,2,42.0,1,2,1802,0.0011098779134295228
616,3,3,8,TS,Prem,1,3,1,1,Gabriel,DEF,1,1,42.0,1,1,1802,0.0005549389567147614
617,3,2,9,TS,Prem,1,3,1,1,Gabriel,DEF,1,1,42.0,1,1,1802,0.0005549389567147614
618,3,3,10,TS,Prem,1,3,2,2,Gabriel,DEF,1,2,42.0,1,2,1802,0.0011098779134295228
619,3,13,11,TS,Prem,0,3,2,0,Gabriel,DEF,1,0,42.0,1,2,1802,0.0
620,3,2,12,TS,Prem,1,3,6,6,Gabriel,DEF,1,6,42.0,1,6,1802,0.003329633740288568
621,3,3,13,TS,Prem,1,3,9,9,Gabriel,DEF,1,9,42.0,1,9,1802,0.004994450610432853
622,3,14,14,TS,Prem,1,3,0,0,Gabriel,DEF,1,0,42.0,1,0,1802,0.0
623,3,14,15,TS,Prem,1,3,0,0,Gabriel,DEF,1,0,42.0,1,0,1802,0.0
624,3,3,16,TS,Prem,1,3,9,9,Gabriel,DEF,1,9,42.0,1,9,1802,0.004994450610432853
625,3,3,17,TS,Prem,1,3,4,4,Gabriel,DEF,1,4,42.0,1,4,1802,0.0022197558268590455
626,3,2,18,TS,Prem,1,3,6,6,Gabriel,DEF,1,6,42.0,1,6,1802,0.003329633740288568
627,3,3,19,TS,Prem,1,3,2,2,Gabriel,DEF,1,2,42.0,1,2,1802,0.0011098779134295228
628,3,3,20,TS,Prem,1,3,2,2,Gabriel,DEF,1,2,42.0,1,2,1802,0.0011098779134295228
629,3,2,21,TS,Prem,1,3,1,1,Gabriel,DEF,1,1,42.0,1,1,1802,0.0005549389567147614
630,3,3,22,TS,Prem,1,3,1,1,Gabriel,DEF,1,1,42.0,1,1,1802,0.0005549389567147614
631,3,2,23,TS,Prem,1,3,7,7,Gabriel,DEF,1,7,42.0,1,7,1802,0.00388457269700333
632,3,2,24,TS,Prem,1,3,2,2,Gabriel,DEF,1,2,42.0,1,2,1802,0.0011098779134295228
633,3,3,25,TS,Prem,1,3,6,6,Gabriel,DEF,1,6,42.0,1,6,1802,0.003329633740288568
634,3,3,26,TS,Prem,1,3,2,2,Gabriel,DEF,1,2,42.0,1,2,1802,0.0011098779134295228
635,3,2,27,TS,Prem,1,3,7,7,Gabriel,DEF,1,7,42.0,1,7,1802,0.00388457269700333
636,3,2,28,TS,Prem,1,3,2,2,Gabriel,DEF,1,2,42.0,1,2,1802,0.0011098779134295228
637,3,3,29,TS,Prem,1,3,5,5,Gabriel,DEF,1,5,42.0,1,5,1802,0.002774694783573807
638,3,2,30,TS,Prem,1,3,1,1,Gabriel,DEF,1,1,42.0,1,1,1802,0.0005549389567147614
639,211,3,1,TS,Prem,1,211,4,4,Muñoz,DEF,7,4,55.0,1,4,1802,0.0022197558268590455
640,211,3,2,TS,Prem,1,211,1,1,Muñoz,DEF,7,1,55.0,1,1,1802,0.0005549389567147614
641,211,14,3,TS,Prem,0,211,1,0,Muñoz,DEF,7,0,55.0,1,1,1802,0.0
642,211,4,4,TS,Prem,1,211,1,1,Muñoz,DEF,7,1,55.0,1,0,1802,0.0005549389567147614
643,211,15,5,TS,Prem,0,211,6,0,Muñoz,DEF,7,0,55.0,1,6,1802,0.0
644,211,3,6,TS,Prem,1,211,1,1,Muñoz,DEF,7,1,55.0,1,1,1802,0.0005549389567147614
645,211,15,7,TS,Prem,0,211,1,0,Muñoz,DEF,7,0,55.0,1,1,1802,0.0
646,211,14,8,TS,Prem,0,211,1,0,Muñoz,DEF,7,0,55.0,1,0,1802,0.0
647,211,5,9,TS,Prem,0,211,5,0,Muñoz,DEF,7,5,55.0,1,5,1802,0.002774694783573807
648,211,14,10,TS,Prem,0,211,3,0,Muñoz,DEF,7,0,55.0,1,3,1802,0.0
649,211,3,11,TS,Prem,1,211,1,1,Muñoz,DEF,7,1,55.0,1,1,1802,0.0005549389567147614
650,211,3,35,TS,Prem,1,211,1,1,Muñoz,DEF,7,1,55.0,1,1,1802,0.0005549389567147614
651,211,2,36,TS,Prem,1,211,11,11,Muñoz,DEF,7,11,55.0,1,11,1802,0.006104328523862375
652,211,3,37,TS,Prem,1,211,1,1,Muñoz,DEF,7,1,55.0,1,0,1802,0.0005549389567147614
653,211,2,38,TS,Prem,0,211,2,0,Muñoz,DEF,7,2,55.0,1,2,1802,0.0011098779134295228
654,505,4,1,TS,Prem,1,505,2,2,Udogie,DEF,18,2,66.0,1,2,1802,0.0011098779134295228
655,505,4,2,TS,Prem,1,505,6,6,Udogie,DEF,18,6,66.0,1,6,1802,0.003329633740288568
656,505,4,3,TS,Prem,1,505,1,1,Udogie,DEF,18,1,66.0,1,0,1802,0.0005549389567147614
657,505,15,4,TS,Prem,0,505,1,0,Udogie,DEF,18,0,66.0,1,0,1802,0.0
658,505,4,5,TS,Prem,1,505,2,2,Udogie,DEF,18,2,66.0,1,2,1802,0.0011098779134295228
659,505,14,6,TS,Prem,0,505,1,0,Udogie,DEF,18,0,66.0,1,1,1802,0.0
660,505,14,7,TS,Prem,0,505,0,0,Udogie,DEF,18,0,66.0,1,0,1802,0.0
661,505,4,8,TS,Prem,1,505,5,5,Udogie,DEF,18,5,66.0,1,5,1802,0.002774694783573807
662,505,3,9,TS,Prem,1,505,2,2,Udogie,DEF,18,2,66.0,1,2,1802,0.0011098779134295228
663,505,4,10,TS,Prem,1,505,2,2,Udogie,DEF,18,2,66.0,1,2,1802,0.0011098779134295228
664,505,4,11,TS,Prem,1,505,1,1,Udogie,DEF,18,1,66.0,1,0,1802,0.0005549389567147614
665,505,15,12,TS,Prem,0,505,6,0,Udogie,DEF,18,0,66.0,1,6,1802,0.0
666,505,2,13,TS,Prem,1,505,2,2,Udogie,DEF,18,2,66.0,1,2,1802,0.0011098779134295228
667,505,3,14,TS,Prem,1,505,2,2,Udogie,DEF,18,2,66.0,1,2,1802,0.0011098779134295228
668,505,3,15,TS,Prem,1,505,0,0,Udogie,DEF,18,0,66.0,1,0,1802,0.0
669,505,4,16,TS,Prem,1,505,1,1,Udogie,DEF,18,1,66.0,1,0,1802,0.0005549389567147614
670,505,15,17,TS,Prem,0,505,0,0,Udogie,DEF,18,0,66.0,1,0,1802,0.0
671,505,3,18,TS,Prem,1,505,2,2,Udogie,DEF,18,2,66.0,1,2,1802,0.0011098779134295228
672,505,4,19,TS,Prem,1,505,1,1,Udogie,DEF,18,1,66.0,1,1,1802,0.0005549389567147614
673,503,5,1,TS,Prem,1,503,2,2,Son,MID,18,2,6.0,1,2,1802,0.0011098779134295228
674,503,5,2,TS,Prem,1,503,16,16,Son,MID,18,16,6.0,1,16,1802,0.008879023307436182
675,503,5,3,TS,Prem,1,503,3,3,Son,MID,18,3,6.0,1,3,1802,0.001664816870144284
676,503,5,4,TS,Prem,1,503,2,2,Son,MID,18,2,6.0,1,2,1802,0.0011098779134295228
677,503,5,5,TS,Prem,1,503,10,10,Son,MID,18,10,6.0,1,10,1802,0.005549389567147614
678,503,13,6,TS,Prem,1,503,0,0,Son,MID,18,0,6.0,1,0,1802,0.0
679,503,13,7,TS,Prem,1,503,0,0,Son,MID,18,0,6.0,1,0,1802,0.0
680,503,5,8,TS,Prem,1,503,8,8,Son,MID,18,8,6.0,1,8,1802,0.004439511653718091
681,503,13,9,TS,Prem,1,503,0,0,Son,MID,18,0,6.0,1,0,1802,0.0
682,503,5,10,TS,Prem,1,503,4,4,Son,MID,18,4,6.0,1,4,1802,0.0022197558268590455
683,503,5,11,TS,Prem,1,503,2,2,Son,MID,18,2,6.0,1,2,1802,0.0011098779134295228
684,503,5,12,TS,Prem,1,503,6,6,Son,MID,18,6,6.0,1,6,1802,0.003329633740288568
685,503,5,13,TS,Prem,1,503,2,2,Son,MID,18,2,6.0,1,2,1802,0.0011098779134295228
686,503,5,14,TS,Prem,1,503,1,1,Son,MID,18,1,6.0,1,1,1802,0.0005549389567147614
687,503,5,15,TS,Prem,1,503,7,7,Son,MID,18,7,6.0,1,7,1802,0.00388457269700333
688,503,5,16,TS,Prem,1,503,14,14,Son,MID,18,14,6.0,1,14,1802,0.00776914539400666
689,503,5,17,TS,Prem,1,503,2,2,Son,MID,18,2,6.0,1,2,1802,0.0011098779134295228
690,503,5,18,TS,Prem,1,503,2,2,Son,MID,18,2,6.0,1,2,1802,0.0011098779134295228
691,503,5,19,TS,Prem,1,503,0,0,Son,MID,18,0,6.0,1,0,1802,0.0
692,503,6,20,TS,Prem,1,503,1,1,Son,MID,18,1,6.0,1,1,1802,0.0005549389567147614
693,503,5,21,TS,Prem,1,503,8,8,Son,MID,18,8,6.0,1,8,1802,0.004439511653718091
694,503,6,22,TS,Prem,1,503,2,2,Son,MID,18,2,6.0,1,2,1802,0.0011098779134295228
695,503,5,23,TS,Prem,1,503,2,2,Son,MID,18,2,6.0,1,2,1802,0.0011098779134295228
696,503,5,24,TS,Prem,1,503,10,10,Son,MID,18,10,6.0,1,10,1802,0.005549389567147614
697,503,6,25,TS,Prem,1,503,3,3,Son,MID,18,3,6.0,1,3,1802,0.001664816870144284
698,503,6,26,TS,Prem,1,503,8,8,Son,MID,18,8,6.0,1,8,1802,0.004439511653718091
699,503,6,27,TS,Prem,1,503,1,1,Son,MID,18,1,6.0,1,1,1802,0.0005549389567147614
700,503,6,28,TS,Prem,1,503,6,6,Son,MID,18,6,6.0,1,6,1802,0.003329633740288568
701,503,8,29,TS,Prem,1,503,1,1,Son,MID,18,1,6.0,1,1,1802,0.0005549389567147614
702,503,6,30,TS,Prem,1,503,2,2,Son,MID,18,2,6.0,1,2,1802,0.0011098779134295228
703,398,6,1,TS,Prem,1,398,3,3,Gordon,MID,15,3,18.0,1,3,1802,0.001664816870144284
704,398,6,2,TS,Prem,1,398,10,10,Gordon,MID,15,10,18.0,1,10,1802,0.005549389567147614
705,398,6,3,TS,Prem,1,398,2,2,Gordon,MID,15,2,18.0,1,2,1802,0.0011098779134295228
706,398,6,4,TS,Prem,1,398,2,2,Gordon,MID,15,2,18.0,1,2,1802,0.0011098779134295228
707,398,6,5,TS,Prem,1,398,2,2,Gordon,MID,15,2,18.0,1,0,1802,0.0011098779134295228
708,398,5,6,TS,Prem,0,398,9,0,Gordon,MID,15,9,18.0,1,9,1802,0.004994450610432853
709,398,6,7,TS,Prem,1,398,1,1,Gordon,MID,15,1,18.0,1,1,1802,0.0005549389567147614
710,398,6,8,TS,Prem,1,398,2,2,Gordon,MID,15,2,18.0,1,2,1802,0.0011098779134295228
711,398,14,9,TS,Prem,1,398,0,0,Gordon,MID,15,0,18.0,1,0,1802,0.0
712,398,6,10,TS,Prem,1,398,6,6,Gordon,MID,15,6,18.0,1,6,1802,0.003329633740288568
713,398,6,11,TS,Prem,1,398,2,2,Gordon,MID,15,2,18.0,1,2,1802,0.0011098779134295228
714,398,6,12,TS,Prem,1,398,2,2,Gordon,MID,15,2,18.0,1,2,1802,0.0011098779134295228
715,398,6,13,TS,Prem,1,398,5,5,Gordon,MID,15,5,18.0,1,5,1802,0.002774694783573807
716,398,6,14,TS,Prem,1,398,8,8,Gordon,MID,15,8,18.0,1,8,1802,0.004439511653718091
717,398,6,15,TS,Prem,1,398,1,1,Gordon,MID,15,1,18.0,1,1,1802,0.0005549389567147614
718,398,8,16,TS,Prem,1,398,6,6,Gordon,MID,15,6,18.0,1,6,1802,0.003329633740288568
719,398,8,17,TS,Prem,1,398,6,6,Gordon,MID,15,6,18.0,1,6,1802,0.003329633740288568
720,398,6,18,TS,Prem,1,398,10,10,Gordon,MID,15,10,18.0,1,10,1802,0.005549389567147614
721,398,8,19,TS,Prem,1,398,6,6,Gordon,MID,15,6,18.0,1,6,1802,0.003329633740288568
722,398,8,20,TS,Prem,1,398,7,7,Gordon,MID,15,7,18.0,1,7,1802,0.00388457269700333
723,398,6,21,TS,Prem,1,398,9,9,Gordon,MID,15,9,18.0,1,9,1802,0.004994450610432853
724,398,8,22,TS,Prem,1,398,2,2,Gordon,MID,15,2,18.0,1,2,1802,0.0011098779134295228
725,398,6,23,TS,Prem,1,398,5,5,Gordon,MID,15,5,18.0,1,5,1802,0.002774694783573807
726,398,6,24,TS,Prem,1,398,1,1,Gordon,MID,15,1,18.0,1,1,1802,0.0005549389567147614
727,398,8,25,TS,Prem,1,398,2,2,Gordon,MID,15,2,18.0,1,2,1802,0.0011098779134295228
728,398,8,26,TS,Prem,1,398,2,2,Gordon,MID,15,2,18.0,1,2,1802,0.0011098779134295228
729,398,7,27,TS,Prem,1,398,2,2,Gordon,MID,15,2,18.0,1,2,1802,0.0011098779134295228
730,398,14,28,TS,Prem,0,398,0,0,Gordon,MID,15,0,18.0,1,0,1802,0.0
731,398,14,29,TS,Prem,0,398,0,0,Gordon,MID,15,0,18.0,1,0,1802,0.0
732,398,15,30,TS,Prem,0,398,0,0,Gordon,MID,15,0,18.0,1,0,1802,0.0
733,398,13,31,TS,Prem,1,398,0,0,Gordon,MID,15,0,18.0,1,0,1802,0.0
734,398,5,32,TS,Prem,1,398,2,2,Gordon,MID,15,2,18.0,1,2,1802,0.0011098779134295228
735,398,14,33,TS,Prem,0,398,1,0,Gordon,MID,15,0,18.0,1,0,1802,0.0
736,398,8,34,TS,Prem,1,398,1,1,Gordon,MID,15,1,18.0,1,1,1802,0.0005549389567147614
737,366,7,1,TS,Prem,1,366,3,3,B.Fernandes,MID,14,3,19.0,1,3,1802,0.001664816870144284
738,366,7,2,TS,Prem,1,366,2,2,B.Fernandes,MID,14,2,19.0,1,2,1802,0.0011098779134295228
739,366,7,3,TS,Prem,1,366,2,2,B.Fernandes,MID,14,2,19.0,1,2,1802,0.0011098779134295228
740,366,7,4,TS,Prem,1,366,5,5,B.Fernandes,MID,14,5,19.0,1,5,1802,0.002774694783573807
741,366,7,5,TS,Prem,1,366,3,3,B.Fernandes,MID,14,3,19.0,1,3,1802,0.001664816870144284
742,366,6,6,TS,Prem,1,366,-2,-2,B.Fernandes,MID,14,-2,19.0,1,0,1802,-0.0011098779134295228
743,366,5,7,TS,Prem,0,366,3,0,B.Fernandes,MID,14,3,19.0,1,3,1802,0.001664816870144284
744,366,13,8,TS,Prem,0,366,5,0,B.Fernandes,MID,14,0,19.0,1,5,1802,0.0
745,366,7,9,TS,Prem,1,366,2,2,B.Fernandes,MID,14,2,19.0,1,2,1802,0.0011098779134295228
746,366,8,10,TS,Prem,1,366,10,10,B.Fernandes,MID,14,10,19.0,1,10,1802,0.005549389567147614
747,366,8,11,TS,Prem,1,366,17,17,B.Fernandes,MID,14,17,19.0,1,17,1802,0.009433962264150943
748,366,7,12,TS,Prem,1,366,2,2,B.Fernandes,MID,14,2,19.0,1,2,1802,0.0011098779134295228
749,366,8,13,TS,Prem,1,366,9,9,B.Fernandes,MID,14,9,19.0,1,9,1802,0.004994450610432853
750,366,7,14,TS,Prem,1,366,2,2,B.Fernandes,MID,14,2,19.0,1,2,1802,0.0011098779134295228
751,366,7,15,TS,Prem,1,366,9,9,B.Fernandes,MID,14,9,19.0,1,9,1802,0.004994450610432853
752,366,7,16,TS,Prem,1,366,9,9,B.Fernandes,MID,14,9,19.0,1,9,1802,0.004994450610432853
753,366,7,17,TS,Prem,1,366,2,2,B.Fernandes,MID,14,2,19.0,1,2,1802,0.0011098779134295228
754,366,7,18,TS,Prem,1,366,-2,-2,B.Fernandes,MID,14,-2,19.0,1,0,1802,-0.0011098779134295228
755,366,15,19,TS,Prem,0,366,0,0,B.Fernandes,MID,14,0,19.0,1,0,1802,0.0
756,366,5,20,TS,Prem,1,366,7,7,B.Fernandes,MID,14,7,19.0,1,7,1802,0.00388457269700333
757,366,7,21,TS,Prem,1,366,4,4,B.Fernandes,MID,14,4,19.0,1,4,1802,0.0022197558268590455
758,366,5,22,TS,Prem,1,366,8,8,B.Fernandes,MID,14,8,19.0,1,8,1802,0.004439511653718091
759,366,7,23,TS,Prem,1,366,3,3,B.Fernandes,MID,14,3,19.0,1,3,1802,0.001664816870144284
760,366,7,24,TS,Prem,1,366,1,1,B.Fernandes,MID,14,1,19.0,1,1,1802,0.0005549389567147614
761,366,5,25,TS,Prem,1,366,2,2,B.Fernandes,MID,14,2,19.0,1,2,1802,0.0011098779134295228
762,494,8,1,TS,Prem,1,494,5,5,Maddison,MID,18,5,30.0,1,5,1802,0.002774694783573807
763,494,8,2,TS,Prem,1,494,6,6,Maddison,MID,18,6,30.0,1,6,1802,0.003329633740288568
764,494,8,3,TS,Prem,1,494,1,1,Maddison,MID,18,1,30.0,1,0,1802,0.0005549389567147614
765,494,8,4,TS,Prem,1,494,2,2,Maddison,MID,18,2,30.0,1,2,1802,0.0011098779134295228
766,494,8,5,TS,Prem,1,494,12,12,Maddison,MID,18,12,30.0,1,12,1802,0.006659267480577136
767,494,7,6,TS,Prem,1,494,3,3,Maddison,MID,18,3,30.0,1,3,1802,0.001664816870144284
768,494,7,7,TS,Prem,1,494,10,10,Maddison,MID,18,10,30.0,1,10,1802,0.005549389567147614
769,494,7,8,TS,Prem,1,494,4,4,Maddison,MID,18,4,30.0,1,4,1802,0.0022197558268590455
770,494,8,9,TS,Prem,1,494,2,2,Maddison,MID,18,2,30.0,1,2,1802,0.0011098779134295228
771,494,7,10,TS,Prem,1,494,6,6,Maddison,MID,18,6,30.0,1,6,1802,0.003329633740288568
772,494,9,11,TS,Prem,1,494,1,1,Maddison,MID,18,1,30.0,1,0,1802,0.0005549389567147614
773,136,9,1,TS,Prem,1,136,8,8,Mitoma,MID,5,8,54.0,1,8,1802,0.004439511653718091
774,136,9,2,TS,Prem,1,136,6,6,Mitoma,MID,5,6,54.0,1,6,1802,0.003329633740288568
775,136,13,3,TS,Prem,0,136,2,0,Mitoma,MID,5,0,54.0,1,2,1802,0.0
776,136,9,4,TS,Prem,1,136,3,3,Mitoma,MID,5,3,54.0,1,3,1802,0.001664816870144284
777,136,9,5,TS,Prem,1,136,5,5,Mitoma,MID,5,5,54.0,1,5,1802,0.002774694783573807
778,136,8,6,TS,Prem,1,136,2,2,Mitoma,MID,5,2,54.0,1,2,1802,0.0011098779134295228
779,136,8,7,TS,Prem,1,136,5,5,Mitoma,MID,5,5,54.0,1,5,1802,0.002774694783573807
780,136,5,26,TS,Prem,1,136,8,8,Mitoma,MID,5,8,54.0,1,8,1802,0.004439511653718091
781,136,8,27,TS,Prem,1,136,2,2,Mitoma,MID,5,2,54.0,1,2,1802,0.0011098779134295228
782,136,7,28,TS,Prem,1,136,2,2,Mitoma,MID,5,2,54.0,1,2,1802,0.0011098779134295228
783,136,7,29,TS,Prem,1,136,1,1,Mitoma,MID,5,1,54.0,1,1,1802,0.0005549389567147614
784,136,13,38,TS,Prem,0,136,4,0,Mitoma,MID,5,0,54.0,1,4,1802,0.0
785,58,10,1,TS,Prem,1,58,2,2,Watkins,FWD,2,2,7.0,1,2,1802,0.0011098779134295228
786,58,10,2,TS,Prem,1,58,2,2,Watkins,FWD,2,2,7.0,1,2,1802,0.0011098779134295228
787,58,10,3,TS,Prem,1,58,5,5,Watkins,FWD,2,5,7.0,1,5,1802,0.002774694783573807
788,58,10,4,TS,Prem,1,58,13,13,Watkins,FWD,2,13,7.0,1,13,1802,0.007214206437291898
789,58,10,5,TS,Prem,1,58,6,6,Watkins,FWD,2,6,7.0,1,6,1802,0.003329633740288568
790,58,9,6,TS,Prem,1,58,11,11,Watkins,FWD,2,11,7.0,1,11,1802,0.006104328523862375
791,58,9,7,TS,Prem,1,58,2,2,Watkins,FWD,2,2,7.0,1,2,1802,0.0011098779134295228
792,58,10,8,TS,Prem,1,58,8,8,Watkins,FWD,2,8,7.0,1,8,1802,0.004439511653718091
793,58,9,9,TS,Prem,1,58,2,2,Watkins,FWD,2,2,7.0,1,2,1802,0.0011098779134295228
794,58,10,10,TS,Prem,1,58,2,2,Watkins,FWD,2,2,7.0,1,0,1802,0.0011098779134295228
795,58,11,11,TS,Prem,1,58,2,2,Watkins,FWD,2,2,7.0,1,2,1802,0.0011098779134295228
796,58,10,12,TS,Prem,1,58,7,7,Watkins,FWD,2,7,7.0,1,7,1802,0.00388457269700333
797,58,11,13,TS,Prem,1,58,2,2,Watkins,FWD,2,2,7.0,1,2,1802,0.0011098779134295228
798,58,9,14,TS,Prem,1,58,12,12,Watkins,FWD,2,12,7.0,1,12,1802,0.006659267480577136
799,58,9,15,TS,Prem,1,58,1,1,Watkins,FWD,2,1,7.0,1,0,1802,0.0005549389567147614
800,58,11,16,TS,Prem,1,58,1,1,Watkins,FWD,2,1,7.0,1,0,1802,0.0005549389567147614
801,58,11,17,TS,Prem,1,58,1,1,Watkins,FWD,2,1,7.0,1,0,1802,0.0005549389567147614
802,58,9,18,TS,Prem,1,58,1,1,Watkins,FWD,2,1,7.0,1,0,1802,0.0005549389567147614
803,58,11,19,TS,Prem,1,58,12,12,Watkins,FWD,2,12,7.0,1,12,1802,0.006659267480577136
804,58,11,20,TS,Prem,1,58,2,2,Watkins,FWD,2,2,7.0,1,2,1802,0.0011098779134295228
805,58,10,21,TS,Prem,1,58,8,8,Watkins,FWD,2,8,7.0,1,8,1802,0.004439511653718091
806,58,9,22,TS,Prem,1,58,8,8,Watkins,FWD,2,8,7.0,1,8,1802,0.004439511653718091
807,58,9,23,TS,Prem,1,58,5,5,Watkins,FWD,2,5,7.0,1,5,1802,0.002774694783573807
808,58,10,24,TS,Prem,1,58,1,1,Watkins,FWD,2,1,7.0,1,1,1802,0.0005549389567147614
809,58,10,25,TS,Prem,1,58,15,15,Watkins,FWD,2,15,7.0,1,15,1802,0.008324084350721421
810,58,10,26,TS,Prem,1,58,2,2,Watkins,FWD,2,2,7.0,1,2,1802,0.0011098779134295228
811,58,10,27,TS,Prem,1,58,5,5,Watkins,FWD,2,5,7.0,1,5,1802,0.002774694783573807
812,58,9,28,TS,Prem,1,58,9,9,Watkins,FWD,2,9,7.0,1,9,1802,0.004994450610432853
813,58,13,29,TS,Prem,0,58,0,0,Watkins,FWD,2,0,7.0,1,0,1802,0.0
814,58,10,30,TS,Prem,1,58,0,0,Watkins,FWD,2,0,7.0,1,0,1802,0.0
815,58,10,31,TS,Prem,1,58,2,2,Watkins,FWD,2,2,7.0,1,2,1802,0.0011098779134295228
816,58,11,32,TS,Prem,1,58,7,7,Watkins,FWD,2,7,7.0,1,7,1802,0.00388457269700333
817,58,10,33,TS,Prem,1,58,12,12,Watkins,FWD,2,12,7.0,1,12,1802,0.006659267480577136
818,58,13,34,TS,Prem,0,58,0,0,Watkins,FWD,2,0,7.0,1,0,1802,0.0
819,58,9,35,TS,Prem,1,58,2,2,Watkins,FWD,2,2,7.0,1,2,1802,0.0011098779134295228
820,58,9,36,TS,Prem,1,58,9,9,Watkins,FWD,2,9,7.0,1,9,1802,0.004994450610432853
821,58,9,37,TS,Prem,1,58,5,5,Watkins,FWD,2,5,7.0,1,5,1802,0.002774694783573807
822,58,9,38,TS,Prem,1,58,2,2,Watkins,FWD,2,2,7.0,1,2,1802,0.0011098779134295228
823,251,11,1,TS,Prem,0,251,2,0,Muniz,FWD,9,2,43.0,1,2,1802,0.0011098779134295228
824,251,11,2,TS,Prem,1,251,2,2,Muniz,FWD,9,2,43.0,1,2,1802,0.0011098779134295228
825,251,11,3,TS,Prem,1,251,2,2,Muniz,FWD,9,2,43.0,1,2,1802,0.0011098779134295228
826,251,11,4,TS,Prem,1,251,1,1,Muniz,FWD,9,1,43.0,1,0,1802,0.0005549389567147614
827,251,14,32,TS,Prem,0,251,1,0,Muniz,FWD,9,0,43.0,1,0,1802,0.0
828,251,13,33,TS,Prem,1,251,0,0,Muniz,FWD,9,0,43.0,1,0,1802,0.0
829,235,12,1,TS,Prem,0,235,1,0,Pickford,GKP,8,0,78.0,1,0,1802,0.0
830,235,12,2,TS,Prem,0,235,1,0,Pickford,GKP,8,0,78.0,1,0,1802,0.0
831,235,1,3,TS,Prem,1,235,2,2,Pickford,GKP,8,2,78.0,1,0,1802,0.0011098779134295228
832,235,12,4,TS,Prem,0,235,2,0,Pickford,GKP,8,0,78.0,1,0,1802,0.0
833,235,12,5,TS,Prem,0,235,2,0,Pickford,GKP,8,0,78.0,1,0,1802,0.0
834,235,1,6,TS,Prem,1,235,2,2,Pickford,GKP,8,2,78.0,1,0,1802,0.0011098779134295228
835,235,12,7,TS,Prem,0,235,15,0,Pickford,GKP,8,0,78.0,1,15,1802,0.0
836,235,12,8,TS,Prem,0,235,6,0,Pickford,GKP,8,0,78.0,1,6,1802,0.0
837,235,1,9,TS,Prem,1,235,2,2,Pickford,GKP,8,2,78.0,1,0,1802,0.0011098779134295228
838,235,1,10,TS,Prem,1,235,2,2,Pickford,GKP,8,2,78.0,1,0,1802,0.0011098779134295228
839,235,1,11,TS,Prem,1,235,11,11,Pickford,GKP,8,11,78.0,1,11,1802,0.006104328523862375
840,235,12,12,TS,Prem,0,235,6,0,Pickford,GKP,8,0,78.0,1,6,1802,0.0
841,235,12,13,TS,Prem,0,235,0,0,Pickford,GKP,8,0,78.0,1,0,1802,0.0
842,235,1,14,TS,Prem,1,235,6,6,Pickford,GKP,8,6,78.0,1,6,1802,0.003329633740288568
843,235,12,15,TS,Prem,0,235,0,0,Pickford,GKP,8,0,78.0,1,0,1802,0.0
844,108,13,1,TS,Prem,1,108,0,0,Toney,FWD,4,0,31.0,1,0,1802,0.0
845,108,15,2,TS,Prem,0,108,0,0,Toney,FWD,4,0,31.0,1,0,1802,0.0
846,415,14,1,TS,Prem,0,415,-2,0,Schär,DEF,15,0,67.0,1,0,1802,0.0
847,415,14,2,TS,Prem,0,415,0,0,Schär,DEF,15,0,67.0,1,0,1802,0.0
848,415,15,3,TS,Prem,0,415,0,0,Schär,DEF,15,0,67.0,1,0,1802,0.0
849,415,2,4,TS,Prem,1,415,8,8,Schär,DEF,15,8,67.0,1,8,1802,0.004439511653718091
850,415,2,5,TS,Prem,1,415,1,1,Schär,DEF,15,1,67.0,1,0,1802,0.0005549389567147614
851,415,15,6,TS,Prem,0,415,1,0,Schär,DEF,15,0,67.0,1,1,1802,0.0
852,415,3,7,TS,Prem,1,415,5,5,Schär,DEF,15,5,67.0,1,5,1802,0.002774694783573807
853,415,2,8,TS,Prem,1,415,2,2,Schär,DEF,15,2,67.0,1,2,1802,0.0011098779134295228
854,415,4,9,TS,Prem,1,415,0,0,Schär,DEF,15,0,67.0,1,0,1802,0.0
855,415,15,10,TS,Prem,0,415,5,0,Schär,DEF,15,0,67.0,1,5,1802,0.0
856,415,14,11,TS,Prem,0,415,2,0,Schär,DEF,15,0,67.0,1,2,1802,0.0
857,415,14,12,TS,Prem,0,415,1,0,Schär,DEF,15,0,67.0,1,1,1802,0.0
858,415,15,13,TS,Prem,0,415,2,0,Schär,DEF,15,0,67.0,1,2,1802,0.0
859,415,4,14,TS,Prem,0,415,7,0,Schär,DEF,15,7,67.0,1,7,1802,0.00388457269700333
860,415,4,15,TS,Prem,0,415,0,0,Schär,DEF,15,0,67.0,1,0,1802,0.0
861,415,14,16,TS,Prem,0,415,6,0,Schär,DEF,15,0,67.0,1,6,1802,0.0
862,415,4,17,TS,Prem,1,415,6,6,Schär,DEF,15,6,67.0,1,6,1802,0.003329633740288568
863,415,4,18,TS,Prem,0,415,6,0,Schär,DEF,15,6,67.0,1,6,1802,0.003329633740288568
864,415,14,19,TS,Prem,0,415,5,0,Schär,DEF,15,0,67.0,1,5,1802,0.0
865,415,14,20,TS,Prem,0,415,0,0,Schär,DEF,15,0,67.0,1,0,1802,0.0
866,415,15,21,TS,Prem,1,415,0,0,Schär,DEF,15,0,67.0,1,0,1802,0.0
867,415,4,22,TS,Prem,1,415,0,0,Schär,DEF,15,0,67.0,1,0,1802,0.0
868,415,4,23,TS,Prem,1,415,2,2,Schär,DEF,15,2,67.0,1,2,1802,0.0011098779134295228
869,415,4,24,TS,Prem,1,415,1,1,Schär,DEF,15,1,67.0,1,1,1802,0.0005549389567147614
870,415,14,30,TS,Prem,0,415,1,0,Schär,DEF,15,0,67.0,1,1,1802,0.0
871,415,3,31,TS,Prem,1,415,10,10,Schär,DEF,15,10,67.0,1,10,1802,0.005549389567147614
872,415,4,32,TS,Prem,1,415,16,16,Schär,DEF,15,16,67.0,1,16,1802,0.008879023307436182
873,415,5,33,TS,Prem,0,415,5,0,Schär,DEF,15,5,67.0,1,5,1802,0.002774694783573807
874,415,2,34,TS,Prem,1,415,6,6,Schär,DEF,15,6,67.0,1,6,1802,0.003329633740288568
875,415,15,35,TS,Prem,0,415,6,0,Schär,DEF,15,0,67.0,1,6,1802,0.0
876,415,3,36,TS,Prem,0,415,5,0,Schär,DEF,15,5,67.0,1,5,1802,0.002774694783573807
877,415,15,37,TS,Prem,0,415,2,0,Schär,DEF,15,0,67.0,1,2,1802,0.0
878,415,3,38,TS,Prem,1,415,1,1,Schär,DEF,15,1,67.0,1,1,1802,0.0005549389567147614
879,160,15,1,TS,Prem,0,160,0,0,Chilwell,DEF,7,0,79.0,1,0,1802,0.0
880,24,14,25,TS,Prem,0,24,0,0,White,DEF,1,0,,0,0,1802,0.0
881,24,14,26,TS,Prem,0,24,1,0,White,DEF,1,0,,0,0,1802,0.0
882,24,4,27,TS,Prem,0,24,1,0,White,DEF,1,1,,0,1,1802,0.0005549389567147614
883,24,14,37,TS,Prem,0,24,6,0,White,DEF,1,0,,0,6,1802,0.0
884,24,4,38,TS,Prem,1,24,5,5,White,DEF,1,5,,0,5,1802,0.002774694783573807
885,129,15,11,TS,Prem,0,129,11,0,João Pedro,FWD,5,0,,0,11,1802,0.0
886,129,11,12,TS,Prem,1,129,12,12,João Pedro,FWD,5,12,,0,12,1802,0.006659267480577136
887,129,10,13,TS,Prem,1,129,2,2,João Pedro,FWD,5,2,,0,2,1802,0.0011098779134295228
888,129,11,14,TS,Prem,1,129,5,5,João Pedro,FWD,5,5,,0,5,1802,0.002774694783573807
889,129,11,15,TS,Prem,1,129,2,2,João Pedro,FWD,5,2,,0,2,1802,0.0011098779134295228
890,129,10,16,TS,Prem,1,129,2,2,João Pedro,FWD,5,2,,0,2,1802,0.0011098779134295228
891,129,10,17,TS,Prem,1,129,2,2,João Pedro,FWD,5,2,,0,2,1802,0.0011098779134295228
892,129,11,18,TS,Prem,1,129,2,2,João Pedro,FWD,5,2,,0,2,1802,0.0011098779134295228
893,129,9,19,TS,Prem,1,129,9,9,João Pedro,FWD,5,9,,0,9,1802,0.004994450610432853
894,129,9,20,TS,Prem,1,129,9,9,João Pedro,FWD,5,9,,0,9,1802,0.004994450610432853
895,129,11,21,TS,Prem,1,129,1,1,João Pedro,FWD,5,1,,0,0,1802,0.0005549389567147614
896,129,10,22,TS,Prem,1,129,2,2,João Pedro,FWD,5,2,,0,2,1802,0.0011098779134295228
897,129,11,23,TS,Prem,1,129,1,1,João Pedro,FWD,5,1,,0,0,1802,0.0005549389567147614
898,129,13,24,TS,Prem,0,129,1,0,João Pedro,FWD,5,0,,0,1,1802,0.0
899,418,5,30,TS,Prem,0,418,2,0,Trippier,DEF,15,2,,0,2,1802,0.0011098779134295228
900,418,4,31,TS,Prem,1,418,6,6,Trippier,DEF,15,6,,0,6,1802,0.003329633740288568
901,418,3,32,TS,Prem,1,418,12,12,Trippier,DEF,15,12,,0,12,1802,0.006659267480577136
902,418,3,33,TS,Prem,1,418,0,0,Trippier,DEF,15,0,,0,0,1802,0.0
903,418,4,34,TS,Prem,1,418,15,15,Trippier,DEF,15,15,,0,15,1802,0.008324084350721421
904,418,2,35,TS,Prem,1,418,2,2,Trippier,DEF,15,2,,0,2,1802,0.0011098779134295228
905,418,14,36,TS,Prem,1,418,0,0,Trippier,DEF,15,0,,0,0,1802,0.0
906,418,15,38,TS,Prem,0,418,1,0,Trippier,DEF,15,0,,0,1,1802,0.0
907,362,14,24,TS,Prem,0,362,0,0,Stones,DEF,13,0,,0,0,1802,0.0
908,362,13,25,TS,Prem,0,362,7,0,Stones,DEF,13,0,,0,7,1802,0.0
909,361,2,29,TS,Prem,1,361,1,1,Rúben,DEF,13,1,,0,1,1802,0.0005549389567147614
910,361,3,30,TS,Prem,1,361,6,6,Rúben,DEF,13,6,,0,6,1802,0.003329633740288568
911,361,15,31,TS,Prem,0,361,5,0,Rúben,DEF,13,0,,0,5,1802,0.0
912,361,15,32,TS,Prem,0,361,1,0,Rúben,DEF,13,0,,0,0,1802,0.0
913,361,2,33,TS,Prem,1,361,9,9,Rúben,DEF,13,9,,0,9,1802,0.004994450610432853
914,199,8,28,TS,Prem,1,199,3,3,Eze,MID,7,3,,0,3,1802,0.001664816870144284
915,199,15,29,TS,Prem,0,199,0,0,Eze,MID,7,0,,0,0,1802,0.0
916,199,8,30,TS,Prem,1,199,2,2,Eze,MID,7,2,,0,2,1802,0.0011098779134295228
917,199,8,31,TS,Prem,1,199,9,9,Eze,MID,7,9,,0,9,1802,0.004994450610432853
918,199,6,32,TS,Prem,1,199,6,6,Eze,MID,7,6,,0,6,1802,0.003329633740288568
919,199,8,33,TS,Prem,1,199,10,10,Eze,MID,7,10,,0,10,1802,0.005549389567147614
920,199,14,34,TS,Prem,0,199,0,0,Eze,MID,7,0,,0,0,1802,0.0
921,199,5,35,TS,Prem,1,199,10,10,Eze,MID,7,10,,0,10,1802,0.005549389567147614
922,199,7,36,TS,Prem,1,199,16,16,Eze,MID,7,16,,0,16,1802,0.008879023307436182
923,199,6,37,TS,Prem,1,199,6,6,Eze,MID,7,6,,0,6,1802,0.003329633740288568
924,199,7,38,TS,Prem,1,199,3,3,Eze,MID,7,3,,0,3,1802,0.001664816870144284
925,4,11,38,TS,Prem,1,4,1,1,Havertz,FWD,1,1,,0,0,1802,0.0005549389567147614
926,358,1,18,TS,Prem,1,358,2,2,Ortega Moreno,GKP,13,2,,0,0,1802,0.0011098779134295228
927,358,1,33,TS,Prem,1,358,8,8,Ortega Moreno,GKP,13,8,,0,8,1802,0.004439511653718091
928,358,12,34,TS,Prem,0,358,0,0,Ortega Moreno,GKP,13,0,,0,0,1802,0.0
929,409,3,12,TS,Prem,1,409,1,1,Livramento,DEF,15,1,,0,0,1802,0.0005549389567147614
930,409,14,13,TS,Prem,0,409,2,0,Livramento,DEF,15,0,,0,0,1802,0.0
931,409,2,14,TS,Prem,0,409,1,0,Livramento,DEF,15,1,,0,1,1802,0.0005549389567147614
932,409,2,15,TS,Prem,0,409,0,0,Livramento,DEF,15,0,,0,0,1802,0.0
933,409,2,16,TS,Prem,1,409,6,6,Livramento,DEF,15,6,,0,6,1802,0.003329633740288568
934,578,4,12,TS,Prem,1,578,6,6,Calafiori,DEF,1,6,,0,6,1802,0.003329633740288568
935,578,4,13,TS,Prem,1,578,0,0,Calafiori,DEF,1,0,,0,0,1802,0.0
936,578,15,14,TS,Prem,1,578,0,0,Calafiori,DEF,1,0,,0,0,1802,0.0
937,578,15,15,TS,Prem,1,578,0,0,Calafiori,DEF,1,0,,0,0,1802,0.0
938,578,15,16,TS,Prem,0,578,0,0,Calafiori,DEF,1,0,,0,0,1802,0.0
939,578,14,17,TS,Prem,0,578,4,0,Calafiori,DEF,1,0,,0,4,1802,0.0
940,578,14,18,TS,Prem,1,578,0,0,Calafiori,DEF,1,0,,0,0,1802,0.0
941,578,2,19,TS,Prem,1,578,1,1,Calafiori,DEF,1,1,,0,1,1802,0.0005549389567147614
942,578,2,20,TS,Prem,1,578,1,1,Calafiori,DEF,1,1,,0,1,1802,0.0005549389567147614
943,578,14,21,TS,Prem,0,578,0,0,Calafiori,DEF,1,0,,0,0,1802,0.0
944,578,15,22,TS,Prem,0,578,0,0,Calafiori,DEF,1,0,,0,0,1802,0.0
945,578,15,23,TS,Prem,0,578,7,0,Calafiori,DEF,1,0,,0,7,1802,0.0
946,578,15,24,TS,Prem,0,578,1,0,Calafiori,DEF,1,0,,0,1,1802,0.0
947,578,14,38,TS,Prem,1,578,0,0,Calafiori,DEF,1,0,,0,0,1802,0.0
948,345,14,27,TS,Prem,1,345,0,0,De Bruyne,MID,13,0,,0,0,1802,0.0
949,163,13,2,TS,Prem,0,163,0,0,Cucurella,DEF,6,0,,0,0,1802,0.0
950,163,3,3,TS,Prem,1,163,2,2,Cucurella,DEF,6,2,,0,2,1802,0.0011098779134295228
951,163,13,4,TS,Prem,0,163,5,0,Cucurella,DEF,6,0,,0,5,1802,0.0
952,163,14,5,TS,Prem,0,163,5,0,Cucurella,DEF,6,0,,0,5,1802,0.0
953,163,4,6,TS,Prem,1,163,0,0,Cucurella,DEF,6,0,,0,0,1802,0.0
954,163,4,7,TS,Prem,1,163,1,1,Cucurella,DEF,6,1,,0,0,1802,0.0005549389567147614
955,447,9,3,TS,Prem,1,447,9,9,Wood,FWD,16,9,,0,9,1802,0.004994450610432853
956,447,14,4,TS,Prem,0,447,2,0,Wood,FWD,16,0,,0,2,1802,0.0
957,447,13,5,TS,Prem,0,447,8,0,Wood,FWD,16,0,,0,8,1802,0.0
958,447,10,6,TS,Prem,1,447,2,2,Wood,FWD,16,2,,0,2,1802,0.0011098779134295228
959,447,10,7,TS,Prem,1,447,8,8,Wood,FWD,16,8,,0,8,1802,0.004439511653718091
960,447,9,8,TS,Prem,1,447,7,7,Wood,FWD,16,7,,0,7,1802,0.00388457269700333
961,447,10,9,TS,Prem,1,447,13,13,Wood,FWD,16,13,,0,13,1802,0.007214206437291898
962,447,9,10,TS,Prem,1,447,7,7,Wood,FWD,16,7,,0,7,1802,0.00388457269700333
963,447,10,11,TS,Prem,1,447,2,2,Wood,FWD,16,2,,0,2,1802,0.0011098779134295228
964,447,9,12,TS,Prem,0,447,1,0,Wood,FWD,16,1,,0,0,1802,0.0005549389567147614
965,447,9,13,TS,Prem,1,447,9,9,Wood,FWD,16,9,,0,9,1802,0.004994450610432853
966,447,10,14,TS,Prem,1,447,2,2,Wood,FWD,16,2,,0,2,1802,0.0011098779134295228
967,447,10,15,TS,Prem,1,447,8,8,Wood,FWD,16,8,,0,8,1802,0.004439511653718091
968,447,9,16,TS,Prem,1,447,2,2,Wood,FWD,16,2,,0,2,1802,0.0011098779134295228
969,447,9,17,TS,Prem,1,447,2,2,Wood,FWD,16,2,,0,0,1802,0.0011098779134295228
970,447,10,18,TS,Prem,1,447,2,2,Wood,FWD,16,2,,0,2,1802,0.0011098779134295228
971,447,10,19,TS,Prem,1,447,12,12,Wood,FWD,16,12,,0,12,1802,0.006659267480577136
972,447,10,20,TS,Prem,1,447,8,8,Wood,FWD,16,8,,0,8,1802,0.004439511653718091
973,447,13,21,TS,Prem,0,447,9,0,Wood,FWD,16,0,,0,9,1802,0.0
974,447,11,22,TS,Prem,1,447,12,12,Wood,FWD,16,12,,0,12,1802,0.006659267480577136
975,447,10,23,TS,Prem,1,447,2,2,Wood,FWD,16,2,,0,2,1802,0.0011098779134295228
976,447,11,24,TS,Prem,1,447,17,17,Wood,FWD,16,17,,0,17,1802,0.009433962264150943
977,447,11,25,TS,Prem,1,447,9,9,Wood,FWD,16,9,,0,9,1802,0.004994450610432853
978,447,11,26,TS,Prem,1,447,5,5,Wood,FWD,16,5,,0,5,1802,0.002774694783573807
979,447,11,27,TS,Prem,1,447,2,2,Wood,FWD,16,2,,0,2,1802,0.0011098779134295228
980,447,10,28,TS,Prem,1,447,2,2,Wood,FWD,16,2,,0,2,1802,0.0011098779134295228
981,447,11,29,TS,Prem,1,447,2,2,Wood,FWD,16,2,,0,2,1802,0.0011098779134295228
982,447,13,30,TS,Prem,1,447,0,0,Wood,FWD,16,0,,0,0,1802,0.0
983,447,14,31,TS,Prem,1,447,0,0,Wood,FWD,16,0,,0,0,1802,0.0
984,447,10,32,TS,Prem,1,447,2,2,Wood,FWD,16,2,,0,2,1802,0.0011098779134295228
985,447,11,33,TS,Prem,1,447,8,8,Wood,FWD,16,8,,0,8,1802,0.004439511653718091
986,447,11,34,TS,Prem,1,447,2,2,Wood,FWD,16,2,,0,2,1802,0.0011098779134295228
987,447,11,35,TS,Prem,1,447,2,2,Wood,FWD,16,2,,0,2,1802,0.0011098779134295228
988,447,10,36,TS,Prem,1,447,8,8,Wood,FWD,16,8,,0,8,1802,0.004439511653718091
989,447,11,37,TS,Prem,1,447,2,2,Wood,FWD,16,2,,0,2,1802,0.0011098779134295228
990,447,10,38,TS,Prem,1,447,2,2,Wood,FWD,16,2,,0,2,1802,0.0011098779134295228
991,78,9,34,TS,Prem,1,78,9,9,Semenyo,MID,3,9,,0,9,1802,0.004994450610432853
992,78,13,35,TS,Prem,0,78,4,0,Semenyo,MID,3,0,,0,4,1802,0.0
993,78,8,36,TS,Prem,1,78,2,2,Semenyo,MID,3,2,,0,2,1802,0.0011098779134295228
994,78,13,37,TS,Prem,0,78,2,0,Semenyo,MID,3,0,,0,0,1802,0.0
995,78,8,38,TS,Prem,1,78,16,16,Semenyo,MID,3,16,,0,16,1802,0.008879023307436182
996,571,9,29,TS,Prem,1,571,0,0,Savinho,MID,13,0,,0,0,1802,0.0
997,54,8,15,TS,Prem,1,54,2,2,Rogers,MID,2,2,,0,2,1802,0.0011098779134295228
998,54,13,16,TS,Prem,0,54,2,0,Rogers,MID,2,0,,0,2,1802,0.0
999,54,13,17,TS,Prem,0,54,14,0,Rogers,MID,2,0,,0,14,1802,0.0
1000,54,13,18,TS,Prem,0,54,2,0,Rogers,MID,2,0,,0,2,1802,0.0
1001,54,7,19,TS,Prem,1,54,11,11,Rogers,MID,2,11,,0,11,1802,0.006104328523862375
1002,54,15,20,TS,Prem,0,54,0,0,Rogers,MID,2,0,,0,0,1802,0.0
1003,54,8,21,TS,Prem,1,54,6,6,Rogers,MID,2,6,,0,6,1802,0.003329633740288568
1004,54,13,22,TS,Prem,0,54,1,0,Rogers,MID,2,0,,0,0,1802,0.0
1005,54,13,23,TS,Prem,0,54,1,0,Rogers,MID,2,0,,0,0,1802,0.0
1006,54,8,24,TS,Prem,1,54,1,1,Rogers,MID,2,1,,0,0,1802,0.0005549389567147614
1007,54,7,25,TS,Prem,1,54,4,4,Rogers,MID,2,4,,0,4,1802,0.0022197558268590455
1008,54,7,26,TS,Prem,1,54,2,2,Rogers,MID,2,2,,0,2,1802,0.0011098779134295228
1009,54,7,30,TS,Prem,1,54,10,10,Rogers,MID,2,10,,0,10,1802,0.005549389567147614
1010,54,7,31,TS,Prem,0,54,9,0,Rogers,MID,2,9,,0,9,1802,0.004994450610432853
1011,54,9,32,TS,Prem,1,54,6,6,Rogers,MID,2,6,,0,6,1802,0.003329633740288568
1012,54,7,33,TS,Prem,1,54,7,7,Rogers,MID,2,7,,0,7,1802,0.00388457269700333
1013,54,15,34,TS,Prem,0,54,0,0,Rogers,MID,2,0,,0,0,1802,0.0
1014,54,8,35,TS,Prem,1,54,3,3,Rogers,MID,2,3,,0,3,1802,0.001664816870144284
1015,54,6,36,TS,Prem,1,54,6,6,Rogers,MID,2,6,,0,6,1802,0.003329633740288568
1016,54,8,37,TS,Prem,1,54,6,6,Rogers,MID,2,6,,0,6,1802,0.003329633740288568
1017,54,6,38,TS,Prem,1,54,1,1,Rogers,MID,2,1,,0,0,1802,0.0005549389567147614
1018,220,11,5,TS,Prem,1,220,2,2,Calvert-Lewin,FWD,8,2,,0,0,1802,0.0011098779134295228
1019,220,11,6,TS,Prem,1,220,1,1,Calvert-Lewin,FWD,8,1,,0,1,1802,0.0005549389567147614
1020,220,11,7,TS,Prem,1,220,2,2,Calvert-Lewin,FWD,8,2,,0,2,1802,0.0011098779134295228
1021,220,11,8,TS,Prem,1,220,2,2,Calvert-Lewin,FWD,8,2,,0,2,1802,0.0011098779134295228
1022,220,11,9,TS,Prem,1,220,2,2,Calvert-Lewin,FWD,8,2,,0,2,1802,0.0011098779134295228
1023,443,1,19,TS,Prem,1,443,6,6,Sels,GKP,16,6,,0,6,1802,0.003329633740288568
1024,443,12,20,TS,Prem,0,443,9,0,Sels,GKP,16,0,,0,9,1802,0.0
1025,443,1,21,TS,Prem,0,443,3,0,Sels,GKP,16,3,,0,3,1802,0.001664816870144284
1026,443,1,22,TS,Prem,1,443,1,1,Sels,GKP,16,1,,0,1,1802,0.0005549389567147614
1027,443,1,23,TS,Prem,0,443,1,0,Sels,GKP,16,1,,0,1,1802,0.0005549389567147614
1028,443,1,24,TS,Prem,0,443,8,0,Sels,GKP,16,8,,0,8,1802,0.004439511653718091
1029,443,1,25,TS,Prem,1,443,3,3,Sels,GKP,16,3,,0,3,1802,0.001664816870144284
1030,443,12,26,TS,Prem,0,443,0,0,Sels,GKP,16,0,,0,0,1802,0.0
1031,443,12,27,TS,Prem,0,443,6,0,Sels,GKP,16,0,,0,6,1802,0.0
1032,443,1,28,TS,Prem,0,443,8,0,Sels,GKP,16,8,,0,8,1802,0.004439511653718091
1033,443,1,29,TS,Prem,1,443,1,1,Sels,GKP,16,1,,0,1,1802,0.0005549389567147614
1034,443,1,30,TS,Prem,1,443,8,8,Sels,GKP,16,8,,0,8,1802,0.004439511653718091
1035,443,12,31,TS,Prem,0,443,3,0,Sels,GKP,16,0,,0,0,1802,0.0
1036,443,12,32,TS,Prem,0,443,3,0,Sels,GKP,16,0,,0,0,1802,0.0
1037,443,12,33,TS,Prem,0,443,2,0,Sels,GKP,16,0,,0,0,1802,0.0
1038,443,1,34,TS,Prem,1,443,1,1,Sels,GKP,16,1,,0,1,1802,0.0005549389567147614
1039,443,12,35,TS,Prem,0,443,1,0,Sels,GKP,16,0,,0,1,1802,0.0
1040,443,1,36,TS,Prem,1,443,2,2,Sels,GKP,16,2,,0,2,1802,0.0011098779134295228
1041,443,1,37,TS,Prem,1,443,3,3,Sels,GKP,16,3,,0,0,1802,0.001664816870144284
1042,443,12,38,TS,Prem,0,443,2,0,Sels,GKP,16,0,,0,0,1802,0.0
1043,162,3,27,TS,Prem,1,162,14,14,Colwill,DEF,6,14,,0,14,1802,0.00776914539400666
1044,162,3,28,TS,Prem,1,162,6,6,Colwill,DEF,6,6,,0,6,1802,0.003329633740288568
1045,148,10,34,TS,Prem,1,148,2,2,Welbeck,FWD,5,2,,0,2,1802,0.0011098779134295228
1046,148,10,35,TS,Prem,1,148,1,1,Welbeck,FWD,5,1,,0,0,1802,0.0005549389567147614
1047,23,5,37,TS,Prem,1,23,3,3,Trossard,MID,1,3,,0,3,1802,0.001664816870144284
1048,23,5,38,TS,Prem,1,23,4,4,Trossard,MID,1,4,,0,4,1802,0.0022197558268590455
1049,349,8,8,TS,Prem,1,349,1,1,Grealish,MID,13,1,,0,0,1802,0.0005549389567147614
1050,172,15,8,TS,Prem,0,172,0,0,James,DEF,6,0,,0,0,1802,0.0
1051,172,15,9,TS,Prem,0,172,2,0,James,DEF,6,0,,0,2,1802,0.0
1052,172,2,10,TS,Prem,1,172,2,2,James,DEF,6,2,,0,0,1802,0.0011098779134295228
1053,172,2,11,TS,Prem,1,172,1,1,James,DEF,6,1,,0,0,1802,0.0005549389567147614
1054,172,13,20,TS,Prem,0,172,0,0,James,DEF,6,0,,0,0,1802,0.0
1055,172,4,21,TS,Prem,0,172,7,0,James,DEF,6,7,,0,7,1802,0.00388457269700333
1056,172,14,22,TS,Prem,0,172,6,0,James,DEF,6,0,,0,6,1802,0.0
1057,172,14,23,TS,Prem,0,172,1,0,James,DEF,6,0,,0,0,1802,0.0
1058,172,3,24,TS,Prem,1,172,1,1,James,DEF,6,1,,0,0,1802,0.0005549389567147614
1059,172,2,25,TS,Prem,1,172,1,1,James,DEF,6,1,,0,0,1802,0.0005549389567147614
1060,172,13,26,TS,Prem,0,172,1,0,James,DEF,6,0,,0,0,1802,0.0
1061,172,13,27,TS,Prem,1,172,0,0,James,DEF,6,0,,0,0,1802,0.0
1062,172,13,28,TS,Prem,1,172,0,0,James,DEF,6,0,,0,0,1802,0.0
1063,36,3,23,TS,Prem,1,36,2,2,Digne,DEF,2,2,,0,2,1802,0.0011098779134295228
1064,36,4,25,TS,Prem,1,36,5,5,Digne,DEF,2,5,,0,5,1802,0.002774694783573807
1065,566,11,28,TS,Prem,1,566,1,1,Strand Larsen,FWD,20,1,,0,1,1802,0.0005549389567147614
1066,566,10,29,TS,Prem,1,566,13,13,Strand Larsen,FWD,20,13,,0,13,1802,0.007214206437291898
1067,566,11,30,TS,Prem,1,566,9,9,Strand Larsen,FWD,20,9,,0,9,1802,0.004994450610432853
1068,566,11,31,TS,Prem,1,566,6,6,Strand Larsen,FWD,20,6,,0,6,1802,0.003329633740288568
1069,492,6,9,TS,Prem,0,492,1,0,Kulusevski,MID,18,1,,0,1,1802,0.0005549389567147614
1070,492,13,10,TS,Prem,0,492,5,0,Kulusevski,MID,18,0,,0,5,1802,0.0
1071,492,7,11,TS,Prem,1,492,2,2,Kulusevski,MID,18,2,,0,2,1802,0.0011098779134295228
1072,492,8,12,TS,Prem,1,492,6,6,Kulusevski,MID,18,6,,0,6,1802,0.003329633740288568
1073,492,7,13,TS,Prem,1,492,1,1,Kulusevski,MID,18,1,,0,0,1802,0.0005549389567147614
1074,492,8,14,TS,Prem,1,492,2,2,Kulusevski,MID,18,2,,0,2,1802,0.0011098779134295228
1075,492,13,15,TS,Prem,0,492,7,0,Kulusevski,MID,18,0,,0,7,1802,0.0
1076,492,6,16,TS,Prem,1,492,8,8,Kulusevski,MID,18,8,,0,8,1802,0.004439511653718091
1077,492,6,17,TS,Prem,1,492,7,7,Kulusevski,MID,18,7,,0,7,1802,0.00388457269700333
1078,492,8,18,TS,Prem,1,492,2,2,Kulusevski,MID,18,2,,0,2,1802,0.0011098779134295228
1079,492,6,19,TS,Prem,1,492,5,5,Kulusevski,MID,18,5,,0,5,1802,0.002774694783573807
1080,492,7,20,TS,Prem,1,492,2,2,Kulusevski,MID,18,2,,0,2,1802,0.0011098779134295228
1081,492,9,21,TS,Prem,1,492,2,2,Kulusevski,MID,18,2,,0,2,1802,0.0011098779134295228
1082,492,7,22,TS,Prem,1,492,9,9,Kulusevski,MID,18,9,,0,9,1802,0.004994450610432853
1083,492,8,23,TS,Prem,1,492,2,2,Kulusevski,MID,18,2,,0,2,1802,0.0011098779134295228
1084,492,9,24,TS,Prem,1,492,3,3,Kulusevski,MID,18,3,,0,3,1802,0.001664816870144284
1085,492,9,25,TS,Prem,1,492,3,3,Kulusevski,MID,18,3,,0,3,1802,0.001664816870144284
1086,492,9,26,TS,Prem,1,492,9,9,Kulusevski,MID,18,9,,0,9,1802,0.004994450610432853
1087,492,9,27,TS,Prem,1,492,1,1,Kulusevski,MID,18,1,,0,1,1802,0.0005549389567147614
1088,492,15,28,TS,Prem,0,492,0,0,Kulusevski,MID,18,0,,0,0,1802,0.0
1089,110,11,10,TS,Prem,1,110,2,2,Wissa,FWD,4,2,,0,0,1802,0.0011098779134295228
1090,168,13,36,TS,Prem,0,168,1,0,Enzo,MID,6,0,,0,1,1802,0.0
1091,168,7,37,TS,Prem,1,168,3,3,Enzo,MID,6,3,,0,3,1802,0.001664816870144284
1092,146,1,16,TS,Prem,1,146,1,1,Verbruggen,GKP,5,1,,0,1,1802,0.0005549389567147614
1093,248,1,17,TS,Prem,1,248,6,6,Leno,GKP,9,6,,0,6,1802,0.003329633740288568
1094,248,12,18,TS,Prem,0,248,4,0,Leno,GKP,9,0,,0,4,1802,0.0
1095,248,12,19,TS,Prem,0,248,3,0,Leno,GKP,9,0,,0,0,1802,0.0
1096,248,1,20,TS,Prem,1,248,1,1,Leno,GKP,9,1,,0,0,1802,0.0005549389567147614
1097,244,2,17,TS,Prem,1,244,6,6,Castagne,DEF,9,6,,0,6,1802,0.003329633740288568
1098,244,15,18,TS,Prem,0,244,5,0,Castagne,DEF,9,0,,0,5,1802,0.0
1099,244,13,19,TS,Prem,0,244,1,0,Castagne,DEF,9,0,,0,0,1802,0.0
1100,244,4,20,TS,Prem,1,244,1,1,Castagne,DEF,9,1,,0,1,1802,0.0005549389567147614
1101,152,1,26,TS,Prem,1,152,2,2,Arrizabalaga,GKP,3,2,,0,2,1802,0.0011098779134295228
1102,152,12,36,TS,Prem,0,152,2,0,Arrizabalaga,GKP,3,0,,0,0,1802,0.0
1103,402,6,31,TS,Prem,1,402,16,16,J.Murphy,MID,15,16,,0,16,1802,0.008879023307436182
1104,402,7,32,TS,Prem,1,402,19,19,J.Murphy,MID,15,19,,0,19,1802,0.010543840177580466
1105,402,6,33,TS,Prem,1,402,2,2,J.Murphy,MID,15,2,,0,2,1802,0.0011098779134295228
1106,402,7,34,TS,Prem,1,402,6,6,J.Murphy,MID,15,6,,0,6,1802,0.003329633740288568
1107,402,6,35,TS,Prem,1,402,1,1,J.Murphy,MID,15,1,,0,0,1802,0.0005549389567147614
1108,231,2,37,TS,Prem,1,231,8,8,Mykolenko,DEF,8,8,,0,8,1802,0.004439511653718091
1109,437,6,29,TS,Prem,1,437,1,1,N.Williams,DEF,16,1,,0,1,1802,0.0005549389567147614
1110,437,4,30,TS,Prem,1,437,5,5,N.Williams,DEF,16,5,,0,5,1802,0.002774694783573807
1111,437,5,31,TS,Prem,0,437,4,0,N.Williams,DEF,16,4,,0,4,1802,0.0022197558268590455
1112,437,13,32,TS,Prem,0,437,2,0,N.Williams,DEF,16,0,,0,0,1802,0.0
1113,437,4,33,TS,Prem,1,437,2,2,N.Williams,DEF,16,2,,0,2,1802,0.0011098779134295228
1114,437,3,34,TS,Prem,1,437,0,0,N.Williams,DEF,16,0,,0,0,1802,0.0
1115,437,14,35,TS,Prem,0,437,5,0,N.Williams,DEF,16,0,,0,5,1802,0.0
1116,437,4,36,TS,Prem,1,437,1,1,N.Williams,DEF,16,1,,0,0,1802,0.0005549389567147614
1117,437,4,37,TS,Prem,1,437,4,4,N.Williams,DEF,16,4,,0,4,1802,0.0022197558268590455
1118,395,2,31,TS,Prem,1,395,6,6,Burn,DEF,15,6,,0,6,1802,0.003329633740288568
1119,395,2,32,TS,Prem,1,395,7,7,Burn,DEF,15,7,,0,7,1802,0.00388457269700333
1120,393,3,21,TS,Prem,1,393,6,6,Botman,DEF,15,6,,0,6,1802,0.003329633740288568
1121,393,2,22,TS,Prem,1,393,0,0,Botman,DEF,15,0,,0,0,1802,0.0
1122,585,9,30,TS,Prem,1,585,2,2,I.Sarr,MID,7,2,,0,2,1802,0.0011098779134295228
1123,585,9,31,TS,Prem,1,585,2,2,I.Sarr,MID,7,2,,0,0,1802,0.0011098779134295228
1124,585,8,32,TS,Prem,1,585,7,7,I.Sarr,MID,7,7,,0,7,1802,0.00388457269700333
1125,585,9,33,TS,Prem,1,585,3,3,I.Sarr,MID,7,3,,0,3,1802,0.001664816870144284
1126,585,7,35,TS,Prem,1,585,2,2,I.Sarr,MID,7,2,,0,2,1802,0.0011098779134295228
1127,585,5,36,TS,Prem,1,585,6,6,I.Sarr,MID,7,6,,0,6,1802,0.003329633740288568
1128,268,10,37,TS,Prem,1,268,1,1,Delap,FWD,10,1,,0,0,1802,0.0005549389567147614
1129,232,11,36,TS,Prem,1,232,1,1,Ndiaye,FWD,8,1,,0,0,1802,0.0005549389567147614
1130,131,2,26,TS,Prem,1,131,6,6,Lamptey,DEF,5,6,,0,6,1802,0.003329633740288568
1131,581,1,27,TS,Prem,1,581,6,6,Jørgensen,GKP,6,6,,0,0,1802,0.003329633740288568
1132,581,12,28,TS,Prem,1,581,0,0,Jørgensen,GKP,6,0,,0,0,1802,0.0
1133,559,5,27,TS,Prem,0,559,4,0,N.Semedo,DEF,20,4,,0,4,1802,0.0022197558268590455
1134,559,4,28,TS,Prem,0,559,2,0,N.Semedo,DEF,20,2,,0,2,1802,0.0011098779134295228
1135,559,5,29,TS,Prem,1,559,2,2,N.Semedo,DEF,20,2,,0,2,1802,0.0011098779134295228
1136,559,6,34,TS,Prem,1,559,6,6,N.Semedo,DEF,20,6,,0,6,1802,0.003329633740288568
1137,337,5,28,TS,Prem,1,337,0,0,Tsimikas,DEF,12,0,,0,0,1802,0.0
1138,732,4,29,TS,Prem,1,732,-1,-1,Khusanov,DEF,13,-1,,0,0,1802,-0.0005549389567147614
1139,91,1,35,TS,Prem,1,91,1,1,Flekken,GKP,4,1,,0,0,1802,0.0005549389567147614
1140,495,4,29,LD,Prem,1,495,0,0,Pedro Porro,DEF,18,0,,0,0,1764,0.0
1141,335,5,22,LD,Prem,0,335,1,0,Robertson,DEF,12,1,,0,1,1764,0.0005668934240362812
1142,335,3,23,LD,Prem,1,335,2,2,Robertson,DEF,12,2,,0,2,1764,0.0011337868480725624
1143,335,3,24,LD,Prem,1,335,8,8,Robertson,DEF,12,8,,0,8,1764,0.0045351473922902496
1144,335,5,25,LD,Prem,1,335,3,3,Robertson,DEF,12,3,,0,3,1764,0.0017006802721088435
1145,335,15,26,LD,Prem,0,335,6,0,Robertson,DEF,12,0,,0,6,1764,0.0
1146,335,14,27,LD,Prem,1,335,0,0,Robertson,DEF,12,0,,0,0,1764,0.0
1147,335,3,28,LD,Prem,1,335,1,1,Robertson,DEF,12,1,,0,1,1764,0.0005668934240362812
1148,335,13,30,LD,Prem,0,335,7,0,Robertson,DEF,12,0,,0,7,1764,0.0
1149,335,4,31,LD,Prem,1,335,1,1,Robertson,DEF,12,1,,0,1,1764,0.0005668934240362812
1150,335,3,32,LD,Prem,1,335,-1,-1,Robertson,DEF,12,-1,,0,0,1764,-0.0005668934240362812
1151,335,15,33,LD,Prem,1,335,0,0,Robertson,DEF,12,0,,0,0,1764,0.0
1152,335,13,34,LD,Prem,0,335,2,0,Robertson,DEF,12,0,,0,2,1764,0.0
1153,335,15,35,LD,Prem,0,335,0,0,Robertson,DEF,12,0,,0,0,1764,0.0
1154,335,14,37,LD,Prem,0,335,0,0,Robertson,DEF,12,0,,0,0,1764,0.0
1155,16,9,33,LD,Prem,1,16,8,8,Rice,MID,1,8,,0,8,1764,0.0045351473922902496
1156,16,7,38,LD,Prem,1,16,2,2,Rice,MID,1,2,,0,2,1764,0.0011337868480725624
1157,560,8,27,LD,Prem,1,560,11,11,Neto,MID,6,11,,0,11,1764,0.006235827664399093
1158,560,8,28,LD,Prem,1,560,3,3,Neto,MID,6,3,,0,3,1764,0.0017006802721088435
1159,560,7,29,LD,Prem,1,560,1,1,Neto,MID,6,1,,0,1,1764,0.0005668934240362812
1160,560,8,30,LD,Prem,1,560,2,2,Neto,MID,6,2,,0,2,1764,0.0011337868480725624
1161,541,11,10,LD,Prem,1,541,6,6,Cunha,FWD,20,6,,0,6,1764,0.003401360544217687
1162,541,10,11,LD,Prem,1,541,12,12,Cunha,FWD,20,12,,0,12,1764,0.006802721088435374
1163,541,10,12,LD,Prem,1,541,16,16,Cunha,FWD,20,16,,0,16,1764,0.009070294784580499
1164,541,10,13,LD,Prem,1,541,2,2,Cunha,FWD,20,2,,0,2,1764,0.0011337868480725624
1165,541,11,14,LD,Prem,1,541,2,2,Cunha,FWD,20,2,,0,2,1764,0.0011337868480725624
1166,541,11,15,LD,Prem,1,541,1,1,Cunha,FWD,20,1,,0,1,1764,0.0005668934240362812
1167,541,10,16,LD,Prem,1,541,9,9,Cunha,FWD,20,9,,0,9,1764,0.00510204081632653
1168,541,10,17,LD,Prem,1,541,9,9,Cunha,FWD,20,9,,0,9,1764,0.00510204081632653
1169,541,11,18,LD,Prem,1,541,12,12,Cunha,FWD,20,12,,0,12,1764,0.006802721088435374
1170,541,10,19,LD,Prem,1,541,1,1,Cunha,FWD,20,1,,0,1,1764,0.0005668934240362812
1171,388,4,14,LD,Prem,1,388,1,1,Wan-Bissaka,DEF,19,1,,0,1,1764,0.0005668934240362812
1172,388,4,15,LD,Prem,1,388,2,2,Wan-Bissaka,DEF,19,2,,0,2,1764,0.0011337868480725624
1173,388,3,16,LD,Prem,1,388,5,5,Wan-Bissaka,DEF,19,5,,0,5,1764,0.002834467120181406
1174,388,3,17,LD,Prem,1,388,2,2,Wan-Bissaka,DEF,19,2,,0,2,1764,0.0011337868480725624
1175,388,4,18,LD,Prem,1,388,9,9,Wan-Bissaka,DEF,19,9,,0,9,1764,0.00510204081632653
1176,388,14,19,LD,Prem,0,388,0,0,Wan-Bissaka,DEF,19,0,,0,0,1764,0.0
1177,388,15,20,LD,Prem,0,388,0,0,Wan-Bissaka,DEF,19,0,,0,0,1764,0.0
1178,211,15,16,LD,Prem,0,211,1,0,Muñoz,DEF,7,0,,0,0,1764,0.0
1179,47,1,1,LD,Prem,1,47,3,3,Martinez,GKP,2,3,68.0,1,0,1764,0.0017006802721088435
1180,47,12,2,LD,Prem,0,47,1,0,Martinez,GKP,2,0,68.0,1,1,1764,0.0
1181,47,1,3,LD,Prem,1,47,2,2,Martinez,GKP,2,2,68.0,1,2,1764,0.0011337868480725624
1182,47,1,4,LD,Prem,1,47,0,0,Martinez,GKP,2,0,68.0,1,0,1764,0.0
1183,47,12,5,LD,Prem,0,47,3,0,Martinez,GKP,2,0,68.0,1,0,1764,0.0
1184,47,1,6,LD,Prem,1,47,2,2,Martinez,GKP,2,2,68.0,1,0,1764,0.0011337868480725624
1185,47,1,7,LD,Prem,1,47,9,9,Martinez,GKP,2,9,68.0,1,9,1764,0.00510204081632653
1186,47,1,8,LD,Prem,1,47,8,8,Martinez,GKP,2,8,68.0,1,8,1764,0.0045351473922902496
1187,47,1,9,LD,Prem,1,47,2,2,Martinez,GKP,2,2,68.0,1,2,1764,0.0011337868480725624
1188,47,1,10,LD,Prem,1,47,0,0,Martinez,GKP,2,0,68.0,1,0,1764,0.0
1189,47,12,11,LD,Prem,0,47,2,0,Martinez,GKP,2,0,68.0,1,0,1764,0.0
1190,47,12,12,LD,Prem,0,47,2,0,Martinez,GKP,2,0,68.0,1,0,1764,0.0
1191,47,12,13,LD,Prem,0,47,1,0,Martinez,GKP,2,0,68.0,1,0,1764,0.0
1192,47,12,14,LD,Prem,0,47,2,0,Martinez,GKP,2,0,68.0,1,2,1764,0.0
1193,47,1,15,LD,Prem,1,47,6,6,Martinez,GKP,2,6,68.0,1,6,1764,0.003401360544217687
1194,47,1,16,LD,Prem,1,47,2,2,Martinez,GKP,2,2,68.0,1,2,1764,0.0011337868480725624
1195,47,12,17,LD,Prem,0,47,2,0,Martinez,GKP,2,0,68.0,1,2,1764,0.0
1196,47,12,18,LD,Prem,0,47,2,0,Martinez,GKP,2,0,68.0,1,2,1764,0.0
1197,47,1,19,LD,Prem,1,47,2,2,Martinez,GKP,2,2,68.0,1,2,1764,0.0011337868480725624
1198,47,1,20,LD,Prem,1,47,2,2,Martinez,GKP,2,2,68.0,1,2,1764,0.0011337868480725624
1199,47,12,21,LD,Prem,0,47,6,0,Martinez,GKP,2,0,68.0,1,6,1764,0.0
1200,47,12,22,LD,Prem,0,47,2,0,Martinez,GKP,2,0,68.0,1,2,1764,0.0
1201,47,1,23,LD,Prem,1,47,2,2,Martinez,GKP,2,2,68.0,1,0,1764,0.0011337868480725624
1202,47,1,24,LD,Prem,1,47,2,2,Martinez,GKP,2,2,68.0,1,2,1764,0.0011337868480725624
1203,47,1,25,LD,Prem,1,47,4,4,Martinez,GKP,2,4,68.0,1,4,1764,0.0022675736961451248
1204,47,12,26,LD,Prem,0,47,3,0,Martinez,GKP,2,0,68.0,1,3,1764,0.0
1205,47,12,27,LD,Prem,0,47,1,0,Martinez,GKP,2,0,68.0,1,1,1764,0.0
1206,47,12,28,LD,Prem,0,47,0,0,Martinez,GKP,2,0,68.0,1,0,1764,0.0
1207,24,2,1,LD,Prem,1,24,6,6,White,DEF,1,6,29.0,1,6,1764,0.003401360544217687
1208,24,2,2,LD,Prem,1,24,6,6,White,DEF,1,6,29.0,1,6,1764,0.003401360544217687
1209,24,2,3,LD,Prem,1,24,2,2,White,DEF,1,2,29.0,1,2,1764,0.0011337868480725624
1210,24,2,4,LD,Prem,1,24,6,6,White,DEF,1,6,29.0,1,6,1764,0.003401360544217687
1211,24,14,5,LD,Prem,0,24,1,0,White,DEF,1,0,29.0,1,0,1764,0.0
1212,24,15,6,LD,Prem,1,24,0,0,White,DEF,1,0,29.0,1,0,1764,0.0
1213,24,13,7,LD,Prem,1,24,0,0,White,DEF,1,0,29.0,1,0,1764,0.0
1214,24,2,8,LD,Prem,1,24,0,0,White,DEF,1,0,29.0,1,0,1764,0.0
1215,24,14,9,LD,Prem,0,24,4,0,White,DEF,1,0,29.0,1,4,1764,0.0
1216,24,2,10,LD,Prem,1,24,1,1,White,DEF,1,1,29.0,1,1,1764,0.0005668934240362812
1217,24,3,11,LD,Prem,1,24,1,1,White,DEF,1,1,29.0,1,1,1764,0.0005668934240362812
1218,339,3,1,LD,Prem,1,339,6,6,Virgil,DEF,12,6,44.0,1,6,1764,0.003401360544217687
1219,339,3,2,LD,Prem,1,339,7,7,Virgil,DEF,12,7,44.0,1,7,1764,0.003968253968253968
1220,339,3,3,LD,Prem,1,339,5,5,Virgil,DEF,12,5,44.0,1,5,1764,0.002834467120181406
1221,339,3,4,LD,Prem,1,339,2,2,Virgil,DEF,12,2,44.0,1,2,1764,0.0011337868480725624
1222,339,2,5,LD,Prem,1,339,6,6,Virgil,DEF,12,6,44.0,1,6,1764,0.003401360544217687
1223,339,3,6,LD,Prem,1,339,2,2,Virgil,DEF,12,2,44.0,1,2,1764,0.0011337868480725624
1224,339,3,7,LD,Prem,1,339,8,8,Virgil,DEF,12,8,44.0,1,8,1764,0.0045351473922902496
1225,339,3,8,LD,Prem,1,339,2,2,Virgil,DEF,12,2,44.0,1,2,1764,0.0011337868480725624
1226,339,2,9,LD,Prem,1,339,7,7,Virgil,DEF,12,7,44.0,1,7,1764,0.003968253968253968
1227,339,3,10,LD,Prem,1,339,5,5,Virgil,DEF,12,5,44.0,1,5,1764,0.002834467120181406
1228,339,2,11,LD,Prem,1,339,6,6,Virgil,DEF,12,6,44.0,1,6,1764,0.003401360544217687
1229,339,2,12,LD,Prem,1,339,1,1,Virgil,DEF,12,1,44.0,1,1,1764,0.0005668934240362812
1230,339,2,13,LD,Prem,1,339,6,6,Virgil,DEF,12,6,44.0,1,6,1764,0.003401360544217687
1231,339,2,14,LD,Prem,1,339,1,1,Virgil,DEF,12,1,44.0,1,1,1764,0.0005668934240362812
1232,339,13,15,LD,Prem,1,339,0,0,Virgil,DEF,12,0,44.0,1,0,1764,0.0
1233,339,2,16,LD,Prem,1,339,1,1,Virgil,DEF,12,1,44.0,1,0,1764,0.0005668934240362812
1234,339,2,17,LD,Prem,1,339,1,1,Virgil,DEF,12,1,44.0,1,1,1764,0.0005668934240362812
1235,339,2,18,LD,Prem,1,339,2,2,Virgil,DEF,12,2,44.0,1,2,1764,0.0011337868480725624
1236,339,2,19,LD,Prem,1,339,6,6,Virgil,DEF,12,6,44.0,1,6,1764,0.003401360544217687
1237,339,2,20,LD,Prem,1,339,1,1,Virgil,DEF,12,1,44.0,1,1,1764,0.0005668934240362812
1238,339,2,21,LD,Prem,1,339,2,2,Virgil,DEF,12,2,44.0,1,2,1764,0.0011337868480725624
1239,339,3,22,LD,Prem,1,339,6,6,Virgil,DEF,12,6,44.0,1,6,1764,0.003401360544217687
1240,339,2,23,LD,Prem,1,339,2,2,Virgil,DEF,12,2,44.0,1,2,1764,0.0011337868480725624
1241,339,2,24,LD,Prem,1,339,6,6,Virgil,DEF,12,6,44.0,1,6,1764,0.003401360544217687
1242,339,3,25,LD,Prem,1,339,2,2,Virgil,DEF,12,2,44.0,1,2,1764,0.0011337868480725624
1243,339,2,26,LD,Prem,1,339,6,6,Virgil,DEF,12,6,44.0,1,6,1764,0.003401360544217687
1244,339,2,27,LD,Prem,1,339,7,7,Virgil,DEF,12,7,44.0,1,7,1764,0.003968253968253968
1245,339,2,28,LD,Prem,1,339,2,2,Virgil,DEF,12,2,44.0,1,2,1764,0.0011337868480725624
1246,339,15,29,LD,Prem,0,339,0,0,Virgil,DEF,12,0,44.0,1,0,1764,0.0
1247,339,4,30,LD,Prem,1,339,8,8,Virgil,DEF,12,8,44.0,1,8,1764,0.0045351473922902496
1248,339,2,31,LD,Prem,1,339,1,1,Virgil,DEF,12,1,44.0,1,1,1764,0.0005668934240362812
1249,339,4,32,LD,Prem,1,339,9,9,Virgil,DEF,12,9,44.0,1,9,1764,0.00510204081632653
1250,339,3,33,LD,Prem,1,339,7,7,Virgil,DEF,12,7,44.0,1,7,1764,0.003968253968253968
1251,339,3,34,LD,Prem,1,339,2,2,Virgil,DEF,12,2,44.0,1,2,1764,0.0011337868480725624
1252,339,3,35,LD,Prem,1,339,6,6,Virgil,DEF,12,6,44.0,1,6,1764,0.003401360544217687
1253,339,3,36,LD,Prem,1,339,1,1,Virgil,DEF,12,1,44.0,1,1,1764,0.0005668934240362812
1254,339,15,37,LD,Prem,1,339,0,0,Virgil,DEF,12,0,44.0,1,0,1764,0.0
1255,339,5,38,LD,Prem,0,339,1,0,Virgil,DEF,12,1,44.0,1,0,1764,0.0005668934240362812
1256,25,4,1,LD,Prem,0,25,6,0,Zinchenko,DEF,1,6,80.0,1,6,1764,0.003401360544217687
1257,25,13,2,LD,Prem,0,25,0,0,Zinchenko,DEF,1,0,80.0,1,0,1764,0.0
1258,17,5,1,LD,Prem,1,17,12,12,Saka,MID,1,12,5.0,1,12,1764,0.006802721088435374
1259,17,5,2,LD,Prem,1,17,6,6,Saka,MID,1,6,5.0,1,6,1764,0.003401360544217687
1260,17,5,3,LD,Prem,1,17,6,6,Saka,MID,1,6,5.0,1,6,1764,0.003401360544217687
1261,17,5,4,LD,Prem,1,17,7,7,Saka,MID,1,7,5.0,1,7,1764,0.003968253968253968
1262,17,5,5,LD,Prem,1,17,4,4,Saka,MID,1,4,5.0,1,4,1764,0.0022675736961451248
1263,17,5,6,LD,Prem,1,17,3,3,Saka,MID,1,3,5.0,1,3,1764,0.0017006802721088435
1264,17,5,7,LD,Prem,1,17,16,16,Saka,MID,1,16,5.0,1,16,1764,0.009070294784580499
1265,17,13,8,LD,Prem,1,17,0,0,Saka,MID,1,0,5.0,1,0,1764,0.0
1266,17,13,9,LD,Prem,0,17,9,0,Saka,MID,1,0,5.0,1,9,1764,0.0
1267,17,5,10,LD,Prem,1,17,2,2,Saka,MID,1,2,5.0,1,2,1764,0.0011337868480725624
1268,17,5,11,LD,Prem,1,17,2,2,Saka,MID,1,2,5.0,1,2,1764,0.0011337868480725624
1269,17,5,12,LD,Prem,1,17,13,13,Saka,MID,1,13,5.0,1,13,1764,0.007369614512471655
1270,17,5,13,LD,Prem,1,17,18,18,Saka,MID,1,18,5.0,1,18,1764,0.01020408163265306
1271,17,6,14,LD,Prem,1,17,3,3,Saka,MID,1,3,5.0,1,3,1764,0.0017006802721088435
1272,17,5,15,LD,Prem,1,17,2,2,Saka,MID,1,2,5.0,1,2,1764,0.0011337868480725624
1273,17,5,16,LD,Prem,1,17,3,3,Saka,MID,1,3,5.0,1,3,1764,0.0017006802721088435
1274,17,5,17,LD,Prem,1,17,1,1,Saka,MID,1,1,5.0,1,1,1764,0.0005668934240362812
1275,17,15,18,LD,Prem,0,17,0,0,Saka,MID,1,0,5.0,1,0,1764,0.0
1276,17,15,19,LD,Prem,0,17,0,0,Saka,MID,1,0,5.0,1,0,1764,0.0
1277,317,6,1,LD,Prem,1,317,8,8,Diogo J.,MID,12,8,17.0,1,8,1764,0.0045351473922902496
1278,317,6,2,LD,Prem,1,317,6,6,Diogo J.,MID,12,6,17.0,1,6,1764,0.003401360544217687
1279,317,6,3,LD,Prem,1,317,3,3,Diogo J.,MID,12,3,17.0,1,3,1764,0.0017006802721088435
1280,317,6,4,LD,Prem,1,317,1,1,Diogo J.,MID,12,1,17.0,1,1,1764,0.0005668934240362812
1281,317,13,5,LD,Prem,1,317,0,0,Diogo J.,MID,12,0,17.0,1,0,1764,0.0
1282,317,6,6,LD,Prem,1,317,8,8,Diogo J.,MID,12,8,17.0,1,8,1764,0.0045351473922902496
1283,317,6,7,LD,Prem,1,317,8,8,Diogo J.,MID,12,8,17.0,1,8,1764,0.0045351473922902496
1284,317,6,8,LD,Prem,1,317,1,1,Diogo J.,MID,12,1,17.0,1,1,1764,0.0005668934240362812
1285,317,15,9,LD,Prem,0,317,0,0,Diogo J.,MID,12,0,17.0,1,0,1764,0.0
1286,317,15,10,LD,Prem,0,317,0,0,Diogo J.,MID,12,0,17.0,1,0,1764,0.0
1287,317,15,11,LD,Prem,0,317,0,0,Diogo J.,MID,12,0,17.0,1,0,1764,0.0
1288,317,15,12,LD,Prem,0,317,0,0,Diogo J.,MID,12,0,17.0,1,0,1764,0.0
1289,317,15,13,LD,Prem,0,317,0,0,Diogo J.,MID,12,0,17.0,1,0,1764,0.0
1290,317,15,14,LD,Prem,0,317,0,0,Diogo J.,MID,12,0,17.0,1,0,1764,0.0
1291,317,15,15,LD,Prem,0,317,0,0,Diogo J.,MID,12,0,17.0,1,0,1764,0.0
1292,317,13,16,LD,Prem,0,317,8,0,Diogo J.,MID,12,0,17.0,1,8,1764,0.0
1293,317,8,17,LD,Prem,1,317,1,1,Diogo J.,MID,12,1,17.0,1,0,1764,0.0005668934240362812
1294,317,6,18,LD,Prem,1,317,1,1,Diogo J.,MID,12,1,17.0,1,1,1764,0.0005668934240362812
1295,317,8,19,LD,Prem,1,317,6,6,Diogo J.,MID,12,6,17.0,1,6,1764,0.003401360544217687
1296,317,5,20,LD,Prem,1,317,1,1,Diogo J.,MID,12,1,17.0,1,1,1764,0.0005668934240362812
1297,317,13,21,LD,Prem,0,317,7,0,Diogo J.,MID,12,0,17.0,1,7,1764,0.0
1298,317,13,22,LD,Prem,1,317,0,0,Diogo J.,MID,12,0,17.0,1,0,1764,0.0
1299,317,13,26,LD,Prem,1,317,0,0,Diogo J.,MID,12,0,17.0,1,0,1764,0.0
1300,317,5,27,LD,Prem,1,317,3,3,Diogo J.,MID,12,3,17.0,1,3,1764,0.0017006802721088435
1301,317,5,28,LD,Prem,1,317,1,1,Diogo J.,MID,12,1,17.0,1,1,1764,0.0005668934240362812
1302,514,7,1,LD,Prem,1,514,2,2,Bowen,MID,19,2,20.0,1,2,1764,0.0011337868480725624
1303,514,7,2,LD,Prem,1,514,8,8,Bowen,MID,19,8,20.0,1,8,1764,0.0045351473922902496
1304,514,13,3,LD,Prem,0,514,5,0,Bowen,MID,19,0,20.0,1,5,1764,0.0
1305,514,9,4,LD,Prem,0,514,5,0,Bowen,MID,19,5,20.0,1,5,1764,0.002834467120181406
1306,514,6,5,LD,Prem,0,514,2,0,Bowen,MID,19,2,20.0,1,2,1764,0.0011337868480725624
1307,514,7,6,LD,Prem,1,514,2,2,Bowen,MID,19,2,20.0,1,2,1764,0.0011337868480725624
1308,514,7,7,LD,Prem,1,514,12,12,Bowen,MID,19,12,20.0,1,12,1764,0.006802721088435374
1309,514,7,8,LD,Prem,1,514,2,2,Bowen,MID,19,2,20.0,1,2,1764,0.0011337868480725624
1310,514,7,9,LD,Prem,1,514,7,7,Bowen,MID,19,7,20.0,1,7,1764,0.003968253968253968
1311,514,6,10,LD,Prem,1,514,2,2,Bowen,MID,19,2,20.0,1,2,1764,0.0011337868480725624
1312,514,7,11,LD,Prem,1,514,3,3,Bowen,MID,19,3,20.0,1,3,1764,0.0017006802721088435
1313,514,7,12,LD,Prem,1,514,7,7,Bowen,MID,19,7,20.0,1,7,1764,0.003968253968253968
1314,514,7,13,LD,Prem,1,514,2,2,Bowen,MID,19,2,20.0,1,2,1764,0.0011337868480725624
1315,514,7,14,LD,Prem,1,514,2,2,Bowen,MID,19,2,20.0,1,2,1764,0.0011337868480725624
1316,514,6,15,LD,Prem,1,514,12,12,Bowen,MID,19,12,20.0,1,12,1764,0.006802721088435374
1317,514,7,16,LD,Prem,1,514,2,2,Bowen,MID,19,2,20.0,1,2,1764,0.0011337868480725624
1318,514,7,17,LD,Prem,1,514,6,6,Bowen,MID,19,6,20.0,1,6,1764,0.003401360544217687
1319,514,7,18,LD,Prem,1,514,8,8,Bowen,MID,19,8,20.0,1,8,1764,0.0045351473922902496
1320,514,7,19,LD,Prem,1,514,1,1,Bowen,MID,19,1,20.0,1,1,1764,0.0005668934240362812
1321,342,8,1,LD,Prem,1,342,6,6,Bernardo,MID,13,6,32.0,1,6,1764,0.003401360544217687
1322,342,8,2,LD,Prem,1,342,2,2,Bernardo,MID,13,2,32.0,1,2,1764,0.0011337868480725624
1323,342,7,3,LD,Prem,1,342,7,7,Bernardo,MID,13,7,32.0,1,7,1764,0.003968253968253968
1324,342,7,4,LD,Prem,1,342,1,1,Bernardo,MID,13,1,32.0,1,1,1764,0.0005668934240362812
1325,342,7,5,LD,Prem,1,342,1,1,Bernardo,MID,13,1,32.0,1,0,1764,0.0005668934240362812
1326,342,8,6,LD,Prem,1,342,2,2,Bernardo,MID,13,2,32.0,1,2,1764,0.0011337868480725624
1327,342,8,7,LD,Prem,1,342,6,6,Bernardo,MID,13,6,32.0,1,6,1764,0.003401360544217687
1328,342,8,8,LD,Prem,1,342,2,2,Bernardo,MID,13,2,32.0,1,2,1764,0.0011337868480725624
1329,342,8,9,LD,Prem,1,342,3,3,Bernardo,MID,13,3,32.0,1,3,1764,0.0017006802721088435
1330,342,7,10,LD,Prem,1,342,2,2,Bernardo,MID,13,2,32.0,1,2,1764,0.0011337868480725624
1331,342,8,11,LD,Prem,1,342,1,1,Bernardo,MID,13,1,32.0,1,1,1764,0.0005668934240362812
1332,342,8,36,LD,Prem,1,342,3,3,Bernardo,MID,13,3,32.0,1,3,1764,0.0017006802721088435
1333,342,8,37,LD,Prem,1,342,11,11,Bernardo,MID,13,11,32.0,1,11,1764,0.006235827664399093
1334,342,9,38,LD,Prem,1,342,3,3,Bernardo,MID,13,3,32.0,1,3,1764,0.0017006802721088435
1335,394,9,1,LD,Prem,1,394,3,3,Bruno G.,MID,15,3,,0,3,1764,0.0017006802721088435
1336,394,9,2,LD,Prem,1,394,2,2,Bruno G.,MID,15,2,,0,2,1764,0.0011337868480725624
1337,394,7,23,LD,Prem,1,394,2,2,Bruno G.,MID,15,2,,0,2,1764,0.0011337868480725624
1338,394,5,24,LD,Prem,1,394,2,2,Bruno G.,MID,15,2,,0,2,1764,0.0011337868480725624
1339,394,15,25,LD,Prem,0,394,1,0,Bruno G.,MID,15,0,,0,0,1764,0.0
1340,394,5,32,LD,Prem,1,394,10,10,Bruno G.,MID,15,10,,0,10,1764,0.005668934240362812
1341,394,7,34,LD,Prem,1,394,3,3,Bruno G.,MID,15,3,,0,3,1764,0.0017006802721088435
1342,394,7,35,LD,Prem,1,394,2,2,Bruno G.,MID,15,2,,0,2,1764,0.0011337868480725624
1343,401,10,1,LD,Prem,1,401,5,5,Isak,FWD,15,5,8.0,1,5,1764,0.002834467120181406
1344,401,10,2,LD,Prem,1,401,2,2,Isak,FWD,15,2,8.0,1,0,1764,0.0011337868480725624
1345,401,10,3,LD,Prem,1,401,9,9,Isak,FWD,15,9,8.0,1,9,1764,0.00510204081632653
1346,401,10,4,LD,Prem,1,401,1,1,Isak,FWD,15,1,8.0,1,1,1764,0.0005668934240362812
1347,401,9,5,LD,Prem,1,401,2,2,Isak,FWD,15,2,8.0,1,2,1764,0.0011337868480725624
1348,401,14,6,LD,Prem,1,401,0,0,Isak,FWD,15,0,8.0,1,0,1764,0.0
1349,401,15,7,LD,Prem,0,401,0,0,Isak,FWD,15,0,8.0,1,0,1764,0.0
1350,401,9,8,LD,Prem,0,401,2,0,Isak,FWD,15,2,8.0,1,2,1764,0.0011337868480725624
1351,401,9,9,LD,Prem,1,401,6,6,Isak,FWD,15,6,8.0,1,6,1764,0.003401360544217687
1352,401,9,10,LD,Prem,1,401,9,9,Isak,FWD,15,9,8.0,1,9,1764,0.00510204081632653
1353,401,9,11,LD,Prem,1,401,11,11,Isak,FWD,15,11,8.0,1,11,1764,0.006235827664399093
1354,401,9,12,LD,Prem,1,401,2,2,Isak,FWD,15,2,8.0,1,2,1764,0.0011337868480725624
1355,401,9,13,LD,Prem,1,401,1,1,Isak,FWD,15,1,8.0,1,1,1764,0.0005668934240362812
1356,401,10,14,LD,Prem,1,401,11,11,Isak,FWD,15,11,8.0,1,11,1764,0.006235827664399093
1357,401,9,15,LD,Prem,1,401,8,8,Isak,FWD,15,8,8.0,1,8,1764,0.0045351473922902496
1358,401,9,16,LD,Prem,1,401,11,11,Isak,FWD,15,11,8.0,1,11,1764,0.006235827664399093
1359,401,9,17,LD,Prem,1,401,17,17,Isak,FWD,15,17,8.0,1,17,1764,0.00963718820861678
1360,401,9,18,LD,Prem,1,401,8,8,Isak,FWD,15,8,8.0,1,8,1764,0.0045351473922902496
1361,401,9,19,LD,Prem,1,401,7,7,Isak,FWD,15,7,8.0,1,7,1764,0.003968253968253968
1362,401,10,20,LD,Prem,1,401,7,7,Isak,FWD,15,7,8.0,1,7,1764,0.003968253968253968
1363,401,10,21,LD,Prem,1,401,16,16,Isak,FWD,15,16,8.0,1,16,1764,0.009070294784580499
1364,401,10,22,LD,Prem,1,401,2,2,Isak,FWD,15,2,8.0,1,2,1764,0.0011337868480725624
1365,401,10,23,LD,Prem,1,401,13,13,Isak,FWD,15,13,8.0,1,13,1764,0.007369614512471655
1366,401,10,24,LD,Prem,1,401,2,2,Isak,FWD,15,2,8.0,1,2,1764,0.0011337868480725624
1367,401,9,25,LD,Prem,1,401,2,2,Isak,FWD,15,2,8.0,1,2,1764,0.0011337868480725624
1368,401,9,26,LD,Prem,1,401,13,13,Isak,FWD,15,13,8.0,1,13,1764,0.007369614512471655
1369,401,13,27,LD,Prem,1,401,0,0,Isak,FWD,15,0,8.0,1,0,1764,0.0
1370,401,9,28,LD,Prem,1,401,2,2,Isak,FWD,15,2,8.0,1,2,1764,0.0011337868480725624
1371,401,14,29,LD,Prem,0,401,0,0,Isak,FWD,15,0,8.0,1,0,1764,0.0
1372,401,10,30,LD,Prem,1,401,8,8,Isak,FWD,15,8,8.0,1,8,1764,0.0045351473922902496
1373,401,9,31,LD,Prem,1,401,2,2,Isak,FWD,15,2,8.0,1,2,1764,0.0011337868480725624
1374,401,10,32,LD,Prem,1,401,11,11,Isak,FWD,15,11,8.0,1,11,1764,0.006235827664399093
1375,401,10,33,LD,Prem,1,401,2,2,Isak,FWD,15,2,8.0,1,2,1764,0.0011337868480725624
1376,401,10,34,LD,Prem,1,401,6,6,Isak,FWD,15,6,8.0,1,6,1764,0.003401360544217687
1377,401,9,35,LD,Prem,1,401,9,9,Isak,FWD,15,9,8.0,1,9,1764,0.00510204081632653
1378,401,9,36,LD,Prem,1,401,2,2,Isak,FWD,15,2,8.0,1,2,1764,0.0011337868480725624
1379,401,13,37,LD,Prem,1,401,0,0,Isak,FWD,15,0,8.0,1,0,1764,0.0
1380,401,10,38,LD,Prem,1,401,2,2,Isak,FWD,15,2,8.0,1,2,1764,0.0011337868480725624
1381,129,11,1,LD,Prem,1,129,2,2,João Pedro,FWD,5,2,56.0,1,2,1764,0.0011337868480725624
1382,129,11,2,LD,Prem,1,129,8,8,João Pedro,FWD,5,8,56.0,1,8,1764,0.0045351473922902496
1383,129,9,3,LD,Prem,1,129,8,8,João Pedro,FWD,5,8,56.0,1,8,1764,0.0045351473922902496
1384,129,13,4,LD,Prem,1,129,0,0,João Pedro,FWD,5,0,56.0,1,0,1764,0.0
1385,129,11,26,LD,Prem,1,129,12,12,João Pedro,FWD,5,12,56.0,1,12,1764,0.006802721088435374
1386,129,11,27,LD,Prem,1,129,8,8,João Pedro,FWD,5,8,56.0,1,8,1764,0.0045351473922902496
1387,129,11,28,LD,Prem,1,129,9,9,João Pedro,FWD,5,9,56.0,1,9,1764,0.00510204081632653
1388,129,10,29,LD,Prem,1,129,1,1,João Pedro,FWD,5,1,56.0,1,1,1764,0.0005668934240362812
1389,129,11,30,LD,Prem,1,129,2,2,João Pedro,FWD,5,2,56.0,1,2,1764,0.0011337868480725624
1390,129,11,31,LD,Prem,1,129,1,1,João Pedro,FWD,5,1,56.0,1,1,1764,0.0005668934240362812
1391,129,11,32,LD,Prem,1,129,13,13,João Pedro,FWD,5,13,56.0,1,13,1764,0.007369614512471655
1392,129,11,33,LD,Prem,1,129,-1,-1,João Pedro,FWD,5,-1,56.0,1,0,1764,-0.0005668934240362812
1393,383,12,1,LD,Prem,0,383,6,0,Onana,GKP,14,0,89.0,1,6,1764,0.0
1394,383,1,2,LD,Prem,1,383,1,1,Onana,GKP,14,1,89.0,1,0,1764,0.0005668934240362812
1395,383,12,3,LD,Prem,0,383,1,0,Onana,GKP,14,0,89.0,1,0,1764,0.0
1396,383,12,4,LD,Prem,0,383,13,0,Onana,GKP,14,0,89.0,1,13,1764,0.0
1397,383,1,5,LD,Prem,1,383,9,9,Onana,GKP,14,9,89.0,1,9,1764,0.00510204081632653
1398,383,12,6,LD,Prem,0,383,3,0,Onana,GKP,14,0,89.0,1,3,1764,0.0
1399,383,12,7,LD,Prem,0,383,6,0,Onana,GKP,14,0,89.0,1,0,1764,0.0
1400,383,12,8,LD,Prem,0,383,2,0,Onana,GKP,14,0,89.0,1,0,1764,0.0
1401,383,12,9,LD,Prem,0,383,1,0,Onana,GKP,14,0,89.0,1,0,1764,0.0
1402,383,12,10,LD,Prem,0,383,2,0,Onana,GKP,14,0,89.0,1,2,1764,0.0
1403,383,1,11,LD,Prem,1,383,9,9,Onana,GKP,14,9,89.0,1,9,1764,0.00510204081632653
1404,383,1,12,LD,Prem,1,383,3,3,Onana,GKP,14,3,89.0,1,3,1764,0.0017006802721088435
1405,383,1,13,LD,Prem,1,383,6,6,Onana,GKP,14,6,89.0,1,6,1764,0.003401360544217687
1406,383,1,14,LD,Prem,1,383,2,2,Onana,GKP,14,2,89.0,1,0,1764,0.0011337868480725624
1407,383,12,15,LD,Prem,0,383,1,0,Onana,GKP,14,0,89.0,1,0,1764,0.0
1408,383,12,16,LD,Prem,0,383,2,0,Onana,GKP,14,0,89.0,1,0,1764,0.0
1409,383,1,17,LD,Prem,1,383,1,1,Onana,GKP,14,1,89.0,1,0,1764,0.0005668934240362812
1410,383,1,18,LD,Prem,1,383,1,1,Onana,GKP,14,1,89.0,1,0,1764,0.0005668934240362812
1411,383,12,19,LD,Prem,0,383,1,0,Onana,GKP,14,0,89.0,1,0,1764,0.0
1412,383,12,20,LD,Prem,0,383,2,0,Onana,GKP,14,0,89.0,1,0,1764,0.0
1413,383,1,21,LD,Prem,1,383,3,3,Onana,GKP,14,3,89.0,1,0,1764,0.0017006802721088435
1414,383,1,22,LD,Prem,1,383,1,1,Onana,GKP,14,1,89.0,1,0,1764,0.0005668934240362812
1415,383,12,23,LD,Prem,0,383,6,0,Onana,GKP,14,0,89.0,1,6,1764,0.0
1416,383,12,24,LD,Prem,0,383,1,0,Onana,GKP,14,0,89.0,1,0,1764,0.0
1417,383,12,25,LD,Prem,0,383,4,0,Onana,GKP,14,0,89.0,1,0,1764,0.0
1418,383,1,26,LD,Prem,1,383,3,3,Onana,GKP,14,3,89.0,1,0,1764,0.0017006802721088435
1419,383,1,27,LD,Prem,1,383,1,1,Onana,GKP,14,1,89.0,1,0,1764,0.0005668934240362812
1420,418,13,1,LD,Prem,1,418,0,0,Trippier,DEF,15,0,53.0,1,0,1764,0.0
1421,418,4,2,LD,Prem,1,418,1,1,Trippier,DEF,15,1,53.0,1,1,1764,0.0005668934240362812
1422,418,14,3,LD,Prem,0,418,0,0,Trippier,DEF,15,0,53.0,1,0,1764,0.0
1423,362,14,1,LD,Prem,0,362,0,0,Stones,DEF,13,0,65.0,1,0,1764,0.0
1424,362,14,2,LD,Prem,0,362,1,0,Stones,DEF,13,0,65.0,1,0,1764,0.0
1425,362,15,3,LD,Prem,0,362,0,0,Stones,DEF,13,0,65.0,1,0,1764,0.0
1426,362,14,4,LD,Prem,0,362,1,0,Stones,DEF,13,0,65.0,1,0,1764,0.0
1427,362,15,5,LD,Prem,0,362,7,0,Stones,DEF,13,0,65.0,1,7,1764,0.0
1428,362,13,6,LD,Prem,0,362,0,0,Stones,DEF,13,0,65.0,1,0,1764,0.0
1429,362,2,7,LD,Prem,0,362,1,0,Stones,DEF,13,1,65.0,1,1,1764,0.0005668934240362812
1430,362,15,8,LD,Prem,0,362,9,0,Stones,DEF,13,0,65.0,1,9,1764,0.0
1431,362,4,9,LD,Prem,1,362,1,1,Stones,DEF,13,1,65.0,1,1,1764,0.0005668934240362812
1432,362,13,10,LD,Prem,1,362,0,0,Stones,DEF,13,0,65.0,1,0,1764,0.0
1433,362,13,11,LD,Prem,0,362,0,0,Stones,DEF,13,0,65.0,1,0,1764,0.0
1434,362,13,12,LD,Prem,0,362,0,0,Stones,DEF,13,0,65.0,1,0,1764,0.0
1435,362,13,13,LD,Prem,0,362,0,0,Stones,DEF,13,0,65.0,1,0,1764,0.0
1436,180,15,1,LD,Prem,0,180,2,0,N.Jackson,FWD,6,0,41.0,1,0,1764,0.0
1437,180,15,2,LD,Prem,0,180,10,0,N.Jackson,FWD,6,0,41.0,1,10,1764,0.0
1438,180,11,3,LD,Prem,1,180,6,6,N.Jackson,FWD,6,6,41.0,1,6,1764,0.003401360544217687
1439,180,11,4,LD,Prem,1,180,1,1,N.Jackson,FWD,6,1,41.0,1,0,1764,0.0005668934240362812
1440,180,10,5,LD,Prem,1,180,16,16,N.Jackson,FWD,6,16,41.0,1,16,1764,0.009070294784580499
1441,180,11,6,LD,Prem,1,180,5,5,N.Jackson,FWD,6,5,41.0,1,5,1764,0.002834467120181406
1442,180,10,7,LD,Prem,1,180,2,2,N.Jackson,FWD,6,2,41.0,1,2,1764,0.0011337868480725624
1443,180,10,8,LD,Prem,1,180,6,6,N.Jackson,FWD,6,6,41.0,1,6,1764,0.003401360544217687
1444,180,11,9,LD,Prem,1,180,9,9,N.Jackson,FWD,6,9,41.0,1,9,1764,0.00510204081632653
1445,180,10,10,LD,Prem,1,180,1,1,N.Jackson,FWD,6,1,41.0,1,1,1764,0.0005668934240362812
1446,180,11,11,LD,Prem,1,180,2,2,N.Jackson,FWD,6,2,41.0,1,2,1764,0.0011337868480725624
1447,180,11,12,LD,Prem,1,180,12,12,N.Jackson,FWD,6,12,41.0,1,12,1764,0.006802721088435374
1448,180,11,13,LD,Prem,1,180,6,6,N.Jackson,FWD,6,6,41.0,1,6,1764,0.003401360544217687
1449,180,13,14,LD,Prem,1,180,0,0,N.Jackson,FWD,6,0,41.0,1,0,1764,0.0
1450,180,10,15,LD,Prem,1,180,2,2,N.Jackson,FWD,6,2,41.0,1,2,1764,0.0011337868480725624
1451,180,11,16,LD,Prem,1,180,9,9,N.Jackson,FWD,6,9,41.0,1,9,1764,0.00510204081632653
1452,180,11,17,LD,Prem,1,180,2,2,N.Jackson,FWD,6,2,41.0,1,2,1764,0.0011337868480725624
1453,180,10,18,LD,Prem,1,180,2,2,N.Jackson,FWD,6,2,41.0,1,2,1764,0.0011337868480725624
1454,180,11,19,LD,Prem,1,180,1,1,N.Jackson,FWD,6,1,41.0,1,1,1764,0.0005668934240362812
1455,180,11,20,LD,Prem,1,180,2,2,N.Jackson,FWD,6,2,41.0,1,2,1764,0.0011337868480725624
1456,180,11,21,LD,Prem,1,180,4,4,N.Jackson,FWD,6,4,41.0,1,4,1764,0.0022675736961451248
1457,180,11,22,LD,Prem,1,180,2,2,N.Jackson,FWD,6,2,41.0,1,2,1764,0.0011337868480725624
1458,180,11,23,LD,Prem,1,180,5,5,N.Jackson,FWD,6,5,41.0,1,5,1764,0.002834467120181406
1459,180,11,24,LD,Prem,1,180,1,1,N.Jackson,FWD,6,1,41.0,1,0,1764,0.0005668934240362812
1460,171,4,27,LD,Prem,1,171,6,6,Gusto,DEF,6,6,,0,6,1764,0.003401360544217687
1461,171,13,28,LD,Prem,1,171,0,0,Gusto,DEF,6,0,,0,0,1764,0.0
1462,13,8,33,LD,Prem,1,13,11,11,Ødegaard,MID,1,11,,0,11,1764,0.006235827664399093
1463,13,15,34,LD,Prem,0,13,0,0,Ødegaard,MID,1,0,,0,0,1764,0.0
1464,13,8,35,LD,Prem,1,13,8,8,Ødegaard,MID,1,8,,0,8,1764,0.0045351473922902496
1465,13,5,36,LD,Prem,0,13,5,0,Ødegaard,MID,1,5,,0,5,1764,0.002834467120181406
1466,13,7,37,LD,Prem,1,13,6,6,Ødegaard,MID,1,6,,0,6,1764,0.003401360544217687
1467,13,8,38,LD,Prem,1,13,7,7,Ødegaard,MID,1,7,,0,7,1764,0.003968253968253968
1468,316,9,24,LD,Prem,1,316,2,2,Darwin,FWD,12,2,,0,2,1764,0.0011337868480725624
1469,316,11,25,LD,Prem,1,316,2,2,Darwin,FWD,12,2,,0,2,1764,0.0011337868480725624
1470,122,14,17,LD,Prem,0,122,1,0,Estupiñan,DEF,5,0,,0,0,1764,0.0
1471,122,14,18,LD,Prem,0,122,6,0,Estupiñan,DEF,5,0,,0,6,1764,0.0
1472,122,13,19,LD,Prem,0,122,0,0,Estupiñan,DEF,5,0,,0,0,1764,0.0
1473,375,9,21,LD,Prem,1,375,1,1,Højlund,FWD,14,1,,0,0,1764,0.0005668934240362812
1474,375,9,22,LD,Prem,0,375,1,0,Højlund,FWD,14,1,,0,1,1764,0.0005668934240362812
1475,375,15,23,LD,Prem,0,375,1,0,Højlund,FWD,14,0,,0,1,1764,0.0
1476,346,9,30,LD,Prem,1,346,3,3,Doku,MID,13,3,,0,3,1764,0.0017006802721088435
1477,346,8,31,LD,Prem,1,346,1,1,Doku,MID,13,1,,0,1,1764,0.0005668934240362812
1478,346,7,36,LD,Prem,1,346,1,1,Doku,MID,13,1,,0,0,1764,0.0005668934240362812
1479,346,6,37,LD,Prem,1,346,1,1,Doku,MID,13,1,,0,1,1764,0.0005668934240362812
1480,336,14,26,LD,Prem,0,336,13,0,Szoboszlai,MID,12,0,,0,13,1764,0.0
1481,336,6,27,LD,Prem,1,336,11,11,Szoboszlai,MID,12,11,,0,11,1764,0.006235827664399093
1482,336,6,28,LD,Prem,1,336,1,1,Szoboszlai,MID,12,1,,0,0,1764,0.0005668934240362812
1483,336,6,31,LD,Prem,1,336,1,1,Szoboszlai,MID,12,1,,0,1,1764,0.0005668934240362812
1484,498,4,3,LD,Prem,1,498,1,1,Romero,DEF,18,1,,0,1,1764,0.0005668934240362812
1485,498,15,4,LD,Prem,0,498,2,0,Romero,DEF,18,0,,0,2,1764,0.0
1486,498,4,5,LD,Prem,1,498,2,2,Romero,DEF,18,2,,0,2,1764,0.0011337868480725624
1487,498,4,6,LD,Prem,1,498,6,6,Romero,DEF,18,6,,0,6,1764,0.003401360544217687
1488,498,4,7,LD,Prem,1,498,1,1,Romero,DEF,18,1,,0,1,1764,0.0005668934240362812
1489,498,5,8,LD,Prem,1,498,2,2,Romero,DEF,18,2,,0,2,1764,0.0011337868480725624
1490,498,3,9,LD,Prem,1,498,2,2,Romero,DEF,18,2,,0,2,1764,0.0011337868480725624
1491,498,14,10,LD,Prem,0,498,1,0,Romero,DEF,18,0,,0,1,1764,0.0
1492,498,14,11,LD,Prem,0,498,1,0,Romero,DEF,18,0,,0,1,1764,0.0
1493,498,14,12,LD,Prem,0,498,0,0,Romero,DEF,18,0,,0,0,1764,0.0
1494,498,14,13,LD,Prem,0,498,0,0,Romero,DEF,18,0,,0,0,1764,0.0
1495,498,14,14,LD,Prem,0,498,0,0,Romero,DEF,18,0,,0,0,1764,0.0
1496,498,14,15,LD,Prem,0,498,1,0,Romero,DEF,18,0,,0,1,1764,0.0
1497,177,8,3,LD,Prem,1,177,2,2,Madueke,MID,6,2,,0,0,1764,0.0011337868480725624
1498,177,8,4,LD,Prem,1,177,3,3,Madueke,MID,6,3,,0,3,1764,0.0017006802721088435
1499,177,8,5,LD,Prem,1,177,3,3,Madueke,MID,6,3,,0,3,1764,0.0017006802721088435
1500,177,9,6,LD,Prem,1,177,5,5,Madueke,MID,6,5,,0,5,1764,0.002834467120181406
1501,177,9,7,LD,Prem,1,177,10,10,Madueke,MID,6,10,,0,10,1764,0.005668934240362812
1502,177,14,8,LD,Prem,0,177,2,0,Madueke,MID,6,0,,0,2,1764,0.0
1503,177,6,9,LD,Prem,1,177,1,1,Madueke,MID,6,1,,0,0,1764,0.0005668934240362812
1504,177,8,10,LD,Prem,1,177,2,2,Madueke,MID,6,2,,0,2,1764,0.0011337868480725624
1505,177,6,11,LD,Prem,1,177,1,1,Madueke,MID,6,1,,0,0,1764,0.0005668934240362812
1506,177,6,12,LD,Prem,1,177,3,3,Madueke,MID,6,3,,0,3,1764,0.0017006802721088435
1507,177,6,13,LD,Prem,1,177,3,3,Madueke,MID,6,3,,0,3,1764,0.0017006802721088435
1508,177,9,14,LD,Prem,1,177,13,13,Madueke,MID,6,13,,0,13,1764,0.007369614512471655
1509,177,8,15,LD,Prem,1,177,1,1,Madueke,MID,6,1,,0,1,1764,0.0005668934240362812
1510,177,6,16,LD,Prem,1,177,6,6,Madueke,MID,6,6,,0,6,1764,0.003401360544217687
1511,177,6,17,LD,Prem,1,177,1,1,Madueke,MID,6,1,,0,0,1764,0.0005668934240362812
1512,177,13,18,LD,Prem,1,177,0,0,Madueke,MID,6,0,,0,0,1764,0.0
1513,177,6,19,LD,Prem,1,177,2,2,Madueke,MID,6,2,,0,2,1764,0.0011337868480725624
1514,177,7,20,LD,Prem,1,177,1,1,Madueke,MID,6,1,,0,0,1764,0.0005668934240362812
1515,506,4,8,LD,Prem,1,506,1,1,Van de Ven,DEF,18,1,,0,0,1764,0.0005668934240362812
1516,506,5,9,LD,Prem,1,506,1,1,Van de Ven,DEF,18,1,,0,0,1764,0.0005668934240362812
1517,571,6,21,LD,Prem,1,571,5,5,Savinho,MID,13,5,,0,5,1764,0.002834467120181406
1518,571,14,22,LD,Prem,1,571,0,0,Savinho,MID,13,0,,0,0,1764,0.0
1519,571,13,23,LD,Prem,1,571,0,0,Savinho,MID,13,0,,0,0,1764,0.0
1520,571,13,31,LD,Prem,1,571,0,0,Savinho,MID,13,0,,0,0,1764,0.0
1521,571,13,32,LD,Prem,0,571,1,0,Savinho,MID,13,0,,0,1,1764,0.0
1522,571,5,33,LD,Prem,1,571,3,3,Savinho,MID,13,3,,0,3,1764,0.0017006802721088435
1523,571,14,34,LD,Prem,0,571,0,0,Savinho,MID,13,0,,0,0,1764,0.0
1524,594,4,4,LD,Prem,1,594,6,6,Mazraoui,DEF,14,6,,0,6,1764,0.003401360544217687
1525,594,3,5,LD,Prem,1,594,6,6,Mazraoui,DEF,14,6,,0,6,1764,0.003401360544217687
1526,594,2,6,LD,Prem,0,594,0,0,Mazraoui,DEF,14,0,,0,0,1764,0.0
1527,594,14,7,LD,Prem,0,594,1,0,Mazraoui,DEF,14,0,,0,0,1764,0.0
1528,594,3,12,LD,Prem,1,594,2,2,Mazraoui,DEF,14,2,,0,2,1764,0.0011337868480725624
1529,594,4,21,LD,Prem,1,594,2,2,Mazraoui,DEF,14,2,,0,2,1764,0.0011337868480725624
1530,355,14,33,LD,Prem,1,355,0,0,Lewis,DEF,13,0,,0,0,1764,0.0
1531,306,11,5,LD,Prem,1,306,2,2,Vardy,FWD,11,2,,0,2,1764,0.0011337868480725624
1532,306,10,6,LD,Prem,0,306,1,0,Vardy,FWD,11,1,,0,1,1764,0.0005668934240362812
1533,306,11,7,LD,Prem,1,306,2,2,Vardy,FWD,11,2,,0,2,1764,0.0011337868480725624
1534,306,11,8,LD,Prem,1,306,6,6,Vardy,FWD,11,6,,0,6,1764,0.003401360544217687
1535,306,10,9,LD,Prem,1,306,8,8,Vardy,FWD,11,8,,0,8,1764,0.0045351473922902496
1536,306,11,34,LD,Prem,1,306,0,0,Vardy,FWD,11,0,,0,0,1764,0.0
1537,306,11,35,LD,Prem,1,306,9,9,Vardy,FWD,11,9,,0,9,1764,0.00510204081632653
1538,306,11,36,LD,Prem,1,306,5,5,Vardy,FWD,11,5,,0,5,1764,0.002834467120181406
1539,306,11,37,LD,Prem,1,306,8,8,Vardy,FWD,11,8,,0,8,1764,0.0045351473922902496
1540,148,13,38,LD,Prem,1,148,0,0,Welbeck,FWD,5,0,,0,0,1764,0.0
1541,23,8,13,LD,Prem,1,23,12,12,Trossard,MID,1,12,,0,12,1764,0.006802721088435374
1542,23,8,14,LD,Prem,1,23,1,1,Trossard,MID,1,1,,0,1,1764,0.0005668934240362812
1543,23,7,15,LD,Prem,1,23,1,1,Trossard,MID,1,1,,0,1,1764,0.0005668934240362812
1544,23,8,16,LD,Prem,1,23,1,1,Trossard,MID,1,1,,0,0,1764,0.0005668934240362812
1545,23,13,17,LD,Prem,0,23,3,0,Trossard,MID,1,0,,0,3,1764,0.0
1546,23,8,18,LD,Prem,1,23,6,6,Trossard,MID,1,6,,0,6,1764,0.003401360544217687
1547,23,5,19,LD,Prem,1,23,1,1,Trossard,MID,1,1,,0,1,1764,0.0005668934240362812
1548,23,6,20,LD,Prem,1,23,2,2,Trossard,MID,1,2,,0,2,1764,0.0011337868480725624
1549,23,8,21,LD,Prem,1,23,9,9,Trossard,MID,1,9,,0,9,1764,0.00510204081632653
1550,23,8,22,LD,Prem,1,23,10,10,Trossard,MID,1,10,,0,10,1764,0.005668934240362812
1551,23,9,23,LD,Prem,1,23,3,3,Trossard,MID,1,3,,0,3,1764,0.0017006802721088435
1552,23,8,24,LD,Prem,1,23,2,2,Trossard,MID,1,2,,0,2,1764,0.0011337868480725624
1553,23,8,25,LD,Prem,1,23,6,6,Trossard,MID,1,6,,0,6,1764,0.003401360544217687
1554,23,7,26,LD,Prem,1,23,2,2,Trossard,MID,1,2,,0,2,1764,0.0011337868480725624
1555,392,8,12,LD,Prem,1,392,1,1,Barnes,MID,15,1,,0,1,1764,0.0005668934240362812
1556,172,14,32,LD,Prem,0,172,0,0,James,DEF,6,0,,0,0,1764,0.0
1557,200,3,21,LD,Prem,1,200,15,15,Guéhi,DEF,7,15,,0,15,1764,0.008503401360544218
1558,200,2,22,LD,Prem,1,200,8,8,Guéhi,DEF,7,8,,0,8,1764,0.0045351473922902496
1559,200,14,23,LD,Prem,0,200,1,0,Guéhi,DEF,7,0,,0,0,1764,0.0
1560,200,4,24,LD,Prem,1,200,6,6,Guéhi,DEF,7,6,,0,6,1764,0.003401360544217687
1561,200,2,25,LD,Prem,1,200,4,4,Guéhi,DEF,7,4,,0,4,1764,0.0022675736961451248
1562,200,5,26,LD,Prem,0,200,5,0,Guéhi,DEF,7,5,,0,5,1764,0.002834467120181406
1563,200,3,27,LD,Prem,0,200,2,0,Guéhi,DEF,7,2,,0,2,1764,0.0011337868480725624
1564,200,4,28,LD,Prem,0,200,5,0,Guéhi,DEF,7,5,,0,5,1764,0.002834467120181406
1565,200,13,29,LD,Prem,0,200,0,0,Guéhi,DEF,7,0,,0,0,1764,0.0
1566,200,5,30,LD,Prem,1,200,2,2,Guéhi,DEF,7,2,,0,2,1764,0.0011337868480725624
1567,200,5,31,LD,Prem,0,200,-1,0,Guéhi,DEF,7,-1,,0,0,1764,-0.0005668934240362812
1568,491,9,27,LD,Prem,0,491,2,0,Johnson,MID,18,2,,0,2,1764,0.0011337868480725624
1569,491,7,28,LD,Prem,1,491,1,1,Johnson,MID,18,1,,0,0,1764,0.0005668934240362812
1570,491,8,29,LD,Prem,1,491,1,1,Johnson,MID,18,1,,0,1,1764,0.0005668934240362812
1571,491,13,35,LD,Prem,0,491,0,0,Johnson,MID,18,0,,0,0,1764,0.0
1572,566,9,20,LD,Prem,1,566,2,2,Strand Larsen,FWD,20,2,,0,2,1764,0.0011337868480725624
1573,533,4,10,LD,Prem,0,533,1,0,Aït-Nouri,DEF,20,1,,0,0,1764,0.0005668934240362812
1574,533,4,11,LD,Prem,1,533,6,6,Aït-Nouri,DEF,20,6,,0,6,1764,0.003401360544217687
1575,533,4,12,LD,Prem,1,533,2,2,Aït-Nouri,DEF,20,2,,0,2,1764,0.0011337868480725624
1576,533,4,13,LD,Prem,1,533,0,0,Aït-Nouri,DEF,20,0,,0,0,1764,0.0
1577,533,3,14,LD,Prem,1,533,0,0,Aït-Nouri,DEF,20,0,,0,0,1764,0.0
1578,436,3,13,LD,Prem,1,436,7,7,Murillo,DEF,16,7,,0,7,1764,0.003968253968253968
1579,436,5,14,LD,Prem,0,436,0,0,Murillo,DEF,16,0,,0,0,1764,0.0
1580,436,2,15,LD,Prem,0,436,1,0,Murillo,DEF,16,1,,0,0,1764,0.0005668934240362812
1581,436,14,16,LD,Prem,0,436,2,0,Murillo,DEF,16,0,,0,2,1764,0.0
1582,436,2,29,LD,Prem,1,436,1,1,Murillo,DEF,16,1,,0,1,1764,0.0005668934240362812
1583,436,2,30,LD,Prem,1,436,9,9,Murillo,DEF,16,9,,0,9,1764,0.00510204081632653
1584,436,3,31,LD,Prem,1,436,1,1,Murillo,DEF,16,1,,0,1,1764,0.0005668934240362812
1585,436,2,32,LD,Prem,1,436,2,2,Murillo,DEF,16,2,,0,2,1764,0.0011337868480725624
1586,436,2,33,LD,Prem,0,436,2,0,Murillo,DEF,16,2,,0,2,1764,0.0011337868480725624
1587,436,2,34,LD,Prem,1,436,1,1,Murillo,DEF,16,1,,0,1,1764,0.0005668934240362812
1588,436,4,35,LD,Prem,1,436,10,10,Murillo,DEF,16,10,,0,10,1764,0.005668934240362812
1589,436,13,36,LD,Prem,1,436,0,0,Murillo,DEF,16,0,,0,0,1764,0.0
1590,247,13,24,LD,Prem,0,247,2,0,Iwobi,MID,9,0,,0,2,1764,0.0
1591,247,14,25,LD,Prem,0,247,2,0,Iwobi,MID,9,0,,0,2,1764,0.0
1592,247,8,26,LD,Prem,1,247,2,2,Iwobi,MID,9,2,,0,2,1764,0.0011337868480725624
1593,247,9,29,LD,Prem,1,247,3,3,Iwobi,MID,9,3,,0,3,1764,0.0017006802721088435
1594,247,15,30,LD,Prem,0,247,1,0,Iwobi,MID,9,0,,0,1,1764,0.0
1595,247,8,34,LD,Prem,1,247,5,5,Iwobi,MID,9,5,,0,5,1764,0.002834467120181406
1596,247,6,35,LD,Prem,1,247,2,2,Iwobi,MID,9,2,,0,2,1764,0.0011337868480725624
1597,247,6,36,LD,Prem,1,247,2,2,Iwobi,MID,9,2,,0,2,1764,0.0011337868480725624
1598,247,5,37,LD,Prem,1,247,2,2,Iwobi,MID,9,2,,0,2,1764,0.0011337868480725624
1599,247,15,38,LD,Prem,0,247,1,0,Iwobi,MID,9,0,,0,0,1764,0.0
1600,168,14,31,LD,Prem,0,168,2,0,Enzo,MID,6,0,,0,2,1764,0.0
1601,70,3,15,LD,Prem,1,70,2,2,Kerkez,DEF,3,2,,0,2,1764,0.0011337868480725624
1602,70,4,16,LD,Prem,1,70,2,2,Kerkez,DEF,3,2,,0,2,1764,0.0011337868480725624
1603,70,15,17,LD,Prem,0,70,6,0,Kerkez,DEF,3,0,,0,6,1764,0.0
1604,70,3,18,LD,Prem,1,70,6,6,Kerkez,DEF,3,6,,0,6,1764,0.003401360544217687
1605,70,4,19,LD,Prem,1,70,1,1,Kerkez,DEF,3,1,,0,1,1764,0.0005668934240362812
1606,70,4,20,LD,Prem,1,70,12,12,Kerkez,DEF,3,12,,0,12,1764,0.006802721088435374
1607,70,14,21,LD,Prem,0,70,1,0,Kerkez,DEF,3,0,,0,0,1764,0.0
1608,70,15,22,LD,Prem,0,70,7,0,Kerkez,DEF,3,0,,0,7,1764,0.0
1609,70,5,23,LD,Prem,0,70,6,0,Kerkez,DEF,3,6,,0,6,1764,0.003401360544217687
1610,70,15,24,LD,Prem,0,70,1,0,Kerkez,DEF,3,0,,0,0,1764,0.0
1611,70,4,25,LD,Prem,1,70,2,2,Kerkez,DEF,3,2,,0,2,1764,0.0011337868480725624
1612,70,3,26,LD,Prem,1,70,1,1,Kerkez,DEF,3,1,,0,0,1764,0.0005668934240362812
1613,70,15,27,LD,Prem,0,70,4,0,Kerkez,DEF,3,0,,0,4,1764,0.0
1614,70,15,28,LD,Prem,0,70,4,0,Kerkez,DEF,3,0,,0,4,1764,0.0
1615,70,3,29,LD,Prem,1,70,4,4,Kerkez,DEF,3,4,,0,4,1764,0.0022675736961451248
1616,70,3,30,LD,Prem,1,70,1,1,Kerkez,DEF,3,1,,0,0,1764,0.0005668934240362812
1617,70,15,31,LD,Prem,0,70,1,0,Kerkez,DEF,3,0,,0,0,1764,0.0
1618,70,15,32,LD,Prem,0,70,6,0,Kerkez,DEF,3,0,,0,6,1764,0.0
1619,70,4,33,LD,Prem,0,70,8,0,Kerkez,DEF,3,8,,0,8,1764,0.0045351473922902496
1620,70,4,34,LD,Prem,1,70,2,2,Kerkez,DEF,3,2,,0,2,1764,0.0011337868480725624
1621,70,5,35,LD,Prem,0,70,2,0,Kerkez,DEF,3,2,,0,2,1764,0.0011337868480725624
1622,70,15,36,LD,Prem,0,70,2,0,Kerkez,DEF,3,0,,0,2,1764,0.0
1623,70,3,37,LD,Prem,0,70,1,0,Kerkez,DEF,3,1,,0,1,1764,0.0005668934240362812
1624,70,3,38,LD,Prem,1,70,6,6,Kerkez,DEF,3,6,,0,6,1764,0.003401360544217687
1625,248,1,34,LD,Prem,1,248,2,2,Leno,GKP,9,2,,0,0,1764,0.0011337868480725624
1626,248,12,35,LD,Prem,0,248,2,0,Leno,GKP,9,0,,0,0,1764,0.0
1627,248,1,36,LD,Prem,1,248,2,2,Leno,GKP,9,2,,0,0,1764,0.0011337868480725624
1628,248,12,37,LD,Prem,0,248,6,0,Leno,GKP,9,0,,0,6,1764,0.0
1629,248,12,38,LD,Prem,0,248,2,0,Leno,GKP,9,0,,0,0,1764,0.0
1630,255,4,17,LD,Prem,1,255,6,6,Robinson,DEF,9,6,,0,6,1764,0.003401360544217687
1631,255,5,18,LD,Prem,0,255,1,0,Robinson,DEF,9,1,,0,0,1764,0.0005668934240362812
1632,255,3,19,LD,Prem,1,255,4,4,Robinson,DEF,9,4,,0,4,1764,0.0022675736961451248
1633,255,3,20,LD,Prem,1,255,1,1,Robinson,DEF,9,1,,0,0,1764,0.0005668934240362812
1634,364,14,20,LD,Prem,0,364,9,0,Amad,MID,14,0,,0,9,1764,0.0
1635,364,7,21,LD,Prem,1,364,20,20,Amad,MID,14,20,,0,20,1764,0.011337868480725623
1636,364,7,22,LD,Prem,1,364,2,2,Amad,MID,14,2,,0,2,1764,0.0011337868480725624
1637,364,8,23,LD,Prem,1,364,3,3,Amad,MID,14,3,,0,3,1764,0.0017006802721088435
1638,364,7,24,LD,Prem,1,364,2,2,Amad,MID,14,2,,0,0,1764,0.0011337868480725624
1639,364,13,25,LD,Prem,1,364,0,0,Amad,MID,14,0,,0,0,1764,0.0
1640,152,1,38,LD,Prem,1,152,6,6,Arrizabalaga,GKP,3,6,,0,6,1764,0.003401360544217687
1641,402,9,37,LD,Prem,0,402,2,0,J.Murphy,MID,15,2,,0,2,1764,0.0011337868480725624
1642,402,6,38,LD,Prem,1,402,2,2,J.Murphy,MID,15,2,,0,2,1764,0.0011337868480725624
1643,201,1,28,LD,Prem,1,201,10,10,Henderson,GKP,7,10,,0,10,1764,0.005668934240362812
1644,201,12,29,LD,Prem,0,201,0,0,Henderson,GKP,7,0,,0,0,1764,0.0
1645,201,1,30,LD,Prem,1,201,2,2,Henderson,GKP,7,2,,0,0,1764,0.0011337868480725624
1646,201,1,31,LD,Prem,1,201,3,3,Henderson,GKP,7,3,,0,3,1764,0.0017006802721088435
1647,201,1,32,LD,Prem,1,201,2,2,Henderson,GKP,7,2,,0,2,1764,0.0011337868480725624
1648,201,1,33,LD,Prem,1,201,10,10,Henderson,GKP,7,10,,0,10,1764,0.005668934240362812
1649,201,1,35,LD,Prem,1,201,3,3,Henderson,GKP,7,3,,0,3,1764,0.0017006802721088435
1650,201,12,36,LD,Prem,0,201,6,0,Henderson,GKP,7,0,,0,6,1764,0.0
1651,201,1,37,LD,Prem,1,201,1,1,Henderson,GKP,7,1,,0,0,1764,0.0005668934240362812
1652,321,10,35,LD,Prem,1,321,2,2,Gakpo,FWD,12,2,,0,2,1764,0.0011337868480725624
1653,321,10,36,LD,Prem,1,321,9,9,Gakpo,FWD,12,9,,0,9,1764,0.00510204081632653
1654,321,10,37,LD,Prem,1,321,2,2,Gakpo,FWD,12,2,,0,2,1764,0.0011337868480725624
1655,321,11,38,LD,Prem,1,321,7,7,Gakpo,FWD,12,7,,0,7,1764,0.003968253968253968
1656,71,8,20,LD,Prem,1,71,3,3,Kluivert,MID,3,3,,0,3,1764,0.0017006802721088435
1657,437,13,20,LD,Prem,0,437,6,0,N.Williams,DEF,16,0,,0,6,1764,0.0
1658,437,15,21,LD,Prem,0,437,2,0,N.Williams,DEF,16,0,,0,0,1764,0.0
1659,437,4,22,LD,Prem,1,437,1,1,N.Williams,DEF,16,1,,0,0,1764,0.0005668934240362812
1660,437,4,23,LD,Prem,1,437,1,1,N.Williams,DEF,16,1,,0,0,1764,0.0005668934240362812
1661,437,14,24,LD,Prem,0,437,12,0,N.Williams,DEF,16,0,,0,12,1764,0.0
1662,437,6,25,LD,Prem,1,437,1,1,N.Williams,DEF,16,1,,0,0,1764,0.0005668934240362812
1663,437,4,26,LD,Prem,1,437,0,0,N.Williams,DEF,16,0,,0,0,1764,0.0
1664,395,5,34,LD,Prem,1,395,13,13,Burn,DEF,15,13,,0,13,1764,0.007369614512471655
1665,395,2,35,LD,Prem,1,395,2,2,Burn,DEF,15,2,,0,2,1764,0.0011337868480725624
1666,395,2,36,LD,Prem,1,395,11,11,Burn,DEF,15,11,,0,11,1764,0.006235827664399093
1667,395,2,37,LD,Prem,1,395,1,1,Burn,DEF,15,1,,0,1,1764,0.0005668934240362812
1668,395,2,38,LD,Prem,1,395,2,2,Burn,DEF,15,2,,0,2,1764,0.0011337868480725624
1669,585,5,21,LD,Prem,1,585,6,6,I.Sarr,MID,7,6,,0,6,1764,0.003401360544217687
1670,585,6,22,LD,Prem,1,585,3,3,I.Sarr,MID,7,3,,0,3,1764,0.0017006802721088435
1671,585,6,23,LD,Prem,1,585,2,2,I.Sarr,MID,7,2,,0,2,1764,0.0011337868480725624
1672,585,6,24,LD,Prem,1,585,3,3,I.Sarr,MID,7,3,,0,3,1764,0.0017006802721088435
1673,585,7,25,LD,Prem,0,585,2,0,I.Sarr,MID,7,2,,0,2,1764,0.0011337868480725624
1674,268,10,31,LD,Prem,1,268,8,8,Delap,FWD,10,8,,0,8,1764,0.0045351473922902496
1675,268,9,32,LD,Prem,1,268,1,1,Delap,FWD,10,1,,0,1,1764,0.0005668934240362812
1676,268,13,33,LD,Prem,0,268,1,0,Delap,FWD,10,0,,0,1,1764,0.0
1677,268,9,34,LD,Prem,1,268,1,1,Delap,FWD,10,1,,0,1,1764,0.0005668934240362812
1678,218,10,25,LD,Prem,1,218,8,8,Beto,FWD,8,8,,0,8,1764,0.0045351473922902496
1679,218,10,26,LD,Prem,1,218,6,6,Beto,FWD,8,6,,0,6,1764,0.003401360544217687
1680,218,10,27,LD,Prem,1,218,2,2,Beto,FWD,8,2,,0,0,1764,0.0011337868480725624
1681,218,10,28,LD,Prem,1,218,2,2,Beto,FWD,8,2,,0,2,1764,0.0011337868480725624
1682,218,11,29,LD,Prem,1,218,2,2,Beto,FWD,8,2,,0,2,1764,0.0011337868480725624
1683,218,14,30,LD,Prem,0,218,1,0,Beto,FWD,8,0,,0,0,1764,0.0
1684,106,6,26,LD,Prem,1,106,3,3,Schade,MID,4,3,,0,3,1764,0.0017006802721088435
1685,106,7,27,LD,Prem,1,106,3,3,Schade,MID,4,3,,0,3,1764,0.0017006802721088435
1686,633,14,28,LD,Prem,0,633,2,0,Merino,MID,1,0,,0,2,1764,0.0
1687,633,5,29,LD,Prem,1,633,9,9,Merino,MID,1,9,,0,9,1764,0.00510204081632653
1688,633,6,30,LD,Prem,1,633,10,10,Merino,MID,1,10,,0,10,1764,0.005668934240362812
1689,633,7,31,LD,Prem,1,633,2,2,Merino,MID,1,2,,0,2,1764,0.0011337868480725624
1690,633,6,32,LD,Prem,1,633,1,1,Merino,MID,1,1,,0,0,1764,0.0005668934240362812
1691,633,7,33,LD,Prem,1,633,4,4,Merino,MID,1,4,,0,4,1764,0.0022675736961451248
1692,554,1,29,LD,Prem,1,554,2,2,José Sá,GKP,20,2,,0,2,1764,0.0011337868480725624
1693,554,12,30,LD,Prem,0,554,5,0,José Sá,GKP,20,0,,0,5,1764,0.0
1694,554,12,31,LD,Prem,0,554,2,0,José Sá,GKP,20,0,,0,0,1764,0.0
1695,554,12,32,LD,Prem,0,554,1,0,José Sá,GKP,20,0,,0,0,1764,0.0
1696,554,12,33,LD,Prem,0,554,0,0,José Sá,GKP,20,0,,0,0,1764,0.0
1697,554,12,34,LD,Prem,0,554,12,0,José Sá,GKP,20,0,,0,12,1764,0.0
1698,89,6,29,LD,Prem,1,89,2,2,Damsgaard,MID,4,2,,0,2,1764,0.0011337868480725624
1699,89,7,30,LD,Prem,1,89,1,1,Damsgaard,MID,4,1,,0,0,1764,0.0005668934240362812
1700,434,6,34,LD,Prem,1,434,1,1,Hudson-Odoi,MID,16,1,,0,1,1764,0.0005668934240362812
1701,205,7,32,LD,Prem,1,205,2,2,Kamada,MID,7,2,,0,2,1764,0.0011337868480725624
1702,417,8,32,LD,Prem,1,417,15,15,Tonali,MID,15,15,,0,15,1764,0.008503401360544218
1703,625,6,33,LD,Prem,1,625,8,8,Gündogan,MID,13,8,,0,8,1764,0.0045351473922902496
1704,217,14,35,LD,Prem,1,217,0,0,A.Doucoure,MID,8,0,,0,0,1764,0.0
1705,88,4,36,LD,Prem,0,88,8,0,Collins,DEF,4,8,,0,8,1764,0.0045351473922902496
1706,88,4,37,LD,Prem,1,88,1,1,Collins,DEF,4,1,,0,1,1764,0.0005668934240362812
1707,88,14,38,LD,Prem,0,88,2,0,Collins,DEF,4,0,,0,2,1764,0.0
1708,356,14,36,LD,Prem,1,356,0,0,Matheus N.,MID,13,0,,0,0,1764,0.0
1709,85,4,38,LD,Prem,1,85,11,11,Zabarnyi,DEF,3,11,,0,11,1764,0.006235827664399093
1710,335,2,16,HC,Prem,1,335,-3,-3,Robertson,DEF,12,-3,,0,0,1620,-0.001851851851851852
1711,335,2,17,HC,Prem,1,335,1,1,Robertson,DEF,12,1,,0,1,1620,0.0006172839506172839
1712,335,2,18,HC,Prem,1,335,1,1,Robertson,DEF,12,1,,0,1,1620,0.0006172839506172839
1713,335,2,19,HC,Prem,1,335,6,6,Robertson,DEF,12,6,,0,6,1620,0.003703703703703704
1714,335,2,20,HC,Prem,1,335,1,1,Robertson,DEF,12,1,,0,1,1620,0.0006172839506172839
1715,2,9,18,HC,Prem,1,2,2,2,G.Jesus,FWD,1,2,,0,2,1620,0.0012345679012345679
1716,2,10,19,HC,Prem,1,2,12,12,G.Jesus,FWD,1,12,,0,12,1620,0.007407407407407408
1717,2,10,20,HC,Prem,1,2,2,2,G.Jesus,FWD,1,2,,0,2,1620,0.0012345679012345679
1718,82,10,29,HC,Prem,1,82,2,2,Solanke,FWD,18,2,,0,2,1620,0.0012345679012345679
1719,82,9,31,HC,Prem,1,82,2,2,Solanke,FWD,18,2,,0,2,1620,0.0012345679012345679
1720,541,9,21,HC,Prem,1,541,1,1,Cunha,FWD,20,1,,0,1,1620,0.0006172839506172839
1721,541,11,22,HC,Prem,1,541,2,2,Cunha,FWD,20,2,,0,2,1620,0.0012345679012345679
1722,541,9,23,HC,Prem,1,541,2,2,Cunha,FWD,20,2,,0,2,1620,0.0012345679012345679
1723,541,10,24,HC,Prem,1,541,7,7,Cunha,FWD,20,7,,0,7,1620,0.004320987654320987
1724,541,15,25,HC,Prem,0,541,9,0,Cunha,FWD,20,0,,0,9,1620,0.0
1725,541,9,26,HC,Prem,1,541,9,9,Cunha,FWD,20,9,,0,9,1620,0.005555555555555556
1726,541,9,27,HC,Prem,1,541,2,2,Cunha,FWD,20,2,,0,2,1620,0.0012345679012345679
1727,541,15,28,HC,Prem,0,541,0,0,Cunha,FWD,20,0,,0,0,1620,0.0
1728,541,15,29,HC,Prem,0,541,0,0,Cunha,FWD,20,0,,0,0,1620,0.0
1729,541,15,30,HC,Prem,0,541,0,0,Cunha,FWD,20,0,,0,0,1620,0.0
1730,541,9,32,HC,Prem,1,541,7,7,Cunha,FWD,20,7,,0,7,1620,0.004320987654320987
1731,541,9,33,HC,Prem,1,541,8,8,Cunha,FWD,20,8,,0,8,1620,0.0049382716049382715
1732,541,11,34,HC,Prem,1,541,15,15,Cunha,FWD,20,15,,0,15,1620,0.009259259259259259
1733,541,9,35,HC,Prem,1,541,2,2,Cunha,FWD,20,2,,0,2,1620,0.0012345679012345679
1734,541,11,36,HC,Prem,1,541,0,0,Cunha,FWD,20,0,,0,0,1620,0.0
1735,541,11,37,HC,Prem,1,541,1,1,Cunha,FWD,20,1,,0,1,1620,0.0006172839506172839
1736,541,11,38,HC,Prem,1,541,2,2,Cunha,FWD,20,2,,0,2,1620,0.0012345679012345679
1737,366,6,27,HC,Prem,1,366,10,10,B.Fernandes,MID,14,10,,0,10,1620,0.006172839506172839
1738,366,7,28,HC,Prem,1,366,9,9,B.Fernandes,MID,14,9,,0,9,1620,0.005555555555555556
1739,366,6,29,HC,Prem,1,366,17,17,B.Fernandes,MID,14,17,,0,17,1620,0.010493827160493827
1740,366,9,30,HC,Prem,1,366,2,2,B.Fernandes,MID,14,2,,0,2,1620,0.0012345679012345679
1741,366,8,31,HC,Prem,1,366,3,3,B.Fernandes,MID,14,3,,0,3,1620,0.001851851851851852
1742,366,13,32,HC,Prem,0,366,2,0,B.Fernandes,MID,14,0,,0,2,1620,0.0
1743,366,13,33,HC,Prem,0,366,1,0,B.Fernandes,MID,14,0,,0,1,1620,0.0
1744,366,8,34,HC,Prem,1,366,4,4,B.Fernandes,MID,14,4,,0,4,1620,0.0024691358024691358
1745,366,14,35,HC,Prem,1,366,0,0,B.Fernandes,MID,14,0,,0,0,1620,0.0
1746,366,6,36,HC,Prem,1,366,2,2,B.Fernandes,MID,14,2,,0,2,1620,0.0012345679012345679
1747,366,6,37,HC,Prem,1,366,1,1,B.Fernandes,MID,14,1,,0,1,1620,0.0006172839506172839
1748,366,6,38,HC,Prem,1,366,7,7,B.Fernandes,MID,14,7,,0,7,1620,0.004320987654320987
1749,494,6,22,HC,Prem,1,494,2,2,Maddison,MID,18,2,,0,2,1620,0.0012345679012345679
1750,494,14,23,HC,Prem,1,494,0,0,Maddison,MID,18,0,,0,0,1620,0.0
1751,494,13,30,HC,Prem,0,494,2,0,Maddison,MID,18,0,,0,2,1620,0.0
1752,494,6,31,HC,Prem,1,494,7,7,Maddison,MID,18,7,,0,7,1620,0.004320987654320987
1753,494,7,32,HC,Prem,1,494,2,2,Maddison,MID,18,2,,0,2,1620,0.0012345679012345679
1754,136,7,9,HC,Prem,1,136,2,2,Mitoma,MID,5,2,,0,2,1620,0.0012345679012345679
1755,136,7,10,HC,Prem,1,136,2,2,Mitoma,MID,5,2,,0,2,1620,0.0012345679012345679
1756,136,7,11,HC,Prem,1,136,2,2,Mitoma,MID,5,2,,0,2,1620,0.0012345679012345679
1757,136,8,12,HC,Prem,1,136,9,9,Mitoma,MID,5,9,,0,9,1620,0.005555555555555556
1758,136,7,13,HC,Prem,1,136,10,10,Mitoma,MID,5,10,,0,10,1620,0.006172839506172839
1759,136,8,14,HC,Prem,1,136,2,2,Mitoma,MID,5,2,,0,2,1620,0.0012345679012345679
1760,136,8,15,HC,Prem,1,136,2,2,Mitoma,MID,5,2,,0,2,1620,0.0012345679012345679
1761,136,8,16,HC,Prem,1,136,2,2,Mitoma,MID,5,2,,0,2,1620,0.0012345679012345679
1762,136,9,17,HC,Prem,1,136,2,2,Mitoma,MID,5,2,,0,2,1620,0.0012345679012345679
1763,136,14,18,HC,Prem,0,136,3,0,Mitoma,MID,5,0,,0,3,1620,0.0
1764,136,14,19,HC,Prem,0,136,1,0,Mitoma,MID,5,0,,0,1,1620,0.0
1765,136,14,20,HC,Prem,0,136,1,0,Mitoma,MID,5,0,,0,0,1620,0.0
1766,136,14,21,HC,Prem,0,136,10,0,Mitoma,MID,5,0,,0,10,1620,0.0
1767,136,10,34,HC,Prem,1,136,6,6,Mitoma,MID,5,6,,0,6,1620,0.003703703703703704
1768,24,14,32,HC,Prem,1,24,0,0,White,DEF,1,0,,0,0,1620,0.0
1769,24,2,33,HC,Prem,1,24,6,6,White,DEF,1,6,,0,6,1620,0.003703703703703704
1770,317,9,24,HC,Prem,1,317,1,1,Diogo J.,MID,12,1,,0,0,1620,0.0006172839506172839
1771,317,6,32,HC,Prem,1,317,1,1,Diogo J.,MID,12,1,,0,0,1620,0.0006172839506172839
1772,317,5,33,HC,Prem,1,317,1,1,Diogo J.,MID,12,1,,0,0,1620,0.0006172839506172839
1773,383,1,29,HC,Prem,1,383,7,7,Onana,GKP,14,7,,0,7,1620,0.004320987654320987
1774,383,1,30,HC,Prem,0,383,2,0,Onana,GKP,14,2,,0,2,1620,0.0012345679012345679
1775,361,4,35,HC,Prem,1,361,7,7,Rúben,DEF,13,7,,0,7,1620,0.004320987654320987
1776,361,4,36,HC,Prem,1,361,9,9,Rúben,DEF,13,9,,0,9,1620,0.005555555555555556
1777,361,4,37,HC,Prem,1,361,2,2,Rúben,DEF,13,2,,0,2,1620,0.0012345679012345679
1778,361,3,38,HC,Prem,1,361,7,7,Rúben,DEF,13,7,,0,7,1620,0.004320987654320987
1779,207,10,21,HC,Prem,1,207,8,8,Mateta,FWD,7,8,,0,8,1620,0.0049382716049382715
1780,207,10,22,HC,Prem,1,207,13,13,Mateta,FWD,7,13,,0,13,1620,0.008024691358024692
1781,207,10,23,HC,Prem,1,207,2,2,Mateta,FWD,7,2,,0,2,1620,0.0012345679012345679
1782,207,15,24,HC,Prem,0,207,13,0,Mateta,FWD,7,0,,0,13,1620,0.0
1783,207,10,25,HC,Prem,1,207,7,7,Mateta,FWD,7,7,,0,7,1620,0.004320987654320987
1784,207,10,26,HC,Prem,1,207,5,5,Mateta,FWD,7,5,,0,5,1620,0.0030864197530864196
1785,207,10,27,HC,Prem,1,207,8,8,Mateta,FWD,7,8,,0,8,1620,0.0049382716049382715
1786,207,13,28,HC,Prem,0,207,0,0,Mateta,FWD,7,0,,0,0,1620,0.0
1787,207,10,30,HC,Prem,1,207,1,1,Mateta,FWD,7,1,,0,1,1620,0.0006172839506172839
1788,207,10,31,HC,Prem,1,207,8,8,Mateta,FWD,7,8,,0,8,1620,0.0049382716049382715
1789,207,10,32,HC,Prem,1,207,2,2,Mateta,FWD,7,2,,0,2,1620,0.0012345679012345679
1790,207,10,33,HC,Prem,1,207,10,10,Mateta,FWD,7,10,,0,10,1620,0.006172839506172839
1791,207,14,34,HC,Prem,0,207,0,0,Mateta,FWD,7,0,,0,0,1620,0.0
1792,207,10,35,HC,Prem,1,207,2,2,Mateta,FWD,7,2,,0,2,1620,0.0012345679012345679
1793,207,10,36,HC,Prem,1,207,1,1,Mateta,FWD,7,1,,0,1,1620,0.0006172839506172839
1794,207,10,37,HC,Prem,1,207,1,1,Mateta,FWD,7,1,,0,1,1620,0.0006172839506172839
1795,207,10,38,HC,Prem,1,207,2,2,Mateta,FWD,7,2,,0,2,1620,0.0012345679012345679
1796,409,5,22,HC,Prem,1,409,0,0,Livramento,DEF,15,0,,0,0,1620,0.0
1797,409,4,23,HC,Prem,1,409,2,2,Livramento,DEF,15,2,,0,2,1620,0.0012345679012345679
1798,409,4,24,HC,Prem,1,409,2,2,Livramento,DEF,15,2,,0,2,1620,0.0012345679012345679
1799,310,1,1,HC,Prem,1,310,7,7,A.Becker,GKP,12,7,64.0,1,7,1620,0.004320987654320987
1800,310,1,2,HC,Prem,1,310,6,6,A.Becker,GKP,12,6,64.0,1,6,1620,0.003703703703703704
1801,310,1,3,HC,Prem,1,310,8,8,A.Becker,GKP,12,8,64.0,1,8,1620,0.0049382716049382715
1802,310,1,4,HC,Prem,1,310,2,2,A.Becker,GKP,12,2,64.0,1,2,1620,0.0012345679012345679
1803,310,12,5,HC,Prem,1,310,0,0,A.Becker,GKP,12,0,64.0,1,0,1620,0.0
1804,310,1,6,HC,Prem,1,310,2,2,A.Becker,GKP,12,2,64.0,1,2,1620,0.0012345679012345679
1805,310,1,7,HC,Prem,1,310,10,10,A.Becker,GKP,12,10,64.0,1,10,1620,0.006172839506172839
1806,310,12,8,HC,Prem,1,310,0,0,A.Becker,GKP,12,0,64.0,1,0,1620,0.0
1807,310,12,9,HC,Prem,1,310,0,0,A.Becker,GKP,12,0,64.0,1,0,1620,0.0
1808,310,12,10,HC,Prem,1,310,0,0,A.Becker,GKP,12,0,64.0,1,0,1620,0.0
1809,310,12,11,HC,Prem,1,310,0,0,A.Becker,GKP,12,0,64.0,1,0,1620,0.0
1810,310,12,12,HC,Prem,1,310,0,0,A.Becker,GKP,12,0,64.0,1,0,1620,0.0
1811,310,12,13,HC,Prem,1,310,0,0,A.Becker,GKP,12,0,64.0,1,0,1620,0.0
1812,310,12,14,HC,Prem,0,310,0,0,A.Becker,GKP,12,0,64.0,1,0,1620,0.0
1813,310,12,15,HC,Prem,0,310,0,0,A.Becker,GKP,12,0,64.0,1,0,1620,0.0
1814,310,1,16,HC,Prem,1,310,1,1,A.Becker,GKP,12,1,64.0,1,1,1620,0.0006172839506172839
1815,310,1,17,HC,Prem,1,310,1,1,A.Becker,GKP,12,1,64.0,1,1,1620,0.0006172839506172839
1816,310,1,18,HC,Prem,1,310,2,2,A.Becker,GKP,12,2,64.0,1,2,1620,0.0012345679012345679
1817,310,1,19,HC,Prem,1,310,6,6,A.Becker,GKP,12,6,64.0,1,6,1620,0.003703703703703704
1818,310,1,20,HC,Prem,1,310,1,1,A.Becker,GKP,12,1,64.0,1,1,1620,0.0006172839506172839
1819,310,1,21,HC,Prem,1,310,2,2,A.Becker,GKP,12,2,64.0,1,2,1620,0.0012345679012345679
1820,310,1,22,HC,Prem,1,310,9,9,A.Becker,GKP,12,9,64.0,1,9,1620,0.005555555555555556
1821,310,1,23,HC,Prem,1,310,2,2,A.Becker,GKP,12,2,64.0,1,2,1620,0.0012345679012345679
1822,310,1,24,HC,Prem,1,310,10,10,A.Becker,GKP,12,10,64.0,1,10,1620,0.006172839506172839
1823,310,1,25,HC,Prem,1,310,4,4,A.Becker,GKP,12,4,64.0,1,4,1620,0.0024691358024691358
1824,310,1,26,HC,Prem,1,310,8,8,A.Becker,GKP,12,8,64.0,1,8,1620,0.0049382716049382715
1825,310,1,27,HC,Prem,1,310,6,6,A.Becker,GKP,12,6,64.0,1,6,1620,0.003703703703703704
1826,310,1,28,HC,Prem,1,310,3,3,A.Becker,GKP,12,3,64.0,1,3,1620,0.001851851851851852
1827,310,12,29,HC,Prem,0,310,0,0,A.Becker,GKP,12,0,64.0,1,0,1620,0.0
1828,310,12,30,HC,Prem,1,310,0,0,A.Becker,GKP,12,0,64.0,1,0,1620,0.0
1829,310,12,31,HC,Prem,1,310,0,0,A.Becker,GKP,12,0,64.0,1,0,1620,0.0
1830,310,1,32,HC,Prem,1,310,3,3,A.Becker,GKP,12,3,64.0,1,3,1620,0.001851851851851852
1831,310,1,33,HC,Prem,1,310,6,6,A.Becker,GKP,12,6,64.0,1,6,1620,0.003703703703703704
1832,310,1,34,HC,Prem,1,310,2,2,A.Becker,GKP,12,2,64.0,1,2,1620,0.0012345679012345679
1833,310,1,35,HC,Prem,1,310,2,2,A.Becker,GKP,12,2,64.0,1,2,1620,0.0012345679012345679
1834,310,1,36,HC,Prem,1,310,2,2,A.Becker,GKP,12,2,64.0,1,2,1620,0.0012345679012345679
1835,310,1,37,HC,Prem,1,310,4,4,A.Becker,GKP,12,4,64.0,1,4,1620,0.0024691358024691358
1836,310,1,38,HC,Prem,1,310,3,3,A.Becker,GKP,12,3,64.0,1,3,1620,0.001851851851851852
1837,578,2,1,HC,Prem,1,578,0,0,Calafiori,DEF,1,0,45.0,1,0,1620,0.0
1838,578,2,2,HC,Prem,1,578,1,1,Calafiori,DEF,1,1,45.0,1,1,1620,0.0006172839506172839
1839,171,3,1,HC,Prem,1,171,1,1,Gusto,DEF,6,1,76.0,1,1,1620,0.0006172839506172839
1840,171,3,2,HC,Prem,1,171,0,0,Gusto,DEF,6,0,76.0,1,0,1620,0.0
1841,171,4,3,HC,Prem,1,171,2,2,Gusto,DEF,6,2,76.0,1,2,1620,0.0012345679012345679
1842,45,4,1,HC,Prem,1,45,1,1,Maatsen,DEF,2,1,57.0,1,1,1620,0.0006172839506172839
1843,45,4,2,HC,Prem,1,45,1,1,Maatsen,DEF,2,1,57.0,1,1,1620,0.0006172839506172839
1844,45,3,3,HC,Prem,1,45,1,1,Maatsen,DEF,2,1,57.0,1,1,1620,0.0006172839506172839
1845,45,3,4,HC,Prem,1,45,1,1,Maatsen,DEF,2,1,57.0,1,1,1620,0.0006172839506172839
1846,328,5,1,HC,Prem,1,328,14,14,M.Salah,MID,12,14,4.0,1,14,1620,0.008641975308641974
1847,328,5,2,HC,Prem,1,328,10,10,M.Salah,MID,12,10,4.0,1,10,1620,0.006172839506172839
1848,328,6,3,HC,Prem,1,328,17,17,M.Salah,MID,12,17,4.0,1,17,1620,0.010493827160493827
1849,328,6,4,HC,Prem,1,328,2,2,M.Salah,MID,12,2,4.0,1,2,1620,0.0012345679012345679
1850,328,6,5,HC,Prem,1,328,6,6,M.Salah,MID,12,6,4.0,1,6,1620,0.003703703703703704
1851,328,7,6,HC,Prem,1,328,10,10,M.Salah,MID,12,10,4.0,1,10,1620,0.006172839506172839
1852,328,7,7,HC,Prem,1,328,3,3,M.Salah,MID,12,3,4.0,1,3,1620,0.001851851851851852
1853,328,6,8,HC,Prem,1,328,12,12,M.Salah,MID,12,12,4.0,1,12,1620,0.007407407407407408
1854,328,6,9,HC,Prem,1,328,10,10,M.Salah,MID,12,10,4.0,1,10,1620,0.006172839506172839
1855,328,6,10,HC,Prem,1,328,9,9,M.Salah,MID,12,9,4.0,1,9,1620,0.005555555555555556
1856,328,6,11,HC,Prem,1,328,14,14,M.Salah,MID,12,14,4.0,1,14,1620,0.008641975308641974
1857,328,5,12,HC,Prem,1,328,13,13,M.Salah,MID,12,13,4.0,1,13,1620,0.008024691358024692
1858,328,5,13,HC,Prem,1,328,13,13,M.Salah,MID,12,13,4.0,1,13,1620,0.008024691358024692
1859,328,5,14,HC,Prem,1,328,18,18,M.Salah,MID,12,18,4.0,1,18,1620,0.011111111111111112
1860,328,13,15,HC,Prem,1,328,0,0,M.Salah,MID,12,0,4.0,1,0,1620,0.0
1861,328,5,16,HC,Prem,1,328,5,5,M.Salah,MID,12,5,4.0,1,5,1620,0.0030864197530864196
1862,328,6,17,HC,Prem,1,328,21,21,M.Salah,MID,12,21,4.0,1,21,1620,0.012962962962962963
1863,328,7,18,HC,Prem,1,328,9,9,M.Salah,MID,12,9,4.0,1,9,1620,0.005555555555555556
1864,328,8,19,HC,Prem,1,328,16,16,M.Salah,MID,12,16,4.0,1,16,1620,0.009876543209876543
1865,328,8,20,HC,Prem,1,328,7,7,M.Salah,MID,12,7,4.0,1,7,1620,0.004320987654320987
1866,328,5,21,HC,Prem,1,328,2,2,M.Salah,MID,12,2,4.0,1,2,1620,0.0012345679012345679
1867,328,8,22,HC,Prem,1,328,3,3,M.Salah,MID,12,3,4.0,1,3,1620,0.001851851851851852
1868,328,6,23,HC,Prem,1,328,8,8,M.Salah,MID,12,8,4.0,1,8,1620,0.0049382716049382715
1869,328,7,24,HC,Prem,1,328,29,29,M.Salah,MID,12,29,4.0,1,29,1620,0.017901234567901235
1870,328,6,25,HC,Prem,1,328,20,20,M.Salah,MID,12,20,4.0,1,20,1620,0.012345679012345678
1871,328,7,26,HC,Prem,1,328,14,14,M.Salah,MID,12,14,4.0,1,14,1620,0.008641975308641974
1872,328,7,27,HC,Prem,1,328,6,6,M.Salah,MID,12,6,4.0,1,6,1620,0.003703703703703704
1873,328,8,28,HC,Prem,1,328,15,15,M.Salah,MID,12,15,4.0,1,15,1620,0.009259259259259259
1874,328,13,29,HC,Prem,0,328,0,0,M.Salah,MID,12,0,4.0,1,0,1620,0.0
1875,328,6,30,HC,Prem,1,328,3,3,M.Salah,MID,12,3,4.0,1,3,1620,0.001851851851851852
1876,328,5,31,HC,Prem,1,328,2,2,M.Salah,MID,12,2,4.0,1,2,1620,0.0012345679012345679
1877,328,5,32,HC,Prem,1,328,6,6,M.Salah,MID,12,6,4.0,1,6,1620,0.003703703703703704
1878,328,8,33,HC,Prem,1,328,3,3,M.Salah,MID,12,3,4.0,1,3,1620,0.001851851851851852
1879,328,9,34,HC,Prem,1,328,8,8,M.Salah,MID,12,8,4.0,1,8,1620,0.0049382716049382715
1880,328,6,35,HC,Prem,1,328,2,2,M.Salah,MID,12,2,4.0,1,2,1620,0.0012345679012345679
1881,328,7,36,HC,Prem,1,328,2,2,M.Salah,MID,12,2,4.0,1,2,1620,0.0012345679012345679
1882,328,7,37,HC,Prem,1,328,2,2,M.Salah,MID,12,2,4.0,1,2,1620,0.0012345679012345679
1883,328,7,38,HC,Prem,1,328,10,10,M.Salah,MID,12,10,4.0,1,10,1620,0.006172839506172839
1884,345,6,1,HC,Prem,1,345,3,3,De Bruyne,MID,13,3,9.0,1,3,1620,0.001851851851851852
1885,345,6,2,HC,Prem,1,345,12,12,De Bruyne,MID,13,12,9.0,1,12,1620,0.007407407407407408
1886,345,7,3,HC,Prem,1,345,1,1,De Bruyne,MID,13,1,9.0,1,1,1620,0.0006172839506172839
1887,345,7,4,HC,Prem,1,345,2,2,De Bruyne,MID,13,2,9.0,1,2,1620,0.0012345679012345679
1888,345,15,5,HC,Prem,1,345,0,0,De Bruyne,MID,13,0,9.0,1,0,1620,0.0
1889,345,15,6,HC,Prem,0,345,0,0,De Bruyne,MID,13,0,9.0,1,0,1620,0.0
1890,345,15,7,HC,Prem,0,345,0,0,De Bruyne,MID,13,0,9.0,1,0,1620,0.0
1891,345,15,8,HC,Prem,0,345,0,0,De Bruyne,MID,13,0,9.0,1,0,1620,0.0
1892,345,15,9,HC,Prem,0,345,0,0,De Bruyne,MID,13,0,9.0,1,0,1620,0.0
1893,345,15,10,HC,Prem,0,345,0,0,De Bruyne,MID,13,0,9.0,1,0,1620,0.0
1894,345,13,11,HC,Prem,0,345,1,0,De Bruyne,MID,13,0,9.0,1,0,1620,0.0
1895,345,6,12,HC,Prem,1,345,0,0,De Bruyne,MID,13,0,9.0,1,0,1620,0.0
1896,345,9,13,HC,Prem,0,345,1,0,De Bruyne,MID,13,1,9.0,1,1,1620,0.0006172839506172839
1897,345,6,14,HC,Prem,1,345,14,14,De Bruyne,MID,13,14,9.0,1,14,1620,0.008641975308641974
1898,345,6,15,HC,Prem,1,345,2,2,De Bruyne,MID,13,2,9.0,1,2,1620,0.0012345679012345679
1899,345,6,16,HC,Prem,1,345,6,6,De Bruyne,MID,13,6,9.0,1,6,1620,0.003703703703703704
1900,345,14,17,HC,Prem,1,345,0,0,De Bruyne,MID,13,0,9.0,1,0,1620,0.0
1901,345,8,18,HC,Prem,1,345,1,1,De Bruyne,MID,13,1,9.0,1,1,1620,0.0006172839506172839
1902,345,9,19,HC,Prem,1,345,3,3,De Bruyne,MID,13,3,9.0,1,3,1620,0.001851851851851852
1903,345,9,20,HC,Prem,1,345,5,5,De Bruyne,MID,13,5,9.0,1,5,1620,0.0030864197530864196
1904,345,6,21,HC,Prem,1,345,7,7,De Bruyne,MID,13,7,9.0,1,7,1620,0.004320987654320987
1905,345,9,22,HC,Prem,1,345,12,12,De Bruyne,MID,13,12,9.0,1,12,1620,0.007407407407407408
1906,345,7,23,HC,Prem,1,345,1,1,De Bruyne,MID,13,1,9.0,1,1,1620,0.0006172839506172839
1907,345,8,24,HC,Prem,1,345,1,1,De Bruyne,MID,13,1,9.0,1,0,1620,0.0006172839506172839
1908,345,13,25,HC,Prem,1,345,0,0,De Bruyne,MID,13,0,9.0,1,0,1620,0.0
1909,13,7,1,HC,Prem,1,13,3,3,Ødegaard,MID,1,3,16.0,1,3,1620,0.001851851851851852
1910,13,7,2,HC,Prem,1,13,2,2,Ødegaard,MID,1,2,16.0,1,2,1620,0.0012345679012345679
1911,13,8,3,HC,Prem,1,13,2,2,Ødegaard,MID,1,2,16.0,1,2,1620,0.0012345679012345679
1912,13,13,4,HC,Prem,0,13,0,0,Ødegaard,MID,1,0,16.0,1,0,1620,0.0
1913,13,13,5,HC,Prem,0,13,0,0,Ødegaard,MID,1,0,16.0,1,0,1620,0.0
1914,13,13,6,HC,Prem,0,13,0,0,Ødegaard,MID,1,0,16.0,1,0,1620,0.0
1915,13,13,7,HC,Prem,0,13,0,0,Ødegaard,MID,1,0,16.0,1,0,1620,0.0
1916,13,13,8,HC,Prem,0,13,0,0,Ødegaard,MID,1,0,16.0,1,0,1620,0.0
1917,13,13,9,HC,Prem,0,13,0,0,Ødegaard,MID,1,0,16.0,1,0,1620,0.0
1918,13,13,10,HC,Prem,0,13,0,0,Ødegaard,MID,1,0,16.0,1,0,1620,0.0
1919,13,15,11,HC,Prem,0,13,7,0,Ødegaard,MID,1,0,16.0,1,7,1620,0.0
1920,13,7,12,HC,Prem,1,13,6,6,Ødegaard,MID,1,6,16.0,1,6,1620,0.003703703703703704
1921,13,6,13,HC,Prem,1,13,8,8,Ødegaard,MID,1,8,16.0,1,8,1620,0.0049382716049382715
1922,13,7,14,HC,Prem,1,13,3,3,Ødegaard,MID,1,3,16.0,1,3,1620,0.001851851851851852
1923,13,7,15,HC,Prem,1,13,2,2,Ødegaard,MID,1,2,16.0,1,2,1620,0.0012345679012345679
1924,13,7,16,HC,Prem,1,13,3,3,Ødegaard,MID,1,3,16.0,1,3,1620,0.001851851851851852
1925,13,8,17,HC,Prem,1,13,2,2,Ødegaard,MID,1,2,16.0,1,2,1620,0.0012345679012345679
1926,13,6,18,HC,Prem,1,13,3,3,Ødegaard,MID,1,3,16.0,1,3,1620,0.001851851851851852
1927,13,7,19,HC,Prem,1,13,2,2,Ødegaard,MID,1,2,16.0,1,2,1620,0.0012345679012345679
1928,13,7,20,HC,Prem,1,13,1,1,Ødegaard,MID,1,1,16.0,1,0,1620,0.0006172839506172839
1929,13,7,21,HC,Prem,1,13,8,8,Ødegaard,MID,1,8,16.0,1,8,1620,0.0049382716049382715
1930,13,7,22,HC,Prem,1,13,2,2,Ødegaard,MID,1,2,16.0,1,2,1620,0.0012345679012345679
1931,13,13,23,HC,Prem,1,13,0,0,Ødegaard,MID,1,0,16.0,1,0,1620,0.0
1932,13,6,24,HC,Prem,1,13,6,6,Ødegaard,MID,1,6,16.0,1,6,1620,0.003703703703703704
1933,13,7,25,HC,Prem,1,13,3,3,Ødegaard,MID,1,3,16.0,1,3,1620,0.001851851851851852
1934,13,6,26,HC,Prem,1,13,2,2,Ødegaard,MID,1,2,16.0,1,2,1620,0.0012345679012345679
1935,13,13,27,HC,Prem,0,13,3,0,Ødegaard,MID,1,0,16.0,1,3,1620,0.0
1936,385,8,1,HC,Prem,1,385,3,3,Rashford,MID,2,3,40.0,1,3,1620,0.001851851851851852
1937,385,8,2,HC,Prem,1,385,2,2,Rashford,MID,2,2,40.0,1,2,1620,0.0012345679012345679
1938,385,9,3,HC,Prem,1,385,2,2,Rashford,MID,2,2,40.0,1,2,1620,0.0012345679012345679
1939,385,8,4,HC,Prem,1,385,8,8,Rashford,MID,2,8,40.0,1,8,1620,0.0049382716049382715
1940,385,7,5,HC,Prem,1,385,1,1,Rashford,MID,2,1,40.0,1,1,1620,0.0006172839506172839
1941,385,8,25,HC,Prem,1,385,9,9,Rashford,MID,2,9,40.0,1,9,1620,0.005555555555555556
1942,385,13,26,HC,Prem,0,385,9,0,Rashford,MID,2,0,40.0,1,9,1620,0.0
1943,385,5,27,HC,Prem,1,385,1,1,Rashford,MID,2,1,40.0,1,0,1620,0.0006172839506172839
1944,385,6,28,HC,Prem,1,385,1,1,Rashford,MID,2,1,40.0,1,1,1620,0.0006172839506172839
1945,385,8,30,HC,Prem,1,385,8,8,Rashford,MID,2,8,40.0,1,8,1620,0.0049382716049382715
1946,385,7,31,HC,Prem,1,385,1,1,Rashford,MID,2,1,40.0,1,0,1620,0.0006172839506172839
1947,385,8,32,HC,Prem,1,385,3,3,Rashford,MID,2,3,40.0,1,3,1620,0.001851851851851852
1948,385,6,33,HC,Prem,1,385,9,9,Rashford,MID,2,9,40.0,1,9,1620,0.005555555555555556
1949,181,9,1,HC,Prem,1,181,1,1,Nkunku,MID,6,1,69.0,1,1,1620,0.0006172839506172839
1950,181,9,2,HC,Prem,1,181,1,1,Nkunku,MID,6,1,69.0,1,1,1620,0.0006172839506172839
1951,181,10,28,HC,Prem,1,181,3,3,Nkunku,MID,6,3,69.0,1,3,1620,0.001851851851851852
1952,181,9,29,HC,Prem,1,181,2,2,Nkunku,MID,6,2,69.0,1,2,1620,0.0012345679012345679
1953,316,10,1,HC,Prem,1,316,0,0,Darwin,FWD,12,0,21.0,1,0,1620,0.0
1954,316,10,2,HC,Prem,1,316,1,1,Darwin,FWD,12,1,21.0,1,1,1620,0.0006172839506172839
1955,316,10,3,HC,Prem,1,316,1,1,Darwin,FWD,12,1,21.0,1,1,1620,0.0006172839506172839
1956,316,10,4,HC,Prem,1,316,1,1,Darwin,FWD,12,1,21.0,1,1,1620,0.0006172839506172839
1957,316,10,5,HC,Prem,1,316,6,6,Darwin,FWD,12,6,21.0,1,6,1620,0.003703703703703704
1958,316,14,6,HC,Prem,1,316,0,0,Darwin,FWD,12,0,21.0,1,0,1620,0.0
1959,589,11,1,HC,Prem,1,589,1,1,Füllkrug,FWD,19,1,33.0,1,1,1620,0.0006172839506172839
1960,589,11,2,HC,Prem,1,589,1,1,Füllkrug,FWD,19,1,33.0,1,1,1620,0.0006172839506172839
1961,325,12,1,HC,Prem,0,325,0,0,Kelleher,GKP,12,0,88.0,1,0,1620,0.0
1962,325,12,2,HC,Prem,0,325,0,0,Kelleher,GKP,12,0,88.0,1,0,1620,0.0
1963,325,12,3,HC,Prem,0,325,0,0,Kelleher,GKP,12,0,88.0,1,0,1620,0.0
1964,325,12,4,HC,Prem,0,325,0,0,Kelleher,GKP,12,0,88.0,1,0,1620,0.0
1965,325,1,5,HC,Prem,0,325,9,0,Kelleher,GKP,12,9,88.0,1,9,1620,0.005555555555555556
1966,325,12,6,HC,Prem,0,325,0,0,Kelleher,GKP,12,0,88.0,1,0,1620,0.0
1967,325,12,7,HC,Prem,0,325,0,0,Kelleher,GKP,12,0,88.0,1,0,1620,0.0
1968,325,1,8,HC,Prem,0,325,2,0,Kelleher,GKP,12,2,88.0,1,2,1620,0.0012345679012345679
1969,325,1,9,HC,Prem,0,325,1,0,Kelleher,GKP,12,1,88.0,1,1,1620,0.0006172839506172839
1970,325,1,10,HC,Prem,0,325,3,0,Kelleher,GKP,12,3,88.0,1,3,1620,0.001851851851851852
1971,325,1,11,HC,Prem,0,325,6,0,Kelleher,GKP,12,6,88.0,1,6,1620,0.003703703703703704
1972,325,1,12,HC,Prem,0,325,7,0,Kelleher,GKP,12,7,88.0,1,7,1620,0.004320987654320987
1973,325,1,13,HC,Prem,0,325,7,0,Kelleher,GKP,12,7,88.0,1,7,1620,0.004320987654320987
1974,325,1,14,HC,Prem,1,325,2,2,Kelleher,GKP,12,2,88.0,1,2,1620,0.0012345679012345679
1975,325,1,15,HC,Prem,1,325,0,0,Kelleher,GKP,12,0,88.0,1,0,1620,0.0
1976,325,12,16,HC,Prem,0,325,0,0,Kelleher,GKP,12,0,88.0,1,0,1620,0.0
1977,325,12,17,HC,Prem,0,325,0,0,Kelleher,GKP,12,0,88.0,1,0,1620,0.0
1978,325,12,18,HC,Prem,0,325,0,0,Kelleher,GKP,12,0,88.0,1,0,1620,0.0
1979,325,12,19,HC,Prem,0,325,0,0,Kelleher,GKP,12,0,88.0,1,0,1620,0.0
1980,325,12,20,HC,Prem,0,325,0,0,Kelleher,GKP,12,0,88.0,1,0,1620,0.0
1981,325,12,21,HC,Prem,0,325,0,0,Kelleher,GKP,12,0,88.0,1,0,1620,0.0
1982,325,12,22,HC,Prem,0,325,0,0,Kelleher,GKP,12,0,88.0,1,0,1620,0.0
1983,325,12,23,HC,Prem,0,325,0,0,Kelleher,GKP,12,0,88.0,1,0,1620,0.0
1984,325,12,24,HC,Prem,0,325,0,0,Kelleher,GKP,12,0,88.0,1,0,1620,0.0
1985,325,12,25,HC,Prem,0,325,0,0,Kelleher,GKP,12,0,88.0,1,0,1620,0.0
1986,325,12,26,HC,Prem,0,325,0,0,Kelleher,GKP,12,0,88.0,1,0,1620,0.0
1987,325,12,27,HC,Prem,0,325,0,0,Kelleher,GKP,12,0,88.0,1,0,1620,0.0
1988,325,12,28,HC,Prem,0,325,0,0,Kelleher,GKP,12,0,88.0,1,0,1620,0.0
1989,325,1,31,HC,Prem,0,325,2,0,Kelleher,GKP,12,2,88.0,1,2,1620,0.0012345679012345679
1990,325,12,32,HC,Prem,0,325,0,0,Kelleher,GKP,12,0,88.0,1,0,1620,0.0
1991,325,12,33,HC,Prem,0,325,0,0,Kelleher,GKP,12,0,88.0,1,0,1620,0.0
1992,325,12,34,HC,Prem,0,325,0,0,Kelleher,GKP,12,0,88.0,1,0,1620,0.0
1993,325,12,35,HC,Prem,0,325,0,0,Kelleher,GKP,12,0,88.0,1,0,1620,0.0
1994,325,12,36,HC,Prem,0,325,0,0,Kelleher,GKP,12,0,88.0,1,0,1620,0.0
1995,325,12,37,HC,Prem,0,325,0,0,Kelleher,GKP,12,0,88.0,1,0,1620,0.0
1996,325,12,38,HC,Prem,0,325,0,0,Kelleher,GKP,12,0,88.0,1,0,1620,0.0
1997,122,13,1,HC,Prem,0,122,0,0,Estupiñan,DEF,5,0,81.0,1,0,1620,0.0
1998,122,13,2,HC,Prem,0,122,0,0,Estupiñan,DEF,5,0,81.0,1,0,1620,0.0
1999,122,2,3,HC,Prem,0,122,1,0,Estupiñan,DEF,5,1,81.0,1,1,1620,0.0006172839506172839
2000,122,14,4,HC,Prem,1,122,0,0,Estupiñan,DEF,5,0,81.0,1,0,1620,0.0
2001,122,5,5,HC,Prem,1,122,1,1,Estupiñan,DEF,5,1,81.0,1,1,1620,0.0006172839506172839
2002,122,5,6,HC,Prem,1,122,-1,-1,Estupiñan,DEF,5,-1,81.0,1,0,1620,-0.0006172839506172839
2003,122,5,7,HC,Prem,1,122,1,1,Estupiñan,DEF,5,1,81.0,1,1,1620,0.0006172839506172839
2004,363,14,1,HC,Prem,0,363,0,0,Walker,DEF,13,0,52.0,1,0,1620,0.0
2005,363,14,2,HC,Prem,0,363,0,0,Walker,DEF,13,0,52.0,1,0,1620,0.0
2006,363,5,3,HC,Prem,0,363,1,0,Walker,DEF,13,1,52.0,1,1,1620,0.0006172839506172839
2007,363,5,4,HC,Prem,0,363,2,0,Walker,DEF,13,2,52.0,1,2,1620,0.0012345679012345679
2008,363,4,5,HC,Prem,0,363,1,0,Walker,DEF,13,1,52.0,1,1,1620,0.0006172839506172839
2009,363,6,6,HC,Prem,0,363,2,0,Walker,DEF,13,2,52.0,1,2,1620,0.0012345679012345679
2010,363,3,7,HC,Prem,1,363,1,1,Walker,DEF,13,1,52.0,1,0,1620,0.0006172839506172839
2011,363,14,8,HC,Prem,0,363,0,0,Walker,DEF,13,0,52.0,1,0,1620,0.0
2012,363,14,9,HC,Prem,0,363,0,0,Walker,DEF,13,0,52.0,1,0,1620,0.0
2013,363,14,10,HC,Prem,0,363,0,0,Walker,DEF,13,0,52.0,1,0,1620,0.0
2014,363,3,11,HC,Prem,1,363,1,1,Walker,DEF,13,1,52.0,1,1,1620,0.0006172839506172839
2015,363,15,12,HC,Prem,0,363,0,0,Walker,DEF,13,0,52.0,1,0,1620,0.0
2016,363,15,13,HC,Prem,0,363,1,0,Walker,DEF,13,0,52.0,1,1,1620,0.0
2017,363,15,14,HC,Prem,0,363,1,0,Walker,DEF,13,0,52.0,1,1,1620,0.0
2018,375,15,1,HC,Prem,0,375,0,0,Højlund,FWD,14,0,28.0,1,0,1620,0.0
2019,375,15,2,HC,Prem,0,375,0,0,Højlund,FWD,14,0,28.0,1,0,1620,0.0
2020,375,15,3,HC,Prem,0,375,0,0,Højlund,FWD,14,0,28.0,1,0,1620,0.0
2021,375,15,4,HC,Prem,0,375,0,0,Højlund,FWD,14,0,28.0,1,0,1620,0.0
2022,375,9,5,HC,Prem,0,375,1,0,Højlund,FWD,14,1,28.0,1,1,1620,0.0006172839506172839
2023,375,10,6,HC,Prem,1,375,1,1,Højlund,FWD,14,1,28.0,1,1,1620,0.0006172839506172839
2024,375,10,7,HC,Prem,1,375,2,2,Højlund,FWD,14,2,28.0,1,2,1620,0.0012345679012345679
2025,375,10,8,HC,Prem,1,375,8,8,Højlund,FWD,14,8,28.0,1,8,1620,0.0049382716049382715
2026,375,10,9,HC,Prem,1,375,2,2,Højlund,FWD,14,2,28.0,1,2,1620,0.0012345679012345679
2027,375,10,10,HC,Prem,1,375,5,5,Højlund,FWD,14,5,28.0,1,5,1620,0.0030864197530864196
2028,375,10,11,HC,Prem,1,375,2,2,Højlund,FWD,14,2,28.0,1,2,1620,0.0012345679012345679
2029,375,10,12,HC,Prem,1,375,1,1,Højlund,FWD,14,1,28.0,1,1,1620,0.0006172839506172839
2030,375,13,13,HC,Prem,1,375,0,0,Højlund,FWD,14,0,28.0,1,0,1620,0.0
2031,375,11,14,HC,Prem,0,375,2,0,Højlund,FWD,14,2,28.0,1,2,1620,0.0012345679012345679
2032,375,14,15,HC,Prem,0,375,8,0,Højlund,FWD,14,0,28.0,1,8,1620,0.0
2033,375,11,16,HC,Prem,0,375,1,0,Højlund,FWD,14,1,28.0,1,1,1620,0.0006172839506172839
2034,375,11,17,HC,Prem,1,375,1,1,Højlund,FWD,14,1,28.0,1,1,1620,0.0006172839506172839
2035,9,7,33,HC,Prem,1,9,10,10,Martinelli,MID,1,10,,0,10,1620,0.006172839506172839
2036,163,2,14,HC,Prem,1,163,2,2,Cucurella,DEF,6,2,,0,2,1620,0.0012345679012345679
2037,163,3,15,HC,Prem,1,163,4,4,Cucurella,DEF,6,4,,0,4,1620,0.0024691358024691358
2038,163,3,16,HC,Prem,1,163,5,5,Cucurella,DEF,6,5,,0,5,1620,0.0030864197530864196
2039,163,15,17,HC,Prem,0,163,0,0,Cucurella,DEF,6,0,,0,0,1620,0.0
2040,163,5,18,HC,Prem,1,163,1,1,Cucurella,DEF,6,1,,0,1,1620,0.0006172839506172839
2041,163,5,19,HC,Prem,1,163,1,1,Cucurella,DEF,6,1,,0,0,1620,0.0006172839506172839
2042,163,5,20,HC,Prem,1,163,2,2,Cucurella,DEF,6,2,,0,2,1620,0.0012345679012345679
2043,163,3,21,HC,Prem,1,163,1,1,Cucurella,DEF,6,1,,0,1,1620,0.0006172839506172839
2044,163,14,22,HC,Prem,0,163,9,0,Cucurella,DEF,6,0,,0,9,1620,0.0
2045,163,15,23,HC,Prem,0,163,1,0,Cucurella,DEF,6,0,,0,1,1620,0.0
2046,163,5,24,HC,Prem,1,163,2,2,Cucurella,DEF,6,2,,0,2,1620,0.0012345679012345679
2047,163,14,25,HC,Prem,0,163,1,0,Cucurella,DEF,6,0,,0,1,1620,0.0
2048,163,14,26,HC,Prem,0,163,1,0,Cucurella,DEF,6,0,,0,1,1620,0.0
2049,163,4,27,HC,Prem,1,163,15,15,Cucurella,DEF,6,15,,0,15,1620,0.009259259259259259
2050,163,4,28,HC,Prem,1,163,15,15,Cucurella,DEF,6,15,,0,15,1620,0.009259259259259259
2051,163,4,29,HC,Prem,1,163,2,2,Cucurella,DEF,6,2,,0,2,1620,0.0012345679012345679
2052,163,14,30,HC,Prem,0,163,5,0,Cucurella,DEF,6,0,,0,5,1620,0.0
2053,163,14,31,HC,Prem,0,163,1,0,Cucurella,DEF,6,0,,0,1,1620,0.0
2054,163,3,32,HC,Prem,1,163,1,1,Cucurella,DEF,6,1,,0,1,1620,0.0006172839506172839
2055,163,4,33,HC,Prem,1,163,1,1,Cucurella,DEF,6,1,,0,0,1620,0.0006172839506172839
2056,163,4,34,HC,Prem,1,163,6,6,Cucurella,DEF,6,6,,0,6,1620,0.003703703703703704
2057,163,5,35,HC,Prem,0,163,2,0,Cucurella,DEF,6,2,,0,2,1620,0.0012345679012345679
2058,163,14,36,HC,Prem,0,163,1,0,Cucurella,DEF,6,0,,0,1,1620,0.0
2059,163,14,37,HC,Prem,0,163,15,0,Cucurella,DEF,6,0,,0,15,1620,0.0
2060,163,15,38,HC,Prem,0,163,8,0,Cucurella,DEF,6,0,,0,8,1620,0.0
2061,78,13,22,HC,Prem,0,78,5,0,Semenyo,MID,3,0,,0,5,1620,0.0
2062,78,8,23,HC,Prem,0,78,9,0,Semenyo,MID,3,9,,0,9,1620,0.005555555555555556
2063,78,13,24,HC,Prem,0,78,2,0,Semenyo,MID,3,0,,0,2,1620,0.0
2064,78,9,25,HC,Prem,1,78,4,4,Semenyo,MID,3,4,,0,4,1620,0.0024691358024691358
2065,78,5,26,HC,Prem,1,78,2,2,Semenyo,MID,3,2,,0,2,1620,0.0012345679012345679
2066,78,9,28,HC,Prem,1,78,1,1,Semenyo,MID,3,1,,0,1,1620,0.0006172839506172839
2067,78,8,29,HC,Prem,1,78,1,1,Semenyo,MID,3,1,,0,1,1620,0.0006172839506172839
2068,78,7,30,HC,Prem,1,78,2,2,Semenyo,MID,3,2,,0,2,1620,0.0012345679012345679
2069,78,13,31,HC,Prem,0,78,6,0,Semenyo,MID,3,0,,0,6,1620,0.0
2070,617,11,3,HC,Prem,1,617,2,2,Evanilson,FWD,3,2,,0,2,1620,0.0012345679012345679
2071,617,11,4,HC,Prem,1,617,0,0,Evanilson,FWD,3,0,,0,0,1620,0.0
2072,617,11,5,HC,Prem,1,617,2,2,Evanilson,FWD,3,2,,0,2,1620,0.0012345679012345679
2073,617,9,7,HC,Prem,1,617,2,2,Evanilson,FWD,3,2,,0,2,1620,0.0012345679012345679
2074,617,9,8,HC,Prem,1,617,5,5,Evanilson,FWD,3,5,,0,5,1620,0.0030864197530864196
2075,617,9,9,HC,Prem,1,617,8,8,Evanilson,FWD,3,8,,0,8,1620,0.0049382716049382715
2076,617,9,10,HC,Prem,1,617,7,7,Evanilson,FWD,3,7,,0,7,1620,0.004320987654320987
2077,617,9,11,HC,Prem,1,617,8,8,Evanilson,FWD,3,8,,0,8,1620,0.0049382716049382715
2078,617,9,12,HC,Prem,1,617,2,2,Evanilson,FWD,3,2,,0,2,1620,0.0012345679012345679
2079,617,10,13,HC,Prem,1,617,12,12,Evanilson,FWD,3,12,,0,12,1620,0.007407407407407408
2080,617,10,14,HC,Prem,1,617,2,2,Evanilson,FWD,3,2,,0,2,1620,0.0012345679012345679
2081,617,11,15,HC,Prem,1,617,2,2,Evanilson,FWD,3,2,,0,2,1620,0.0012345679012345679
2082,617,10,16,HC,Prem,1,617,2,2,Evanilson,FWD,3,2,,0,2,1620,0.0012345679012345679
2083,617,10,17,HC,Prem,1,617,2,2,Evanilson,FWD,3,2,,0,2,1620,0.0012345679012345679
2084,617,11,18,HC,Prem,1,617,1,1,Evanilson,FWD,3,1,,0,1,1620,0.0006172839506172839
2085,617,11,19,HC,Prem,1,617,8,8,Evanilson,FWD,3,8,,0,8,1620,0.0049382716049382715
2086,617,11,20,HC,Prem,1,617,2,2,Evanilson,FWD,3,2,,0,2,1620,0.0012345679012345679
2087,506,13,3,HC,Prem,1,506,0,0,Van de Ven,DEF,18,0,,0,0,1620,0.0
2088,506,3,5,HC,Prem,1,506,1,1,Van de Ven,DEF,18,1,,0,1,1620,0.0006172839506172839
2089,571,14,3,HC,Prem,1,571,0,0,Savinho,MID,13,0,,0,0,1620,0.0
2090,571,8,6,HC,Prem,1,571,1,1,Savinho,MID,13,1,,0,1,1620,0.0006172839506172839
2091,571,14,7,HC,Prem,1,571,0,0,Savinho,MID,13,0,,0,0,1620,0.0
2092,571,7,8,HC,Prem,1,571,1,1,Savinho,MID,13,1,,0,1,1620,0.0006172839506172839
2093,326,2,4,HC,Prem,1,326,2,2,Konaté,DEF,12,2,,0,2,1620,0.0012345679012345679
2094,326,2,5,HC,Prem,1,326,8,8,Konaté,DEF,12,8,,0,8,1620,0.0049382716049382715
2095,326,2,6,HC,Prem,1,326,7,7,Konaté,DEF,12,7,,0,7,1620,0.004320987654320987
2096,326,2,7,HC,Prem,1,326,6,6,Konaté,DEF,12,6,,0,6,1620,0.003703703703703704
2097,326,2,8,HC,Prem,1,326,1,1,Konaté,DEF,12,1,,0,1,1620,0.0006172839506172839
2098,326,2,9,HC,Prem,1,326,1,1,Konaté,DEF,12,1,,0,1,1620,0.0006172839506172839
2099,326,2,10,HC,Prem,1,326,1,1,Konaté,DEF,12,1,,0,1,1620,0.0006172839506172839
2100,326,2,11,HC,Prem,1,326,6,6,Konaté,DEF,12,6,,0,6,1620,0.003703703703703704
2101,326,2,12,HC,Prem,1,326,0,0,Konaté,DEF,12,0,,0,0,1620,0.0
2102,326,14,13,HC,Prem,1,326,0,0,Konaté,DEF,12,0,,0,0,1620,0.0
2103,326,14,14,HC,Prem,0,326,0,0,Konaté,DEF,12,0,,0,0,1620,0.0
2104,326,15,15,HC,Prem,0,326,0,0,Konaté,DEF,12,0,,0,0,1620,0.0
2105,326,2,21,HC,Prem,1,326,2,2,Konaté,DEF,12,2,,0,2,1620,0.0012345679012345679
2106,326,2,22,HC,Prem,1,326,6,6,Konaté,DEF,12,6,,0,6,1620,0.003703703703703704
2107,326,2,23,HC,Prem,1,326,5,5,Konaté,DEF,12,5,,0,5,1620,0.0030864197530864196
2108,326,2,24,HC,Prem,1,326,7,7,Konaté,DEF,12,7,,0,7,1620,0.004320987654320987
2109,326,2,25,HC,Prem,1,326,1,1,Konaté,DEF,12,1,,0,0,1620,0.0006172839506172839
2110,326,2,26,HC,Prem,1,326,6,6,Konaté,DEF,12,6,,0,6,1620,0.003703703703703704
2111,326,2,27,HC,Prem,1,326,6,6,Konaté,DEF,12,6,,0,6,1620,0.003703703703703704
2112,326,2,28,HC,Prem,1,326,2,2,Konaté,DEF,12,2,,0,2,1620,0.0012345679012345679
2113,326,14,29,HC,Prem,0,326,0,0,Konaté,DEF,12,0,,0,0,1620,0.0
2114,326,2,30,HC,Prem,1,326,6,6,Konaté,DEF,12,6,,0,6,1620,0.003703703703703704
2115,326,2,31,HC,Prem,1,326,1,1,Konaté,DEF,12,1,,0,0,1620,0.0006172839506172839
2116,326,2,32,HC,Prem,1,326,2,2,Konaté,DEF,12,2,,0,2,1620,0.0012345679012345679
2117,326,3,33,HC,Prem,1,326,9,9,Konaté,DEF,12,9,,0,9,1620,0.005555555555555556
2118,326,3,34,HC,Prem,1,326,2,2,Konaté,DEF,12,2,,0,2,1620,0.0012345679012345679
2119,326,13,35,HC,Prem,1,326,0,0,Konaté,DEF,12,0,,0,0,1620,0.0
2120,326,3,36,HC,Prem,1,326,1,1,Konaté,DEF,12,1,,0,1,1620,0.0006172839506172839
2121,326,3,37,HC,Prem,1,326,1,1,Konaté,DEF,12,1,,0,0,1620,0.0006172839506172839
2122,326,2,38,HC,Prem,1,326,2,2,Konaté,DEF,12,2,,0,2,1620,0.0012345679012345679
2123,355,4,4,HC,Prem,1,355,1,1,Lewis,DEF,13,1,,0,1,1620,0.0006172839506172839
2124,355,14,5,HC,Prem,1,355,0,0,Lewis,DEF,13,0,,0,0,1620,0.0
2125,355,4,6,HC,Prem,1,355,2,2,Lewis,DEF,13,2,,0,2,1620,0.0012345679012345679
2126,355,6,7,HC,Prem,0,355,4,0,Lewis,DEF,13,4,,0,4,1620,0.0024691358024691358
2127,355,4,8,HC,Prem,1,355,2,2,Lewis,DEF,13,2,,0,2,1620,0.0012345679012345679
2128,355,4,9,HC,Prem,1,355,6,6,Lewis,DEF,13,6,,0,6,1620,0.003703703703703704
2129,355,4,10,HC,Prem,1,355,1,1,Lewis,DEF,13,1,,0,1,1620,0.0006172839506172839
2130,355,14,11,HC,Prem,0,355,0,0,Lewis,DEF,13,0,,0,0,1620,0.0
2131,355,14,12,HC,Prem,0,355,0,0,Lewis,DEF,13,0,,0,0,1620,0.0
2132,355,2,13,HC,Prem,0,355,1,0,Lewis,DEF,13,1,,0,1,1620,0.0006172839506172839
2133,355,3,14,HC,Prem,1,355,1,1,Lewis,DEF,13,1,,0,0,1620,0.0006172839506172839
2134,355,4,15,HC,Prem,1,355,4,4,Lewis,DEF,13,4,,0,4,1620,0.0024691358024691358
2135,355,15,16,HC,Prem,0,355,0,0,Lewis,DEF,13,0,,0,0,1620,0.0
2136,355,4,17,HC,Prem,1,355,0,0,Lewis,DEF,13,0,,0,0,1620,0.0
2137,355,4,18,HC,Prem,1,355,2,2,Lewis,DEF,13,2,,0,2,1620,0.0012345679012345679
2138,355,4,19,HC,Prem,1,355,6,6,Lewis,DEF,13,6,,0,6,1620,0.003703703703703704
2139,355,4,20,HC,Prem,1,355,2,2,Lewis,DEF,13,2,,0,2,1620,0.0012345679012345679
2140,355,13,21,HC,Prem,1,355,0,0,Lewis,DEF,13,0,,0,0,1620,0.0
2141,355,3,22,HC,Prem,1,355,1,1,Lewis,DEF,13,1,,0,0,1620,0.0006172839506172839
2142,186,9,4,HC,Prem,1,186,1,1,Sterling,MID,1,1,,0,1,1620,0.0006172839506172839
2143,186,8,5,HC,Prem,1,186,0,0,Sterling,MID,1,0,,0,0,1620,0.0
2144,186,9,6,HC,Prem,1,186,1,1,Sterling,MID,1,1,,0,1,1620,0.0006172839506172839
2145,220,11,23,HC,Prem,1,220,1,1,Calvert-Lewin,FWD,8,1,,0,1,1620,0.0006172839506172839
2146,369,3,6,HC,Prem,1,369,0,0,Dalot,DEF,14,0,,0,0,1620,0.0
2147,369,4,7,HC,Prem,1,369,6,6,Dalot,DEF,14,6,,0,6,1620,0.003703703703703704
2148,369,3,8,HC,Prem,1,369,1,1,Dalot,DEF,14,1,,0,1,1620,0.0006172839506172839
2149,369,3,9,HC,Prem,1,369,1,1,Dalot,DEF,14,1,,0,1,1620,0.0006172839506172839
2150,369,3,10,HC,Prem,1,369,1,1,Dalot,DEF,14,1,,0,1,1620,0.0006172839506172839
2151,369,4,11,HC,Prem,1,369,1,1,Dalot,DEF,14,1,,0,0,1620,0.0006172839506172839
2152,369,3,12,HC,Prem,1,369,2,2,Dalot,DEF,14,2,,0,2,1620,0.0012345679012345679
2153,369,3,13,HC,Prem,1,369,6,6,Dalot,DEF,14,6,,0,6,1620,0.003703703703703704
2154,369,2,15,HC,Prem,1,369,1,1,Dalot,DEF,14,1,,0,1,1620,0.0006172839506172839
2155,369,14,16,HC,Prem,0,369,2,0,Dalot,DEF,14,0,,0,2,1620,0.0
2156,369,3,17,HC,Prem,1,369,1,1,Dalot,DEF,14,1,,0,1,1620,0.0006172839506172839
2157,369,3,18,HC,Prem,1,369,1,1,Dalot,DEF,14,1,,0,0,1620,0.0006172839506172839
2158,148,11,6,HC,Prem,1,148,2,2,Welbeck,FWD,5,2,,0,2,1620,0.0012345679012345679
2159,148,11,7,HC,Prem,1,148,8,8,Welbeck,FWD,5,8,,0,8,1620,0.0049382716049382715
2160,148,11,8,HC,Prem,1,148,9,9,Welbeck,FWD,5,9,,0,9,1620,0.005555555555555556
2161,148,11,9,HC,Prem,1,148,7,7,Welbeck,FWD,5,7,,0,7,1620,0.004320987654320987
2162,148,11,10,HC,Prem,1,148,5,5,Welbeck,FWD,5,5,,0,5,1620,0.0030864197530864196
2163,148,11,11,HC,Prem,1,148,2,2,Welbeck,FWD,5,2,,0,2,1620,0.0012345679012345679
2164,148,11,12,HC,Prem,1,148,2,2,Welbeck,FWD,5,2,,0,2,1620,0.0012345679012345679
2165,148,11,13,HC,Prem,1,148,2,2,Welbeck,FWD,5,2,,0,2,1620,0.0012345679012345679
2166,148,13,14,HC,Prem,1,148,0,0,Welbeck,FWD,5,0,,0,0,1620,0.0
2167,148,10,15,HC,Prem,0,148,1,0,Welbeck,FWD,5,1,,0,1,1620,0.0006172839506172839
2168,148,13,16,HC,Prem,1,148,0,0,Welbeck,FWD,5,0,,0,0,1620,0.0
2169,148,13,17,HC,Prem,0,148,0,0,Welbeck,FWD,5,0,,0,0,1620,0.0
2170,392,8,7,HC,Prem,1,392,3,3,Barnes,MID,15,3,,0,3,1620,0.001851851851851852
2171,392,6,34,HC,Prem,1,392,3,3,Barnes,MID,15,3,,0,3,1620,0.001851851851851852
2172,392,7,35,HC,Prem,1,392,2,2,Barnes,MID,15,2,,0,2,1620,0.0012345679012345679
2173,36,5,8,HC,Prem,1,36,4,4,Digne,DEF,2,4,,0,4,1620,0.0024691358024691358
2174,36,5,9,HC,Prem,1,36,7,7,Digne,DEF,2,7,,0,7,1620,0.004320987654320987
2175,36,5,10,HC,Prem,1,36,0,0,Digne,DEF,2,0,,0,0,1620,0.0
2176,36,5,11,HC,Prem,1,36,2,2,Digne,DEF,2,2,,0,2,1620,0.0012345679012345679
2177,36,4,12,HC,Prem,1,36,1,1,Digne,DEF,2,1,,0,1,1620,0.0006172839506172839
2178,36,4,13,HC,Prem,1,36,1,1,Digne,DEF,2,1,,0,0,1620,0.0006172839506172839
2179,36,4,14,HC,Prem,1,36,2,2,Digne,DEF,2,2,,0,2,1620,0.0012345679012345679
2180,36,5,15,HC,Prem,1,36,1,1,Digne,DEF,2,1,,0,0,1620,0.0006172839506172839
2181,36,4,16,HC,Prem,1,36,2,2,Digne,DEF,2,2,,0,2,1620,0.0012345679012345679
2182,36,5,17,HC,Prem,1,36,2,2,Digne,DEF,2,2,,0,2,1620,0.0012345679012345679
2183,36,15,18,HC,Prem,0,36,1,0,Digne,DEF,2,0,,0,0,1620,0.0
2184,36,6,19,HC,Prem,1,36,1,1,Digne,DEF,2,1,,0,0,1620,0.0006172839506172839
2185,36,13,20,HC,Prem,0,36,2,0,Digne,DEF,2,0,,0,2,1620,0.0
2186,36,15,21,HC,Prem,0,36,6,0,Digne,DEF,2,0,,0,6,1620,0.0
2187,491,8,8,HC,Prem,1,491,2,2,Johnson,MID,18,2,,0,2,1620,0.0012345679012345679
2188,491,8,9,HC,Prem,1,491,1,1,Johnson,MID,18,1,,0,1,1620,0.0006172839506172839
2189,491,8,10,HC,Prem,1,491,8,8,Johnson,MID,18,8,,0,8,1620,0.0049382716049382715
2190,491,8,11,HC,Prem,1,491,2,2,Johnson,MID,18,2,,0,2,1620,0.0012345679012345679
2191,491,13,12,HC,Prem,0,491,6,0,Johnson,MID,18,0,,0,6,1620,0.0
2192,491,8,13,HC,Prem,1,491,10,10,Johnson,MID,18,10,,0,10,1620,0.006172839506172839
2193,491,9,14,HC,Prem,1,491,2,2,Johnson,MID,18,2,,0,2,1620,0.0012345679012345679
2194,491,9,15,HC,Prem,1,491,4,4,Johnson,MID,18,4,,0,4,1620,0.0024691358024691358
2195,491,9,16,HC,Prem,1,491,0,0,Johnson,MID,18,0,,0,0,1620,0.0
2196,491,7,17,HC,Prem,0,491,4,0,Johnson,MID,18,4,,0,4,1620,0.0024691358024691358
2197,491,13,18,HC,Prem,0,491,2,0,Johnson,MID,18,0,,0,2,1620,0.0
2198,491,13,19,HC,Prem,0,491,9,0,Johnson,MID,18,0,,0,9,1620,0.0
2199,491,6,20,HC,Prem,1,491,2,2,Johnson,MID,18,2,,0,2,1620,0.0012345679012345679
2200,491,8,21,HC,Prem,1,491,1,1,Johnson,MID,18,1,,0,0,1620,0.0006172839506172839
2201,255,5,23,HC,Prem,0,255,2,0,Robinson,DEF,9,2,,0,2,1620,0.0012345679012345679
2202,255,14,24,HC,Prem,0,255,4,0,Robinson,DEF,9,0,,0,4,1620,0.0
2203,255,5,25,HC,Prem,0,255,2,0,Robinson,DEF,9,2,,0,2,1620,0.0012345679012345679
2204,255,4,26,HC,Prem,1,255,1,1,Robinson,DEF,9,1,,0,1,1620,0.0006172839506172839
2205,255,3,27,HC,Prem,1,255,0,0,Robinson,DEF,9,0,,0,0,1620,0.0
2206,255,3,28,HC,Prem,1,255,0,0,Robinson,DEF,9,0,,0,0,1620,0.0
2207,364,13,36,HC,Prem,0,364,2,0,Amad,MID,14,0,,0,2,1620,0.0
2208,364,13,37,HC,Prem,0,364,1,0,Amad,MID,14,0,,0,0,1620,0.0
2209,364,13,38,HC,Prem,0,364,13,0,Amad,MID,14,0,,0,13,1620,0.0
2210,38,10,18,HC,Prem,1,38,-2,-2,Duran,FWD,2,-2,,0,0,1620,-0.0012345679012345679
2211,38,15,19,HC,Prem,0,38,0,0,Duran,FWD,2,0,,0,0,1620,0.0
2212,38,15,20,HC,Prem,0,38,0,0,Duran,FWD,2,0,,0,0,1620,0.0
2213,422,3,19,HC,Prem,1,422,8,8,Aina,DEF,16,8,,0,8,1620,0.0049382716049382715
2214,422,3,20,HC,Prem,1,422,6,6,Aina,DEF,16,6,,0,6,1620,0.003703703703703704
2215,422,4,21,HC,Prem,0,422,2,0,Aina,DEF,16,2,,0,2,1620,0.0012345679012345679
2216,422,4,22,HC,Prem,1,422,4,4,Aina,DEF,16,4,,0,4,1620,0.0024691358024691358
2217,422,3,23,HC,Prem,1,422,1,1,Aina,DEF,16,1,,0,0,1620,0.0006172839506172839
2218,422,3,24,HC,Prem,1,422,6,6,Aina,DEF,16,6,,0,6,1620,0.003703703703703704
2219,422,3,25,HC,Prem,1,422,1,1,Aina,DEF,16,1,,0,0,1620,0.0006172839506172839
2220,422,3,26,HC,Prem,1,422,0,0,Aina,DEF,16,0,,0,0,1620,0.0
2221,422,14,27,HC,Prem,0,422,6,0,Aina,DEF,16,0,,0,6,1620,0.0
2222,422,14,28,HC,Prem,0,422,6,0,Aina,DEF,16,0,,0,6,1620,0.0
2223,422,2,29,HC,Prem,1,422,1,1,Aina,DEF,16,1,,0,1,1620,0.0006172839506172839
2224,422,3,30,HC,Prem,1,422,1,1,Aina,DEF,16,1,,0,1,1620,0.0006172839506172839
2225,422,15,31,HC,Prem,0,422,0,0,Aina,DEF,16,0,,0,0,1620,0.0
2226,422,15,32,HC,Prem,0,422,0,0,Aina,DEF,16,0,,0,0,1620,0.0
2227,422,15,33,HC,Prem,0,422,0,0,Aina,DEF,16,0,,0,0,1620,0.0
2228,422,15,34,HC,Prem,0,422,1,0,Aina,DEF,16,0,,0,1,1620,0.0
2229,422,2,35,HC,Prem,0,422,1,0,Aina,DEF,16,1,,0,1,1620,0.0006172839506172839
2230,422,5,36,HC,Prem,1,422,0,0,Aina,DEF,16,0,,0,0,1620,0.0
2231,422,5,37,HC,Prem,1,422,2,2,Aina,DEF,16,2,,0,2,1620,0.0012345679012345679
2232,422,4,38,HC,Prem,1,422,1,1,Aina,DEF,16,1,,0,0,1620,0.0006172839506172839
2233,71,7,34,HC,Prem,1,71,2,2,Kluivert,MID,3,2,,0,2,1620,0.0012345679012345679
2234,71,15,35,HC,Prem,0,71,2,0,Kluivert,MID,3,0,,0,2,1620,0.0
2235,71,15,36,HC,Prem,0,71,1,0,Kluivert,MID,3,0,,0,1,1620,0.0
2236,71,15,37,HC,Prem,0,71,1,0,Kluivert,MID,3,0,,0,0,1620,0.0
2237,71,5,38,HC,Prem,1,71,3,3,Kluivert,MID,3,3,,0,3,1620,0.001851851851851852
2238,268,11,21,HC,Prem,1,268,1,1,Delap,FWD,10,1,,0,0,1620,0.0006172839506172839
2239,268,15,22,HC,Prem,0,268,2,0,Delap,FWD,10,0,,0,0,1620,0.0
2240,219,3,35,HC,Prem,1,219,1,1,Branthwaite,DEF,8,1,,0,0,1620,0.0006172839506172839
2241,219,2,36,HC,Prem,1,219,2,2,Branthwaite,DEF,8,2,,0,2,1620,0.0012345679012345679
2242,219,2,37,HC,Prem,1,219,6,6,Branthwaite,DEF,8,6,,0,6,1620,0.003703703703703704
2243,219,14,38,HC,Prem,0,219,0,0,Branthwaite,DEF,8,0,,0,0,1620,0.0
2244,735,11,24,HC,Prem,1,735,2,2,Marmoush,FWD,13,2,,0,0,1620,0.0012345679012345679
2245,735,11,25,HC,Prem,1,735,17,17,Marmoush,FWD,13,17,,0,17,1620,0.010493827160493827
2246,735,11,26,HC,Prem,1,735,2,2,Marmoush,FWD,13,2,,0,2,1620,0.0012345679012345679
2247,735,11,27,HC,Prem,1,735,2,2,Marmoush,FWD,13,2,,0,2,1620,0.0012345679012345679
2248,735,11,28,HC,Prem,1,735,1,1,Marmoush,FWD,13,1,,0,1,1620,0.0006172839506172839
2249,735,11,29,HC,Prem,1,735,12,12,Marmoush,FWD,13,12,,0,12,1620,0.007407407407407408
2250,735,11,30,HC,Prem,1,735,9,9,Marmoush,FWD,13,9,,0,9,1620,0.005555555555555556
2251,735,11,31,HC,Prem,1,735,2,2,Marmoush,FWD,13,2,,0,2,1620,0.0012345679012345679
2252,735,11,32,HC,Prem,1,735,7,7,Marmoush,FWD,13,7,,0,7,1620,0.004320987654320987
2253,735,11,33,HC,Prem,1,735,4,4,Marmoush,FWD,13,4,,0,4,1620,0.0024691358024691358
2254,735,13,34,HC,Prem,0,735,0,0,Marmoush,FWD,13,0,,0,0,1620,0.0
2255,735,11,35,HC,Prem,1,735,2,2,Marmoush,FWD,13,2,,0,2,1620,0.0012345679012345679
2256,735,9,36,HC,Prem,1,735,1,1,Marmoush,FWD,13,1,,0,0,1620,0.0006172839506172839
2257,735,9,37,HC,Prem,1,735,8,8,Marmoush,FWD,13,8,,0,8,1620,0.0049382716049382715
2258,735,9,38,HC,Prem,1,735,2,2,Marmoush,FWD,13,2,,0,2,1620,0.0012345679012345679
2259,167,4,25,HC,Prem,1,167,2,2,Disasi,DEF,2,2,,0,2,1620,0.0012345679012345679
2260,167,15,26,HC,Prem,0,167,0,0,Disasi,DEF,2,0,,0,0,1620,0.0
2261,167,15,27,HC,Prem,0,167,0,0,Disasi,DEF,2,0,,0,0,1620,0.0
2262,580,3,29,HC,Prem,1,580,1,1,Huijsen,DEF,3,1,,0,1,1620,0.0006172839506172839
2263,580,4,30,HC,Prem,1,580,0,0,Huijsen,DEF,3,0,,0,0,1620,0.0
2264,580,3,31,HC,Prem,1,580,4,4,Huijsen,DEF,3,4,,0,4,1620,0.0024691358024691358
2265,580,4,32,HC,Prem,0,580,7,0,Huijsen,DEF,3,7,,0,7,1620,0.004320987654320987
2266,580,14,33,HC,Prem,0,580,8,0,Huijsen,DEF,3,0,,0,8,1620,0.0
2267,580,2,34,HC,Prem,1,580,1,1,Huijsen,DEF,3,1,,0,0,1620,0.0006172839506172839
2268,74,8,26,HC,Prem,1,74,2,2,O.Dango,MID,3,2,,0,0,1620,0.0012345679012345679
2269,74,8,27,HC,Prem,1,74,2,2,O.Dango,MID,3,2,,0,2,1620,0.0012345679012345679
2270,210,5,28,HC,Prem,1,210,6,6,Mitchell,DEF,7,6,,0,6,1620,0.003703703703703704
2271,210,5,29,HC,Prem,1,210,0,0,Mitchell,DEF,7,0,,0,0,1620,0.0
2272,210,5,30,HC,Prem,1,210,1,1,Mitchell,DEF,7,1,,0,0,1620,0.0006172839506172839
2273,210,4,31,HC,Prem,1,210,2,2,Mitchell,DEF,7,2,,0,2,1620,0.0012345679012345679
2274,89,8,35,HC,Prem,1,89,5,5,Damsgaard,MID,4,5,,0,5,1620,0.0030864197530864196
2275,89,8,36,HC,Prem,1,89,3,3,Damsgaard,MID,4,3,,0,3,1620,0.001851851851851852
2276,89,8,37,HC,Prem,1,89,2,2,Damsgaard,MID,4,2,,0,2,1620,0.0012345679012345679
2277,89,8,38,HC,Prem,1,89,2,2,Damsgaard,MID,4,2,,0,0,1620,0.0012345679012345679
2278,434,7,29,HC,Prem,1,434,3,3,Hudson-Odoi,MID,16,3,,0,3,1620,0.001851851851851852
2279,191,5,34,HC,Prem,1,191,2,2,Andersen,DEF,9,2,,0,2,1620,0.0012345679012345679
2280,388,5,27,CR,Prem,1,388,7,7,Wan-Bissaka,DEF,19,7,,0,7,1684,0.004156769596199525
2281,388,14,28,CR,Prem,0,388,2,0,Wan-Bissaka,DEF,19,0,,0,2,1684,0.0
2282,388,3,29,CR,Prem,1,388,2,2,Wan-Bissaka,DEF,19,2,,0,2,1684,0.0011876484560570072
2283,388,15,30,CR,Prem,0,388,2,0,Wan-Bissaka,DEF,19,0,,0,2,1684,0.0
2284,388,14,31,CR,Prem,0,388,1,0,Wan-Bissaka,DEF,19,0,,0,1,1684,0.0
2285,388,14,32,CR,Prem,0,388,1,0,Wan-Bissaka,DEF,19,0,,0,1,1684,0.0
2286,388,14,33,CR,Prem,0,388,0,0,Wan-Bissaka,DEF,19,0,,0,0,1684,0.0
2287,413,1,34,CR,Prem,1,413,6,6,Pope,GKP,15,6,,0,6,1684,0.0035629453681710215
2288,413,12,35,CR,Prem,0,413,2,0,Pope,GKP,15,0,,0,2,1684,0.0
2289,211,14,19,CR,Prem,0,211,2,0,Muñoz,DEF,7,0,,0,2,1684,0.0
2290,211,14,20,CR,Prem,0,211,2,0,Muñoz,DEF,7,0,,0,2,1684,0.0
2291,211,2,21,CR,Prem,1,211,6,6,Muñoz,DEF,7,6,,0,6,1684,0.0035629453681710215
2292,211,2,22,CR,Prem,0,211,6,0,Muñoz,DEF,7,6,,0,6,1684,0.0035629453681710215
2293,211,13,23,CR,Prem,0,211,4,0,Muñoz,DEF,7,0,,0,4,1684,0.0
2294,211,3,24,CR,Prem,1,211,11,11,Muñoz,DEF,7,11,,0,11,1684,0.006532066508313539
2295,211,5,25,CR,Prem,1,211,1,1,Muñoz,DEF,7,1,,0,1,1684,0.0005938242280285036
2296,211,4,26,CR,Prem,1,211,13,13,Muñoz,DEF,7,13,,0,13,1684,0.007719714964370546
2297,211,3,27,CR,Prem,1,211,4,4,Muñoz,DEF,7,4,,0,4,1684,0.0023752969121140144
2298,211,5,28,CR,Prem,1,211,6,6,Muñoz,DEF,7,6,,0,6,1684,0.0035629453681710215
2299,211,14,29,CR,Prem,0,211,0,0,Muñoz,DEF,7,0,,0,0,1684,0.0
2300,211,4,30,CR,Prem,1,211,2,2,Muñoz,DEF,7,2,,0,2,1684,0.0011876484560570072
2301,211,2,31,CR,Prem,1,211,8,8,Muñoz,DEF,7,8,,0,8,1684,0.004750593824228029
2302,211,4,32,CR,Prem,1,211,-1,-1,Muñoz,DEF,7,-1,,0,0,1684,-0.0005938242280285036
2303,211,2,33,CR,Prem,1,211,6,6,Muñoz,DEF,7,6,,0,6,1684,0.0035629453681710215
2304,494,8,26,CR,Prem,1,494,4,4,Maddison,MID,18,4,,0,4,1684,0.0023752969121140144
2305,494,9,27,CR,Prem,1,494,1,1,Maddison,MID,18,1,,0,1,1684,0.0005938242280285036
2306,494,8,28,CR,Prem,1,494,0,0,Maddison,MID,18,0,,0,0,1684,0.0
2307,136,5,23,CR,Prem,1,136,2,2,Mitoma,MID,5,2,,0,2,1684,0.0011876484560570072
2308,136,5,24,CR,Prem,1,136,1,1,Mitoma,MID,5,1,,0,0,1684,0.0005938242280285036
2309,235,12,19,CR,Prem,0,235,1,0,Pickford,GKP,8,0,,0,0,1684,0.0
2310,235,12,20,CR,Prem,0,235,4,0,Pickford,GKP,8,0,,0,4,1684,0.0
2311,235,12,21,CR,Prem,0,235,1,0,Pickford,GKP,8,0,,0,0,1684,0.0
2312,235,12,22,CR,Prem,0,235,2,0,Pickford,GKP,8,0,,0,2,1684,0.0
2313,235,12,23,CR,Prem,0,235,5,0,Pickford,GKP,8,0,,0,0,1684,0.0
2314,235,1,24,CR,Prem,1,235,10,10,Pickford,GKP,8,10,,0,10,1684,0.0059382422802850355
2315,235,12,25,CR,Prem,0,235,3,0,Pickford,GKP,8,0,,0,0,1684,0.0
2316,235,12,26,CR,Prem,0,235,1,0,Pickford,GKP,8,0,,0,0,1684,0.0
2317,235,12,27,CR,Prem,0,235,2,0,Pickford,GKP,8,0,,0,0,1684,0.0
2318,235,12,28,CR,Prem,0,235,2,0,Pickford,GKP,8,0,,0,0,1684,0.0
2319,235,1,29,CR,Prem,1,235,3,3,Pickford,GKP,8,3,,0,0,1684,0.0017814726840855108
2320,235,12,30,CR,Prem,0,235,3,0,Pickford,GKP,8,0,,0,3,1684,0.0
2321,235,12,31,CR,Prem,0,235,3,0,Pickford,GKP,8,0,,0,3,1684,0.0
2322,235,12,32,CR,Prem,0,235,9,0,Pickford,GKP,8,0,,0,9,1684,0.0
2323,235,12,33,CR,Prem,0,235,1,0,Pickford,GKP,8,0,,0,0,1684,0.0
2324,47,1,36,CR,Prem,1,47,8,8,Martinez,GKP,2,8,,0,8,1684,0.004750593824228029
2325,47,1,37,CR,Prem,1,47,6,6,Martinez,GKP,2,6,,0,0,1684,0.0035629453681710215
2326,47,1,38,CR,Prem,1,47,-2,-2,Martinez,GKP,2,-2,,0,0,1684,-0.0011876484560570072
2327,17,15,25,CR,Prem,0,17,0,0,Saka,MID,1,0,,0,0,1684,0.0
2328,17,15,26,CR,Prem,0,17,0,0,Saka,MID,1,0,,0,0,1684,0.0
2329,17,15,27,CR,Prem,0,17,0,0,Saka,MID,1,0,,0,0,1684,0.0
2330,17,15,28,CR,Prem,0,17,0,0,Saka,MID,1,0,,0,0,1684,0.0
2331,17,15,29,CR,Prem,0,17,0,0,Saka,MID,1,0,,0,0,1684,0.0
2332,17,6,30,CR,Prem,1,17,8,8,Saka,MID,1,8,,0,8,1684,0.004750593824228029
2333,17,6,31,CR,Prem,1,17,1,1,Saka,MID,1,1,,0,1,1684,0.0005938242280285036
2334,17,6,32,CR,Prem,1,17,1,1,Saka,MID,1,1,,0,1,1684,0.0005938242280285036
2335,17,6,33,CR,Prem,1,17,2,2,Saka,MID,1,2,,0,2,1684,0.0011876484560570072
2336,17,13,34,CR,Prem,0,17,0,0,Saka,MID,1,0,,0,0,1684,0.0
2337,17,7,35,CR,Prem,1,17,2,2,Saka,MID,1,2,,0,2,1684,0.0011876484560570072
2338,17,6,36,CR,Prem,1,17,2,2,Saka,MID,1,2,,0,2,1684,0.0011876484560570072
2339,17,6,37,CR,Prem,1,17,3,3,Saka,MID,1,3,,0,3,1684,0.0017814726840855108
2340,17,6,38,CR,Prem,1,17,1,1,Saka,MID,1,1,,0,1,1684,0.0005938242280285036
2341,514,15,21,CR,Prem,0,514,0,0,Bowen,MID,19,0,,0,0,1684,0.0
2342,514,15,22,CR,Prem,0,514,0,0,Bowen,MID,19,0,,0,0,1684,0.0
2343,514,15,23,CR,Prem,0,514,0,0,Bowen,MID,19,0,,0,0,1684,0.0
2344,514,13,24,CR,Prem,0,514,10,0,Bowen,MID,19,0,,0,10,1684,0.0
2345,514,10,25,CR,Prem,1,514,2,2,Bowen,MID,19,2,,0,2,1684,0.0011876484560570072
2346,514,9,26,CR,Prem,1,514,10,10,Bowen,MID,19,10,,0,10,1684,0.0059382422802850355
2347,514,6,27,CR,Prem,1,514,6,6,Bowen,MID,19,6,,0,6,1684,0.0035629453681710215
2348,514,9,28,CR,Prem,1,514,2,2,Bowen,MID,19,2,,0,2,1684,0.0011876484560570072
2349,514,6,29,CR,Prem,1,514,5,5,Bowen,MID,19,5,,0,5,1684,0.0029691211401425177
2350,514,9,30,CR,Prem,1,514,2,2,Bowen,MID,19,2,,0,2,1684,0.0011876484560570072
2351,514,7,31,CR,Prem,1,514,7,7,Bowen,MID,19,7,,0,7,1684,0.004156769596199525
2352,514,9,32,CR,Prem,1,514,2,2,Bowen,MID,19,2,,0,2,1684,0.0011876484560570072
2353,514,7,33,CR,Prem,1,514,9,9,Bowen,MID,19,9,,0,9,1684,0.005344418052256532
2354,514,7,34,CR,Prem,1,514,10,10,Bowen,MID,19,10,,0,10,1684,0.0059382422802850355
2355,514,10,35,CR,Prem,1,514,9,9,Bowen,MID,19,9,,0,9,1684,0.005344418052256532
2356,514,7,36,CR,Prem,1,514,8,8,Bowen,MID,19,8,,0,8,1684,0.004750593824228029
2357,514,7,37,CR,Prem,1,514,8,8,Bowen,MID,19,8,,0,8,1684,0.004750593824228029
2358,514,7,38,CR,Prem,1,514,13,13,Bowen,MID,19,13,,0,13,1684,0.007719714964370546
2359,342,9,19,CR,Prem,0,342,3,0,Bernardo,MID,13,3,,0,3,1684,0.0017814726840855108
2360,342,6,20,CR,Prem,1,342,2,2,Bernardo,MID,13,2,,0,2,1684,0.0011876484560570072
2361,180,10,30,CR,Prem,0,180,1,0,N.Jackson,FWD,6,1,,0,1,1684,0.0005938242280285036
2362,180,11,31,CR,Prem,1,180,1,1,N.Jackson,FWD,6,1,,0,1,1684,0.0005938242280285036
2363,180,10,32,CR,Prem,1,180,1,1,N.Jackson,FWD,6,1,,0,1,1684,0.0005938242280285036
2364,180,11,33,CR,Prem,1,180,2,2,N.Jackson,FWD,6,2,,0,2,1684,0.0011876484560570072
2365,180,11,34,CR,Prem,1,180,8,8,N.Jackson,FWD,6,8,,0,8,1684,0.004750593824228029
2366,180,11,35,CR,Prem,1,180,2,2,N.Jackson,FWD,6,2,,0,2,1684,0.0011876484560570072
2367,180,11,36,CR,Prem,1,180,-2,-2,N.Jackson,FWD,6,-2,,0,0,1684,-0.0011876484560570072
2368,15,1,1,CR,Prem,1,15,8,8,Raya,GKP,1,8,61.0,1,8,1684,0.004750593824228029
2369,15,1,2,CR,Prem,1,15,10,10,Raya,GKP,1,10,61.0,1,10,1684,0.0059382422802850355
2370,15,1,3,CR,Prem,1,15,2,2,Raya,GKP,1,2,61.0,1,2,1684,0.0011876484560570072
2371,15,1,4,CR,Prem,1,15,9,9,Raya,GKP,1,9,61.0,1,9,1684,0.005344418052256532
2372,15,1,5,CR,Prem,1,15,4,4,Raya,GKP,1,4,61.0,1,4,1684,0.0023752969121140144
2373,15,1,6,CR,Prem,1,15,1,1,Raya,GKP,1,1,61.0,1,0,1684,0.0005938242280285036
2374,15,1,7,CR,Prem,1,15,2,2,Raya,GKP,1,2,61.0,1,0,1684,0.0011876484560570072
2375,15,1,8,CR,Prem,1,15,1,1,Raya,GKP,1,1,61.0,1,0,1684,0.0005938242280285036
2376,15,1,9,CR,Prem,1,15,0,0,Raya,GKP,1,0,61.0,1,0,1684,0.0
2377,15,1,10,CR,Prem,1,15,3,3,Raya,GKP,1,3,61.0,1,3,1684,0.0017814726840855108
2378,15,1,11,CR,Prem,1,15,2,2,Raya,GKP,1,2,61.0,1,2,1684,0.0011876484560570072
2379,15,1,12,CR,Prem,1,15,6,6,Raya,GKP,1,6,61.0,1,6,1684,0.0035629453681710215
2380,15,1,13,CR,Prem,1,15,2,2,Raya,GKP,1,2,61.0,1,0,1684,0.0011876484560570072
2381,15,1,14,CR,Prem,0,15,6,0,Raya,GKP,1,6,61.0,1,6,1684,0.0035629453681710215
2382,15,1,15,CR,Prem,1,15,2,2,Raya,GKP,1,2,61.0,1,2,1684,0.0011876484560570072
2383,15,1,16,CR,Prem,1,15,6,6,Raya,GKP,1,6,61.0,1,6,1684,0.0035629453681710215
2384,15,1,17,CR,Prem,1,15,3,3,Raya,GKP,1,3,61.0,1,0,1684,0.0017814726840855108
2385,15,1,18,CR,Prem,1,15,6,6,Raya,GKP,1,6,61.0,1,6,1684,0.0035629453681710215
2386,15,1,19,CR,Prem,1,15,2,2,Raya,GKP,1,2,61.0,1,2,1684,0.0011876484560570072
2387,15,1,20,CR,Prem,1,15,3,3,Raya,GKP,1,3,61.0,1,0,1684,0.0017814726840855108
2388,15,1,21,CR,Prem,1,15,2,2,Raya,GKP,1,2,61.0,1,2,1684,0.0011876484560570072
2389,15,1,22,CR,Prem,1,15,1,1,Raya,GKP,1,1,61.0,1,0,1684,0.0005938242280285036
2390,15,1,23,CR,Prem,1,15,9,9,Raya,GKP,1,9,61.0,1,9,1684,0.005344418052256532
2391,15,12,24,CR,Prem,0,15,3,0,Raya,GKP,1,0,61.0,1,0,1684,0.0
2392,15,1,25,CR,Prem,1,15,7,7,Raya,GKP,1,7,61.0,1,7,1684,0.004156769596199525
2393,15,1,26,CR,Prem,1,15,2,2,Raya,GKP,1,2,61.0,1,2,1684,0.0011876484560570072
2394,15,1,27,CR,Prem,1,15,6,6,Raya,GKP,1,6,61.0,1,6,1684,0.0035629453681710215
2395,15,1,28,CR,Prem,1,15,3,3,Raya,GKP,1,3,61.0,1,3,1684,0.0017814726840855108
2396,15,12,29,CR,Prem,0,15,6,0,Raya,GKP,1,0,61.0,1,6,1684,0.0
2397,15,1,30,CR,Prem,1,15,2,2,Raya,GKP,1,2,61.0,1,0,1684,0.0011876484560570072
2398,15,1,31,CR,Prem,1,15,2,2,Raya,GKP,1,2,61.0,1,0,1684,0.0011876484560570072
2399,15,1,32,CR,Prem,1,15,2,2,Raya,GKP,1,2,61.0,1,0,1684,0.0011876484560570072
2400,15,1,33,CR,Prem,1,15,7,7,Raya,GKP,1,7,61.0,1,7,1684,0.004156769596199525
2401,15,12,34,CR,Prem,0,15,0,0,Raya,GKP,1,0,61.0,1,0,1684,0.0
2402,15,1,35,CR,Prem,1,15,1,1,Raya,GKP,1,1,61.0,1,0,1684,0.0005938242280285036
2403,15,12,36,CR,Prem,0,15,2,0,Raya,GKP,1,0,61.0,1,0,1684,0.0
2404,15,12,37,CR,Prem,0,15,7,0,Raya,GKP,1,0,61.0,1,7,1684,0.0
2405,15,12,38,CR,Prem,0,15,2,0,Raya,GKP,1,0,61.0,1,2,1684,0.0
2406,18,2,1,CR,Prem,1,18,6,6,Saliba,DEF,1,6,36.0,1,6,1684,0.0035629453681710215
2407,18,2,2,CR,Prem,1,18,6,6,Saliba,DEF,1,6,36.0,1,6,1684,0.0035629453681710215
2408,18,2,3,CR,Prem,1,18,2,2,Saliba,DEF,1,2,36.0,1,2,1684,0.0011876484560570072
2409,18,2,4,CR,Prem,1,18,5,5,Saliba,DEF,1,5,36.0,1,5,1684,0.0029691211401425177
2410,18,2,5,CR,Prem,1,18,1,1,Saliba,DEF,1,1,36.0,1,1,1684,0.0005938242280285036
2411,18,2,6,CR,Prem,1,18,0,0,Saliba,DEF,1,0,36.0,1,0,1684,0.0
2412,18,2,7,CR,Prem,1,18,2,2,Saliba,DEF,1,2,36.0,1,2,1684,0.0011876484560570072
2413,18,2,8,CR,Prem,1,18,-3,-3,Saliba,DEF,1,-3,36.0,1,0,1684,-0.0017814726840855108
2414,18,15,9,CR,Prem,0,18,0,0,Saliba,DEF,1,0,36.0,1,0,1684,0.0
2415,18,2,10,CR,Prem,1,18,2,2,Saliba,DEF,1,2,36.0,1,2,1684,0.0011876484560570072
2416,18,2,11,CR,Prem,1,18,2,2,Saliba,DEF,1,2,36.0,1,2,1684,0.0011876484560570072
2417,18,2,12,CR,Prem,1,18,7,7,Saliba,DEF,1,7,36.0,1,7,1684,0.004156769596199525
2418,18,2,13,CR,Prem,1,18,1,1,Saliba,DEF,1,1,36.0,1,1,1684,0.0005938242280285036
2419,18,2,14,CR,Prem,1,18,15,15,Saliba,DEF,1,15,36.0,1,15,1684,0.008907363420427554
2420,18,3,15,CR,Prem,1,18,9,9,Saliba,DEF,1,9,36.0,1,9,1684,0.005344418052256532
2421,18,3,16,CR,Prem,1,18,6,6,Saliba,DEF,1,6,36.0,1,6,1684,0.0035629453681710215
2422,18,3,17,CR,Prem,1,18,2,2,Saliba,DEF,1,2,36.0,1,2,1684,0.0011876484560570072
2423,18,3,18,CR,Prem,1,18,7,7,Saliba,DEF,1,7,36.0,1,7,1684,0.004156769596199525
2424,18,2,19,CR,Prem,1,18,2,2,Saliba,DEF,1,2,36.0,1,2,1684,0.0011876484560570072
2425,18,3,20,CR,Prem,1,18,2,2,Saliba,DEF,1,2,36.0,1,2,1684,0.0011876484560570072
2426,18,3,21,CR,Prem,1,18,2,2,Saliba,DEF,1,2,36.0,1,2,1684,0.0011876484560570072
2427,18,13,22,CR,Prem,1,18,0,0,Saliba,DEF,1,0,36.0,1,0,1684,0.0
2428,18,14,23,CR,Prem,0,18,9,0,Saliba,DEF,1,0,36.0,1,9,1684,0.0
2429,18,14,24,CR,Prem,0,18,2,0,Saliba,DEF,1,0,36.0,1,2,1684,0.0
2430,18,2,25,CR,Prem,1,18,6,6,Saliba,DEF,1,6,36.0,1,6,1684,0.0035629453681710215
2431,18,2,26,CR,Prem,1,18,2,2,Saliba,DEF,1,2,36.0,1,2,1684,0.0011876484560570072
2432,18,4,27,CR,Prem,1,18,8,8,Saliba,DEF,1,8,36.0,1,8,1684,0.004750593824228029
2433,18,2,28,CR,Prem,1,18,2,2,Saliba,DEF,1,2,36.0,1,2,1684,0.0011876484560570072
2434,18,4,29,CR,Prem,1,18,9,9,Saliba,DEF,1,9,36.0,1,9,1684,0.005344418052256532
2435,18,2,30,CR,Prem,1,18,2,2,Saliba,DEF,1,2,36.0,1,2,1684,0.0011876484560570072
2436,18,3,31,CR,Prem,1,18,2,2,Saliba,DEF,1,2,36.0,1,2,1684,0.0011876484560570072
2437,18,2,32,CR,Prem,1,18,2,2,Saliba,DEF,1,2,36.0,1,2,1684,0.0011876484560570072
2438,18,3,33,CR,Prem,1,18,7,7,Saliba,DEF,1,7,36.0,1,7,1684,0.004156769596199525
2439,18,2,35,CR,Prem,1,18,1,1,Saliba,DEF,1,1,36.0,1,1,1684,0.0005938242280285036
2440,18,14,36,CR,Prem,0,18,1,0,Saliba,DEF,1,0,36.0,1,1,1684,0.0
2441,18,14,37,CR,Prem,0,18,1,0,Saliba,DEF,1,0,36.0,1,1,1684,0.0
2442,18,15,38,CR,Prem,0,18,0,0,Saliba,DEF,1,0,36.0,1,0,1684,0.0
2443,340,3,1,CR,Prem,1,340,6,6,Akanji,DEF,13,6,48.0,1,6,1684,0.0035629453681710215
2444,340,3,2,CR,Prem,1,340,2,2,Akanji,DEF,13,2,48.0,1,2,1684,0.0011876484560570072
2445,340,3,3,CR,Prem,1,340,1,1,Akanji,DEF,13,1,48.0,1,1,1684,0.0005938242280285036
2446,340,3,4,CR,Prem,1,340,2,2,Akanji,DEF,13,2,48.0,1,2,1684,0.0011876484560570072
2447,340,14,5,CR,Prem,0,340,1,0,Akanji,DEF,13,0,48.0,1,1,1684,0.0
2448,340,4,6,CR,Prem,1,340,2,2,Akanji,DEF,13,2,48.0,1,2,1684,0.0011876484560570072
2449,340,4,7,CR,Prem,1,340,2,2,Akanji,DEF,13,2,48.0,1,2,1684,0.0011876484560570072
2450,340,14,8,CR,Prem,1,340,0,0,Akanji,DEF,13,0,48.0,1,0,1684,0.0
2451,340,4,9,CR,Prem,1,340,6,6,Akanji,DEF,13,6,48.0,1,6,1684,0.0035629453681710215
2452,340,3,10,CR,Prem,1,340,1,1,Akanji,DEF,13,1,48.0,1,1,1684,0.0005938242280285036
2453,340,13,11,CR,Prem,1,340,0,0,Akanji,DEF,13,0,48.0,1,0,1684,0.0
2454,340,3,12,CR,Prem,1,340,-1,-1,Akanji,DEF,13,-1,48.0,1,0,1684,-0.0005938242280285036
2455,340,3,13,CR,Prem,1,340,0,0,Akanji,DEF,13,0,48.0,1,0,1684,0.0
2456,340,3,14,CR,Prem,1,340,1,1,Akanji,DEF,13,1,48.0,1,0,1684,0.0005938242280285036
2457,340,3,23,CR,Prem,1,340,2,2,Akanji,DEF,13,2,48.0,1,2,1684,0.0011876484560570072
2458,340,15,24,CR,Prem,0,340,0,0,Akanji,DEF,13,0,48.0,1,0,1684,0.0
2459,340,3,38,CR,Prem,1,340,6,6,Akanji,DEF,13,6,48.0,1,6,1684,0.0035629453681710215
2460,361,4,1,CR,Prem,1,361,6,6,Rúben,DEF,13,6,49.0,1,6,1684,0.0035629453681710215
2461,361,4,2,CR,Prem,1,361,1,1,Rúben,DEF,13,1,49.0,1,1,1684,0.0005938242280285036
2462,361,4,3,CR,Prem,1,361,0,0,Rúben,DEF,13,0,49.0,1,0,1684,0.0
2463,361,15,4,CR,Prem,0,361,1,0,Rúben,DEF,13,0,49.0,1,0,1684,0.0
2464,361,15,5,CR,Prem,0,361,0,0,Rúben,DEF,13,0,49.0,1,0,1684,0.0
2465,361,14,6,CR,Prem,0,361,1,0,Rúben,DEF,13,0,49.0,1,1,1684,0.0
2466,361,14,7,CR,Prem,0,361,1,0,Rúben,DEF,13,0,49.0,1,1,1684,0.0
2467,361,3,8,CR,Prem,0,361,2,0,Rúben,DEF,13,2,49.0,1,2,1684,0.0011876484560570072
2468,361,2,9,CR,Prem,1,361,7,7,Rúben,DEF,13,7,49.0,1,7,1684,0.004156769596199525
2469,361,14,10,CR,Prem,1,361,0,0,Rúben,DEF,13,0,49.0,1,0,1684,0.0
2470,361,15,11,CR,Prem,0,361,0,0,Rúben,DEF,13,0,49.0,1,0,1684,0.0
2471,361,15,12,CR,Prem,0,361,0,0,Rúben,DEF,13,0,49.0,1,0,1684,0.0
2472,361,15,13,CR,Prem,0,361,1,0,Rúben,DEF,13,0,49.0,1,1,1684,0.0
2473,361,4,14,CR,Prem,0,361,6,0,Rúben,DEF,13,6,49.0,1,6,1684,0.0035629453681710215
2474,361,14,15,CR,Prem,0,361,1,0,Rúben,DEF,13,0,49.0,1,1,1684,0.0
2475,361,4,16,CR,Prem,1,361,1,1,Rúben,DEF,13,1,49.0,1,1,1684,0.0005938242280285036
2476,361,14,17,CR,Prem,0,361,0,0,Rúben,DEF,13,0,49.0,1,0,1684,0.0
2477,199,5,1,CR,Prem,1,199,2,2,Eze,MID,7,2,24.0,1,2,1684,0.0011876484560570072
2478,199,6,2,CR,Prem,1,199,2,2,Eze,MID,7,2,24.0,1,2,1684,0.0011876484560570072
2479,199,6,3,CR,Prem,1,199,10,10,Eze,MID,7,10,24.0,1,10,1684,0.0059382422802850355
2480,199,6,4,CR,Prem,1,199,2,2,Eze,MID,7,2,24.0,1,2,1684,0.0011876484560570072
2481,199,6,5,CR,Prem,1,199,3,3,Eze,MID,7,3,24.0,1,3,1684,0.0017814726840855108
2482,199,6,6,CR,Prem,1,199,2,2,Eze,MID,7,2,24.0,1,2,1684,0.0011876484560570072
2483,199,6,7,CR,Prem,1,199,2,2,Eze,MID,7,2,24.0,1,2,1684,0.0011876484560570072
2484,199,5,8,CR,Prem,1,199,2,2,Eze,MID,7,2,24.0,1,2,1684,0.0011876484560570072
2485,199,6,9,CR,Prem,1,199,6,6,Eze,MID,7,6,24.0,1,6,1684,0.0035629453681710215
2486,199,13,10,CR,Prem,1,199,0,0,Eze,MID,7,0,24.0,1,0,1684,0.0
2487,199,14,11,CR,Prem,0,199,0,0,Eze,MID,7,0,24.0,1,0,1684,0.0
2488,199,14,12,CR,Prem,0,199,0,0,Eze,MID,7,0,24.0,1,0,1684,0.0
2489,199,8,13,CR,Prem,0,199,2,0,Eze,MID,7,2,24.0,1,2,1684,0.0011876484560570072
2490,199,5,14,CR,Prem,1,199,6,6,Eze,MID,7,6,24.0,1,6,1684,0.0035629453681710215
2491,199,7,15,CR,Prem,1,199,2,2,Eze,MID,7,2,24.0,1,2,1684,0.0011876484560570072
2492,199,7,16,CR,Prem,1,199,1,1,Eze,MID,7,1,24.0,1,1,1684,0.0005938242280285036
2493,199,15,17,CR,Prem,0,199,0,0,Eze,MID,7,0,24.0,1,0,1684,0.0
2494,199,6,21,CR,Prem,1,199,6,6,Eze,MID,7,6,24.0,1,6,1684,0.0035629453681710215
2495,199,6,22,CR,Prem,1,199,6,6,Eze,MID,7,6,24.0,1,6,1684,0.0035629453681710215
2496,199,6,23,CR,Prem,1,199,2,2,Eze,MID,7,2,24.0,1,2,1684,0.0011876484560570072
2497,28,6,1,CR,Prem,1,28,1,1,Bailey,MID,2,1,25.0,1,0,1684,0.0005938242280285036
2498,28,13,2,CR,Prem,0,28,2,0,Bailey,MID,2,0,25.0,1,2,1684,0.0
2499,99,7,1,CR,Prem,1,99,9,9,Mbeumo,MID,4,9,37.0,1,9,1684,0.005344418052256532
2500,99,8,2,CR,Prem,1,99,1,1,Mbeumo,MID,4,1,37.0,1,0,1684,0.0005938242280285036
2501,99,8,3,CR,Prem,1,99,14,14,Mbeumo,MID,4,14,37.0,1,14,1684,0.00831353919239905
2502,99,13,4,CR,Prem,0,99,2,0,Mbeumo,MID,4,0,37.0,1,2,1684,0.0
2503,99,5,5,CR,Prem,1,99,8,8,Mbeumo,MID,4,8,37.0,1,8,1684,0.004750593824228029
2504,99,5,6,CR,Prem,1,99,9,9,Mbeumo,MID,4,9,37.0,1,9,1684,0.005344418052256532
2505,99,5,7,CR,Prem,1,99,8,8,Mbeumo,MID,4,8,37.0,1,8,1684,0.004750593824228029
2506,99,7,8,CR,Prem,1,99,2,2,Mbeumo,MID,4,2,37.0,1,2,1684,0.0011876484560570072
2507,99,5,9,CR,Prem,1,99,15,15,Mbeumo,MID,4,15,37.0,1,15,1684,0.008907363420427554
2508,99,6,10,CR,Prem,1,99,3,3,Mbeumo,MID,4,3,37.0,1,3,1684,0.0017814726840855108
2509,99,6,11,CR,Prem,1,99,5,5,Mbeumo,MID,4,5,37.0,1,5,1684,0.0029691211401425177
2510,99,7,12,CR,Prem,1,99,3,3,Mbeumo,MID,4,3,37.0,1,3,1684,0.0017814726840855108
2511,99,6,13,CR,Prem,1,99,2,2,Mbeumo,MID,4,2,37.0,1,2,1684,0.0011876484560570072
2512,99,7,14,CR,Prem,1,99,2,2,Mbeumo,MID,4,2,37.0,1,2,1684,0.0011876484560570072
2513,99,5,15,CR,Prem,1,99,13,13,Mbeumo,MID,4,13,37.0,1,13,1684,0.007719714964370546
2514,99,5,16,CR,Prem,1,99,9,9,Mbeumo,MID,4,9,37.0,1,9,1684,0.005344418052256532
2515,99,5,17,CR,Prem,1,99,2,2,Mbeumo,MID,4,2,37.0,1,2,1684,0.0011876484560570072
2516,99,5,18,CR,Prem,1,99,3,3,Mbeumo,MID,4,3,37.0,1,3,1684,0.0017814726840855108
2517,99,7,19,CR,Prem,1,99,7,7,Mbeumo,MID,4,7,37.0,1,7,1684,0.004156769596199525
2518,99,8,20,CR,Prem,1,99,19,19,Mbeumo,MID,4,19,37.0,1,19,1684,0.011282660332541567
2519,99,8,21,CR,Prem,1,99,2,2,Mbeumo,MID,4,2,37.0,1,2,1684,0.0011876484560570072
2520,99,7,22,CR,Prem,1,99,2,2,Mbeumo,MID,4,2,37.0,1,2,1684,0.0011876484560570072
2521,99,8,23,CR,Prem,1,99,7,7,Mbeumo,MID,4,7,37.0,1,7,1684,0.004156769596199525
2522,99,8,24,CR,Prem,1,99,2,2,Mbeumo,MID,4,2,37.0,1,2,1684,0.0011876484560570072
2523,99,8,25,CR,Prem,1,99,3,3,Mbeumo,MID,4,3,37.0,1,3,1684,0.0017814726840855108
2524,99,7,26,CR,Prem,1,99,14,14,Mbeumo,MID,4,14,37.0,1,14,1684,0.00831353919239905
2525,99,8,27,CR,Prem,1,99,5,5,Mbeumo,MID,4,5,37.0,1,5,1684,0.0029691211401425177
2526,99,7,28,CR,Prem,1,99,2,2,Mbeumo,MID,4,2,37.0,1,2,1684,0.0011876484560570072
2527,99,8,29,CR,Prem,1,99,6,6,Mbeumo,MID,4,6,37.0,1,6,1684,0.0035629453681710215
2528,99,7,30,CR,Prem,1,99,8,8,Mbeumo,MID,4,8,37.0,1,8,1684,0.004750593824228029
2529,99,8,31,CR,Prem,1,99,3,3,Mbeumo,MID,4,3,37.0,1,3,1684,0.0017814726840855108
2530,99,7,32,CR,Prem,1,99,2,2,Mbeumo,MID,4,2,37.0,1,2,1684,0.0011876484560570072
2531,99,8,33,CR,Prem,1,99,18,18,Mbeumo,MID,4,18,37.0,1,18,1684,0.010688836104513063
2532,99,8,34,CR,Prem,1,99,2,2,Mbeumo,MID,4,2,37.0,1,2,1684,0.0011876484560570072
2533,99,9,35,CR,Prem,1,99,5,5,Mbeumo,MID,4,5,37.0,1,5,1684,0.0029691211401425177
2534,99,8,36,CR,Prem,1,99,6,6,Mbeumo,MID,4,6,37.0,1,6,1684,0.0035629453681710215
2535,99,8,37,CR,Prem,1,99,5,5,Mbeumo,MID,4,5,37.0,1,5,1684,0.0029691211401425177
2536,99,8,38,CR,Prem,1,99,8,8,Mbeumo,MID,4,8,37.0,1,8,1684,0.004750593824228029
2537,525,8,1,CR,Prem,1,525,2,2,Kudus,MID,19,2,60.0,1,2,1684,0.0011876484560570072
2538,525,14,2,CR,Prem,0,525,3,0,Kudus,MID,19,0,60.0,1,3,1684,0.0
2539,207,9,1,CR,Prem,1,207,1,1,Mateta,FWD,7,1,13.0,1,0,1684,0.0005938242280285036
2540,207,9,2,CR,Prem,1,207,2,2,Mateta,FWD,7,2,13.0,1,2,1684,0.0011876484560570072
2541,207,9,3,CR,Prem,1,207,2,2,Mateta,FWD,7,2,13.0,1,2,1684,0.0011876484560570072
2542,207,9,4,CR,Prem,1,207,13,13,Mateta,FWD,7,13,13.0,1,13,1684,0.007719714964370546
2543,207,9,5,CR,Prem,1,207,1,1,Mateta,FWD,7,1,13.0,1,0,1684,0.0005938242280285036
2544,207,9,6,CR,Prem,1,207,2,2,Mateta,FWD,7,2,13.0,1,2,1684,0.0011876484560570072
2545,207,9,7,CR,Prem,1,207,1,1,Mateta,FWD,7,1,13.0,1,1,1684,0.0005938242280285036
2546,207,11,8,CR,Prem,1,207,1,1,Mateta,FWD,7,1,13.0,1,1,1684,0.0005938242280285036
2547,207,9,9,CR,Prem,1,207,8,8,Mateta,FWD,7,8,13.0,1,8,1684,0.004750593824228029
2548,207,11,10,CR,Prem,1,207,2,2,Mateta,FWD,7,2,13.0,1,2,1684,0.0011876484560570072
2549,207,11,11,CR,Prem,1,207,2,2,Mateta,FWD,7,2,13.0,1,2,1684,0.0011876484560570072
2550,207,11,12,CR,Prem,1,207,5,5,Mateta,FWD,7,5,13.0,1,5,1684,0.0029691211401425177
2551,207,11,13,CR,Prem,1,207,2,2,Mateta,FWD,7,2,13.0,1,2,1684,0.0011876484560570072
2552,207,11,14,CR,Prem,1,207,8,8,Mateta,FWD,7,8,13.0,1,8,1684,0.004750593824228029
2553,207,9,15,CR,Prem,1,207,2,2,Mateta,FWD,7,2,13.0,1,2,1684,0.0011876484560570072
2554,207,9,16,CR,Prem,1,207,1,1,Mateta,FWD,7,1,13.0,1,0,1684,0.0005938242280285036
2555,207,9,17,CR,Prem,1,207,2,2,Mateta,FWD,7,2,13.0,1,2,1684,0.0011876484560570072
2556,207,9,18,CR,Prem,1,207,2,2,Mateta,FWD,7,2,13.0,1,2,1684,0.0011876484560570072
2557,351,10,1,CR,Prem,1,351,7,7,Haaland,FWD,13,7,1.0,1,7,1684,0.004156769596199525
2558,351,10,2,CR,Prem,1,351,17,17,Haaland,FWD,13,17,1.0,1,17,1684,0.010095011876484561
2559,351,10,3,CR,Prem,1,351,17,17,Haaland,FWD,13,17,1.0,1,17,1684,0.010095011876484561
2560,351,10,4,CR,Prem,1,351,13,13,Haaland,FWD,13,13,1.0,1,13,1684,0.007719714964370546
2561,351,10,5,CR,Prem,1,351,9,9,Haaland,FWD,13,9,1.0,1,9,1684,0.005344418052256532
2562,351,10,6,CR,Prem,1,351,2,2,Haaland,FWD,13,2,1.0,1,2,1684,0.0011876484560570072
2563,351,10,7,CR,Prem,1,351,2,2,Haaland,FWD,13,2,1.0,1,2,1684,0.0011876484560570072
2564,351,9,8,CR,Prem,1,351,2,2,Haaland,FWD,13,2,1.0,1,2,1684,0.0011876484560570072
2565,351,10,9,CR,Prem,1,351,6,6,Haaland,FWD,13,6,1.0,1,6,1684,0.0035629453681710215
2566,351,9,10,CR,Prem,1,351,2,2,Haaland,FWD,13,2,1.0,1,2,1684,0.0011876484560570072
2567,351,9,11,CR,Prem,1,351,5,5,Haaland,FWD,13,5,1.0,1,5,1684,0.0029691211401425177
2568,351,9,12,CR,Prem,1,351,2,2,Haaland,FWD,13,2,1.0,1,2,1684,0.0011876484560570072
2569,351,9,13,CR,Prem,1,351,2,2,Haaland,FWD,13,2,1.0,1,2,1684,0.0011876484560570072
2570,351,9,14,CR,Prem,1,351,5,5,Haaland,FWD,13,5,1.0,1,5,1684,0.0029691211401425177
2571,351,10,15,CR,Prem,1,351,7,7,Haaland,FWD,13,7,1.0,1,7,1684,0.004156769596199525
2572,351,10,16,CR,Prem,1,351,2,2,Haaland,FWD,13,2,1.0,1,2,1684,0.0011876484560570072
2573,351,10,17,CR,Prem,1,351,2,2,Haaland,FWD,13,2,1.0,1,2,1684,0.0011876484560570072
2574,351,10,18,CR,Prem,1,351,0,0,Haaland,FWD,13,0,1.0,1,0,1684,0.0
2575,351,10,19,CR,Prem,1,351,8,8,Haaland,FWD,13,8,1.0,1,8,1684,0.004750593824228029
2576,351,11,20,CR,Prem,1,351,13,13,Haaland,FWD,13,13,1.0,1,13,1684,0.007719714964370546
2577,351,11,21,CR,Prem,1,351,2,2,Haaland,FWD,13,2,1.0,1,2,1684,0.0011876484560570072
2578,351,9,22,CR,Prem,1,351,6,6,Haaland,FWD,13,6,1.0,1,6,1684,0.0035629453681710215
2579,351,11,23,CR,Prem,1,351,12,12,Haaland,FWD,13,12,1.0,1,12,1684,0.007125890736342043
2580,351,11,24,CR,Prem,1,351,6,6,Haaland,FWD,13,6,1.0,1,6,1684,0.0035629453681710215
2581,351,11,25,CR,Prem,1,351,5,5,Haaland,FWD,13,5,1.0,1,5,1684,0.0029691211401425177
2582,351,13,26,CR,Prem,1,351,0,0,Haaland,FWD,13,0,1.0,1,0,1684,0.0
2583,351,11,27,CR,Prem,1,351,8,8,Haaland,FWD,13,8,1.0,1,8,1684,0.004750593824228029
2584,351,10,28,CR,Prem,1,351,2,2,Haaland,FWD,13,2,1.0,1,2,1684,0.0011876484560570072
2585,351,11,29,CR,Prem,1,351,7,7,Haaland,FWD,13,7,1.0,1,7,1684,0.004156769596199525
2586,351,14,30,CR,Prem,1,351,0,0,Haaland,FWD,13,0,1.0,1,0,1684,0.0
2587,351,15,31,CR,Prem,0,351,0,0,Haaland,FWD,13,0,1.0,1,0,1684,0.0
2588,351,15,32,CR,Prem,0,351,0,0,Haaland,FWD,13,0,1.0,1,0,1684,0.0
2589,351,15,33,CR,Prem,0,351,0,0,Haaland,FWD,13,0,1.0,1,0,1684,0.0
2590,351,15,34,CR,Prem,0,351,0,0,Haaland,FWD,13,0,1.0,1,0,1684,0.0
2591,351,15,35,CR,Prem,0,351,0,0,Haaland,FWD,13,0,1.0,1,0,1684,0.0
2592,351,10,36,CR,Prem,1,351,2,2,Haaland,FWD,13,2,1.0,1,2,1684,0.0011876484560570072
2593,351,10,37,CR,Prem,1,351,2,2,Haaland,FWD,13,2,1.0,1,2,1684,0.0011876484560570072
2594,351,10,38,CR,Prem,1,351,6,6,Haaland,FWD,13,6,1.0,1,6,1684,0.0035629453681710215
2595,4,11,1,CR,Prem,1,4,12,12,Havertz,FWD,1,12,12.0,1,12,1684,0.007125890736342043
2596,4,11,2,CR,Prem,1,4,2,2,Havertz,FWD,1,2,12.0,1,2,1684,0.0011876484560570072
2597,4,11,3,CR,Prem,1,4,8,8,Havertz,FWD,1,8,12.0,1,8,1684,0.004750593824228029
2598,4,11,4,CR,Prem,1,4,2,2,Havertz,FWD,1,2,12.0,1,2,1684,0.0011876484560570072
2599,4,11,5,CR,Prem,1,4,2,2,Havertz,FWD,1,2,12.0,1,2,1684,0.0011876484560570072
2600,4,11,6,CR,Prem,1,4,6,6,Havertz,FWD,1,6,12.0,1,6,1684,0.0035629453681710215
2601,4,11,7,CR,Prem,1,4,8,8,Havertz,FWD,1,8,12.0,1,8,1684,0.004750593824228029
2602,4,10,8,CR,Prem,1,4,2,2,Havertz,FWD,1,2,12.0,1,2,1684,0.0011876484560570072
2603,4,11,9,CR,Prem,1,4,2,2,Havertz,FWD,1,2,12.0,1,2,1684,0.0011876484560570072
2604,4,10,10,CR,Prem,1,4,1,1,Havertz,FWD,1,1,12.0,1,0,1684,0.0005938242280285036
2605,4,10,11,CR,Prem,1,4,1,1,Havertz,FWD,1,1,12.0,1,1,1684,0.0005938242280285036
2606,4,10,12,CR,Prem,1,4,0,0,Havertz,FWD,1,0,12.0,1,0,1684,0.0
2607,4,10,13,CR,Prem,1,4,6,6,Havertz,FWD,1,6,12.0,1,6,1684,0.0035629453681710215
2608,4,10,14,CR,Prem,1,4,2,2,Havertz,FWD,1,2,12.0,1,2,1684,0.0011876484560570072
2609,4,11,15,CR,Prem,1,4,5,5,Havertz,FWD,1,5,12.0,1,5,1684,0.0029691211401425177
2610,4,11,16,CR,Prem,1,4,2,2,Havertz,FWD,1,2,12.0,1,2,1684,0.0011876484560570072
2611,4,11,17,CR,Prem,1,4,6,6,Havertz,FWD,1,6,12.0,1,6,1684,0.0035629453681710215
2612,4,11,18,CR,Prem,1,4,7,7,Havertz,FWD,1,7,12.0,1,7,1684,0.004156769596199525
2613,4,13,19,CR,Prem,1,4,0,0,Havertz,FWD,1,0,12.0,1,0,1684,0.0
2614,4,13,20,CR,Prem,0,4,0,0,Havertz,FWD,1,0,12.0,1,0,1684,0.0
2615,4,9,21,CR,Prem,1,4,1,1,Havertz,FWD,1,1,12.0,1,1,1684,0.0005938242280285036
2616,4,10,22,CR,Prem,1,4,7,7,Havertz,FWD,1,7,12.0,1,7,1684,0.004156769596199525
2617,4,9,23,CR,Prem,1,4,2,2,Havertz,FWD,1,2,12.0,1,2,1684,0.0011876484560570072
2618,4,9,24,CR,Prem,1,4,12,12,Havertz,FWD,1,12,12.0,1,12,1684,0.007125890736342043
2619,358,12,1,CR,Prem,0,358,0,0,Ortega Moreno,GKP,13,0,85.0,1,0,1684,0.0
2620,358,12,2,CR,Prem,0,358,0,0,Ortega Moreno,GKP,13,0,85.0,1,0,1684,0.0
2621,358,12,3,CR,Prem,0,358,0,0,Ortega Moreno,GKP,13,0,85.0,1,0,1684,0.0
2622,358,12,4,CR,Prem,0,358,0,0,Ortega Moreno,GKP,13,0,85.0,1,0,1684,0.0
2623,19,13,1,CR,Prem,0,19,3,0,Smith Rowe,MID,9,0,73.0,1,3,1684,0.0
2624,19,8,5,CR,Prem,1,19,8,8,Smith Rowe,MID,9,8,73.0,1,8,1684,0.004750593824228029
2625,19,8,6,CR,Prem,1,19,3,3,Smith Rowe,MID,9,3,73.0,1,3,1684,0.0017814726840855108
2626,19,15,7,CR,Prem,0,19,1,0,Smith Rowe,MID,9,0,73.0,1,0,1684,0.0
2627,19,13,8,CR,Prem,0,19,1,0,Smith Rowe,MID,9,0,73.0,1,1,1684,0.0
2628,19,13,9,CR,Prem,0,19,6,0,Smith Rowe,MID,9,0,73.0,1,6,1684,0.0
2629,19,7,10,CR,Prem,1,19,2,2,Smith Rowe,MID,9,2,73.0,1,2,1684,0.0011876484560570072
2630,19,7,11,CR,Prem,1,19,11,11,Smith Rowe,MID,9,11,73.0,1,11,1684,0.006532066508313539
2631,19,8,12,CR,Prem,1,19,1,1,Smith Rowe,MID,9,1,73.0,1,1,1684,0.0005938242280285036
2632,19,7,13,CR,Prem,1,19,2,2,Smith Rowe,MID,9,2,73.0,1,2,1684,0.0011876484560570072
2633,19,15,14,CR,Prem,0,19,2,0,Smith Rowe,MID,9,0,73.0,1,0,1684,0.0
2634,19,13,15,CR,Prem,0,19,1,0,Smith Rowe,MID,9,0,73.0,1,0,1684,0.0
2635,19,13,16,CR,Prem,0,19,1,0,Smith Rowe,MID,9,0,73.0,1,0,1684,0.0
2636,409,14,1,CR,Prem,0,409,7,0,Livramento,DEF,15,0,84.0,1,7,1684,0.0
2637,409,5,2,CR,Prem,1,409,1,1,Livramento,DEF,15,1,84.0,1,0,1684,0.0005938242280285036
2638,409,13,3,CR,Prem,0,409,2,0,Livramento,DEF,15,0,84.0,1,2,1684,0.0
2639,409,4,4,CR,Prem,1,409,2,2,Livramento,DEF,15,2,84.0,1,2,1684,0.0011876484560570072
2640,409,4,5,CR,Prem,1,409,1,1,Livramento,DEF,15,1,84.0,1,1,1684,0.0005938242280285036
2641,409,15,6,CR,Prem,0,409,1,0,Livramento,DEF,15,0,84.0,1,1,1684,0.0
2642,333,15,1,CR,Prem,0,333,1,0,Quansah,DEF,12,0,72.0,1,0,1684,0.0
2643,333,15,2,CR,Prem,0,333,0,0,Quansah,DEF,12,0,72.0,1,0,1684,0.0
2644,45,4,36,CR,Prem,1,45,1,1,Maatsen,DEF,2,1,,0,1,1684,0.0005938242280285036
2645,345,5,33,CR,Prem,1,345,5,5,De Bruyne,MID,13,5,,0,5,1684,0.0029691211401425177
2646,345,14,34,CR,Prem,0,345,0,0,De Bruyne,MID,13,0,,0,0,1684,0.0
2647,345,8,35,CR,Prem,1,345,11,11,De Bruyne,MID,13,11,,0,11,1684,0.006532066508313539
2648,345,5,36,CR,Prem,1,345,3,3,De Bruyne,MID,13,3,,0,3,1684,0.0017814726840855108
2649,345,5,37,CR,Prem,1,345,3,3,De Bruyne,MID,13,3,,0,3,1684,0.0017814726840855108
2650,345,5,38,CR,Prem,1,345,1,1,De Bruyne,MID,13,1,,0,0,1684,0.0005938242280285036
2651,9,8,7,CR,Prem,1,9,6,6,Martinelli,MID,1,6,,0,6,1684,0.0035629453681710215
2652,9,8,8,CR,Prem,1,9,1,1,Martinelli,MID,1,1,,0,0,1684,0.0005938242280285036
2653,9,8,9,CR,Prem,1,9,2,2,Martinelli,MID,1,2,,0,2,1684,0.0011876484560570072
2654,9,8,10,CR,Prem,1,9,2,2,Martinelli,MID,1,2,,0,2,1684,0.0011876484560570072
2655,9,8,11,CR,Prem,1,9,8,8,Martinelli,MID,1,8,,0,8,1684,0.004750593824228029
2656,9,13,12,CR,Prem,1,9,0,0,Martinelli,MID,1,0,,0,0,1684,0.0
2657,9,14,13,CR,Prem,1,9,0,0,Martinelli,MID,1,0,,0,0,1684,0.0
2658,336,7,2,CR,Prem,1,336,2,2,Szoboszlai,MID,12,2,,0,2,1684,0.0011876484560570072
2659,336,7,3,CR,Prem,1,336,6,6,Szoboszlai,MID,12,6,,0,6,1684,0.0035629453681710215
2660,336,7,4,CR,Prem,1,336,1,1,Szoboszlai,MID,12,1,,0,1,1684,0.0005938242280285036
2661,336,7,5,CR,Prem,1,336,3,3,Szoboszlai,MID,12,3,,0,3,1684,0.0017814726840855108
2662,336,13,6,CR,Prem,0,336,2,0,Szoboszlai,MID,12,0,,0,0,1684,0.0
2663,177,7,24,CR,Prem,1,177,2,2,Madueke,MID,6,2,,0,2,1684,0.0011876484560570072
2664,177,9,25,CR,Prem,1,177,1,1,Madueke,MID,6,1,,0,1,1684,0.0005938242280285036
2665,78,5,3,CR,Prem,1,78,6,6,Semenyo,MID,3,6,,0,6,1684,0.0035629453681710215
2666,78,5,4,CR,Prem,1,78,1,1,Semenyo,MID,3,1,,0,0,1684,0.0005938242280285036
2667,78,13,5,CR,Prem,0,78,2,0,Semenyo,MID,3,0,,0,2,1684,0.0
2668,78,7,6,CR,Prem,1,78,7,7,Semenyo,MID,3,7,,0,7,1684,0.004156769596199525
2669,78,7,7,CR,Prem,1,78,2,2,Semenyo,MID,3,2,,0,2,1684,0.0011876484560570072
2670,78,6,8,CR,Prem,1,78,2,2,Semenyo,MID,3,2,,0,2,1684,0.0011876484560570072
2671,78,7,9,CR,Prem,1,78,1,1,Semenyo,MID,3,1,,0,0,1684,0.0005938242280285036
2672,78,5,10,CR,Prem,0,78,10,0,Semenyo,MID,3,10,,0,10,1684,0.0059382422802850355
2673,78,5,11,CR,Prem,1,78,2,2,Semenyo,MID,3,2,,0,2,1684,0.0011876484560570072
2674,78,6,12,CR,Prem,1,78,1,1,Semenyo,MID,3,1,,0,1,1684,0.0005938242280285036
2675,78,13,13,CR,Prem,1,78,0,0,Semenyo,MID,3,0,,0,0,1684,0.0
2676,530,14,3,CR,Prem,0,530,1,0,Souček,MID,19,0,,0,0,1684,0.0
2677,524,15,3,CR,Prem,0,524,0,0,Kilman,DEF,19,0,,0,0,1684,0.0
2678,524,14,4,CR,Prem,0,524,2,0,Kilman,DEF,19,0,,0,2,1684,0.0
2679,594,4,15,CR,Prem,1,594,1,1,Mazraoui,DEF,14,1,,0,1,1684,0.0005938242280285036
2680,594,15,16,CR,Prem,0,594,2,0,Mazraoui,DEF,14,0,,0,2,1684,0.0
2681,594,13,17,CR,Prem,0,594,1,0,Mazraoui,DEF,14,0,,0,1,1684,0.0
2682,233,8,4,CR,Prem,1,233,1,1,Onana,MID,2,1,,0,0,1684,0.0005938242280285036
2683,145,3,5,CR,Prem,1,145,1,1,Veltman,DEF,5,1,,0,0,1684,0.0005938242280285036
2684,443,12,5,CR,Prem,0,443,1,0,Sels,GKP,16,0,,0,0,1684,0.0
2685,162,3,6,CR,Prem,1,162,1,1,Colwill,DEF,6,1,,0,0,1684,0.0005938242280285036
2686,162,13,7,CR,Prem,0,162,1,0,Colwill,DEF,6,0,,0,0,1684,0.0
2687,162,15,8,CR,Prem,0,162,1,0,Colwill,DEF,6,0,,0,1,1684,0.0
2688,162,14,9,CR,Prem,0,162,2,0,Colwill,DEF,6,0,,0,0,1684,0.0
2689,162,4,10,CR,Prem,0,162,2,0,Colwill,DEF,6,2,,0,2,1684,0.0011876484560570072
2690,162,3,11,CR,Prem,0,162,1,0,Colwill,DEF,6,1,,0,1,1684,0.0005938242280285036
2691,162,5,12,CR,Prem,0,162,2,0,Colwill,DEF,6,2,,0,2,1684,0.0011876484560570072
2692,162,5,13,CR,Prem,0,162,6,0,Colwill,DEF,6,6,,0,6,1684,0.0035629453681710215
2693,162,13,14,CR,Prem,1,162,0,0,Colwill,DEF,6,0,,0,0,1684,0.0
2694,162,2,15,CR,Prem,1,162,1,1,Colwill,DEF,6,1,,0,0,1684,0.0005938242280285036
2695,162,14,16,CR,Prem,0,162,2,0,Colwill,DEF,6,0,,0,2,1684,0.0
2696,162,4,17,CR,Prem,1,162,6,6,Colwill,DEF,6,6,,0,6,1684,0.0035629453681710215
2697,162,4,18,CR,Prem,1,162,4,4,Colwill,DEF,6,4,,0,4,1684,0.0023752969121140144
2698,162,15,19,CR,Prem,0,162,0,0,Colwill,DEF,6,0,,0,0,1684,0.0
2699,162,15,20,CR,Prem,0,162,1,0,Colwill,DEF,6,0,,0,1,1684,0.0
2700,162,5,21,CR,Prem,1,162,1,1,Colwill,DEF,6,1,,0,0,1684,0.0005938242280285036
2701,162,14,22,CR,Prem,0,162,0,0,Colwill,DEF,6,0,,0,0,1684,0.0
2702,185,12,6,CR,Prem,0,185,2,0,Sánchez,GKP,6,0,,0,2,1684,0.0
2703,185,12,7,CR,Prem,0,185,4,0,Sánchez,GKP,6,0,,0,4,1684,0.0
2704,185,12,8,CR,Prem,0,185,2,0,Sánchez,GKP,6,0,,0,2,1684,0.0
2705,185,12,9,CR,Prem,0,185,1,0,Sánchez,GKP,6,0,,0,1,1684,0.0
2706,185,12,10,CR,Prem,0,185,3,0,Sánchez,GKP,6,0,,0,0,1684,0.0
2707,185,12,11,CR,Prem,0,185,2,0,Sánchez,GKP,6,0,,0,0,1684,0.0
2708,185,12,12,CR,Prem,0,185,1,0,Sánchez,GKP,6,0,,0,0,1684,0.0
2709,185,12,13,CR,Prem,0,185,7,0,Sánchez,GKP,6,0,,0,7,1684,0.0
2710,185,12,14,CR,Prem,1,185,0,0,Sánchez,GKP,6,0,,0,0,1684,0.0
2711,185,12,15,CR,Prem,0,185,0,0,Sánchez,GKP,6,0,,0,0,1684,0.0
2712,185,12,16,CR,Prem,0,185,3,0,Sánchez,GKP,6,0,,0,0,1684,0.0
2713,185,12,17,CR,Prem,0,185,9,0,Sánchez,GKP,6,0,,0,9,1684,0.0
2714,185,12,18,CR,Prem,0,185,2,0,Sánchez,GKP,6,0,,0,0,1684,0.0
2715,8,3,7,CR,Prem,1,8,1,1,Kiwior,DEF,1,1,,0,0,1684,0.0005938242280285036
2716,200,4,8,CR,Prem,1,200,2,2,Guéhi,DEF,7,2,,0,2,1684,0.0011876484560570072
2717,200,3,9,CR,Prem,1,200,6,6,Guéhi,DEF,7,6,,0,6,1684,0.0035629453681710215
2718,200,15,10,CR,Prem,0,200,7,0,Guéhi,DEF,7,0,,0,7,1684,0.0
2719,200,4,11,CR,Prem,1,200,1,1,Guéhi,DEF,7,1,,0,1,1684,0.0005938242280285036
2720,200,4,12,CR,Prem,1,200,1,1,Guéhi,DEF,7,1,,0,1,1684,0.0005938242280285036
2721,200,4,13,CR,Prem,1,200,3,3,Guéhi,DEF,7,3,,0,3,1684,0.0017814726840855108
2722,200,14,14,CR,Prem,0,200,6,0,Guéhi,DEF,7,0,,0,6,1684,0.0
2723,200,15,15,CR,Prem,0,200,1,0,Guéhi,DEF,7,0,,0,0,1684,0.0
2724,200,2,16,CR,Prem,1,200,-1,-1,Guéhi,DEF,7,-1,,0,0,1684,-0.0005938242280285036
2725,200,2,17,CR,Prem,1,200,-1,-1,Guéhi,DEF,7,-1,,0,0,1684,-0.0005938242280285036
2726,200,15,18,CR,Prem,0,200,7,0,Guéhi,DEF,7,0,,0,7,1684,0.0
2727,566,10,33,CR,Prem,1,566,2,2,Strand Larsen,FWD,20,2,,0,2,1684,0.0011876484560570072
2728,566,10,34,CR,Prem,1,566,6,6,Strand Larsen,FWD,20,6,,0,6,1684,0.0035629453681710215
2729,566,13,35,CR,Prem,1,566,0,0,Strand Larsen,FWD,20,0,,0,0,1684,0.0
2730,566,13,36,CR,Prem,0,566,1,0,Strand Larsen,FWD,20,0,,0,1,1684,0.0
2731,566,13,37,CR,Prem,0,566,11,0,Strand Larsen,FWD,20,0,,0,11,1684,0.0
2732,566,11,38,CR,Prem,1,566,4,4,Strand Larsen,FWD,20,4,,0,4,1684,0.0023752969121140144
2733,533,2,27,CR,Prem,1,533,1,1,Aït-Nouri,DEF,20,1,,0,1,1684,0.0005938242280285036
2734,533,3,28,CR,Prem,1,533,2,2,Aït-Nouri,DEF,20,2,,0,2,1684,0.0011876484560570072
2735,533,2,29,CR,Prem,1,533,2,2,Aït-Nouri,DEF,20,2,,0,2,1684,0.0011876484560570072
2736,533,5,30,CR,Prem,0,533,8,0,Aït-Nouri,DEF,20,8,,0,8,1684,0.004750593824228029
2737,533,5,31,CR,Prem,1,533,2,2,Aït-Nouri,DEF,20,2,,0,2,1684,0.0011876484560570072
2738,533,5,32,CR,Prem,0,533,14,0,Aït-Nouri,DEF,20,14,,0,14,1684,0.00831353919239905
2739,533,4,33,CR,Prem,1,533,5,5,Aït-Nouri,DEF,20,5,,0,5,1684,0.0029691211401425177
2740,533,4,34,CR,Prem,1,533,11,11,Aït-Nouri,DEF,20,11,,0,11,1684,0.006532066508313539
2741,533,6,35,CR,Prem,0,533,2,0,Aït-Nouri,DEF,20,2,,0,2,1684,0.0011876484560570072
2742,533,3,36,CR,Prem,1,533,1,1,Aït-Nouri,DEF,20,1,,0,1,1684,0.0005938242280285036
2743,533,3,37,CR,Prem,1,533,0,0,Aït-Nouri,DEF,20,0,,0,0,1684,0.0
2744,533,14,38,CR,Prem,0,533,2,0,Aït-Nouri,DEF,20,0,,0,2,1684,0.0
2745,247,6,14,CR,Prem,1,247,15,15,Iwobi,MID,9,15,,0,15,1684,0.008907363420427554
2746,247,6,15,CR,Prem,1,247,2,2,Iwobi,MID,9,2,,0,2,1684,0.0011876484560570072
2747,247,6,16,CR,Prem,1,247,2,2,Iwobi,MID,9,2,,0,2,1684,0.0011876484560570072
2748,247,6,17,CR,Prem,1,247,3,3,Iwobi,MID,9,3,,0,3,1684,0.0017814726840855108
2749,247,6,18,CR,Prem,1,247,2,2,Iwobi,MID,9,2,,0,2,1684,0.0011876484560570072
2750,247,6,19,CR,Prem,1,247,2,2,Iwobi,MID,9,2,,0,2,1684,0.0011876484560570072
2751,247,5,20,CR,Prem,1,247,2,2,Iwobi,MID,9,2,,0,2,1684,0.0011876484560570072
2752,168,8,14,CR,Prem,1,168,5,5,Enzo,MID,6,5,,0,5,1684,0.0029691211401425177
2753,168,8,15,CR,Prem,1,168,9,9,Enzo,MID,6,9,,0,9,1684,0.005344418052256532
2754,168,8,16,CR,Prem,1,168,5,5,Enzo,MID,6,5,,0,5,1684,0.0029691211401425177
2755,168,8,17,CR,Prem,1,168,3,3,Enzo,MID,6,3,,0,3,1684,0.0017814726840855108
2756,168,8,18,CR,Prem,1,168,2,2,Enzo,MID,6,2,,0,2,1684,0.0011876484560570072
2757,168,8,19,CR,Prem,1,168,1,1,Enzo,MID,6,1,,0,1,1684,0.0005938242280285036
2758,168,7,20,CR,Prem,1,168,1,1,Enzo,MID,6,1,,0,0,1684,0.0005938242280285036
2759,32,4,37,CR,Prem,1,32,5,5,Cash,DEF,2,5,,0,5,1684,0.0029691211401425177
2760,32,4,38,CR,Prem,1,32,1,1,Cash,DEF,2,1,,0,1,1684,0.0005938242280285036
2761,364,7,17,CR,Prem,1,364,2,2,Amad,MID,14,2,,0,2,1684,0.0011876484560570072
2762,364,13,18,CR,Prem,0,364,2,0,Amad,MID,14,0,,0,0,1684,0.0
2763,574,2,18,CR,Prem,1,574,6,6,Milenković,DEF,16,6,,0,6,1684,0.0035629453681710215
2764,574,3,19,CR,Prem,1,574,6,6,Milenković,DEF,16,6,,0,6,1684,0.0035629453681710215
2765,574,2,20,CR,Prem,1,574,6,6,Milenković,DEF,16,6,,0,6,1684,0.0035629453681710215
2766,574,14,21,CR,Prem,0,574,2,0,Milenković,DEF,16,0,,0,2,1684,0.0
2767,574,3,22,CR,Prem,1,574,1,1,Milenković,DEF,16,1,,0,1,1684,0.0005938242280285036
2768,574,2,23,CR,Prem,1,574,0,0,Milenković,DEF,16,0,,0,0,1684,0.0
2769,574,2,24,CR,Prem,1,574,6,6,Milenković,DEF,16,6,,0,6,1684,0.0035629453681710215
2770,574,3,25,CR,Prem,1,574,1,1,Milenković,DEF,16,1,,0,1,1684,0.0005938242280285036
2771,574,3,26,CR,Prem,1,574,5,5,Milenković,DEF,16,5,,0,5,1684,0.0029691211401425177
2772,402,7,18,CR,Prem,1,402,6,6,J.Murphy,MID,15,6,,0,6,1684,0.0035629453681710215
2773,402,5,19,CR,Prem,1,402,3,3,J.Murphy,MID,15,3,,0,3,1684,0.0017814726840855108
2774,402,9,20,CR,Prem,1,402,5,5,J.Murphy,MID,15,5,,0,5,1684,0.0029691211401425177
2775,402,13,21,CR,Prem,0,402,3,0,J.Murphy,MID,15,0,,0,3,1684,0.0
2776,402,5,22,CR,Prem,1,402,2,2,J.Murphy,MID,15,2,,0,2,1684,0.0011876484560570072
2777,231,14,18,CR,Prem,0,231,1,0,Mykolenko,DEF,8,0,,0,0,1684,0.0
2778,231,4,19,CR,Prem,1,231,1,1,Mykolenko,DEF,8,1,,0,0,1684,0.0005938242280285036
2779,231,5,35,CR,Prem,1,231,0,0,Mykolenko,DEF,8,0,,0,0,1684,0.0
2780,321,11,19,CR,Prem,1,321,5,5,Gakpo,FWD,12,5,,0,5,1684,0.0029691211401425177
2781,321,10,20,CR,Prem,1,321,6,6,Gakpo,FWD,12,6,,0,6,1684,0.0035629453681710215
2782,321,10,21,CR,Prem,1,321,2,2,Gakpo,FWD,12,2,,0,2,1684,0.0011876484560570072
2783,321,11,22,CR,Prem,1,321,2,2,Gakpo,FWD,12,2,,0,2,1684,0.0011876484560570072
2784,321,10,23,CR,Prem,1,321,16,16,Gakpo,FWD,12,16,,0,16,1684,0.009501187648456057
2785,321,10,24,CR,Prem,1,321,7,7,Gakpo,FWD,12,7,,0,7,1684,0.004156769596199525
2786,321,13,25,CR,Prem,1,321,0,0,Gakpo,FWD,12,0,,0,0,1684,0.0
2787,321,11,26,CR,Prem,1,321,1,1,Gakpo,FWD,12,1,,0,1,1684,0.0005938242280285036
2788,321,10,27,CR,Prem,1,321,1,1,Gakpo,FWD,12,1,,0,0,1684,0.0005938242280285036
2789,321,13,28,CR,Prem,1,321,0,0,Gakpo,FWD,12,0,,0,0,1684,0.0
2790,321,13,29,CR,Prem,0,321,0,0,Gakpo,FWD,12,0,,0,0,1684,0.0
2791,321,11,30,CR,Prem,1,321,1,1,Gakpo,FWD,12,1,,0,0,1684,0.0005938242280285036
2792,321,10,31,CR,Prem,1,321,1,1,Gakpo,FWD,12,1,,0,0,1684,0.0005938242280285036
2793,321,11,32,CR,Prem,1,321,1,1,Gakpo,FWD,12,1,,0,1,1684,0.0005938242280285036
2794,71,6,24,CR,Prem,1,71,2,2,Kluivert,MID,3,2,,0,0,1684,0.0011876484560570072
2795,71,7,25,CR,Prem,1,71,5,5,Kluivert,MID,3,5,,0,5,1684,0.0029691211401425177
2796,71,6,26,CR,Prem,1,71,2,2,Kluivert,MID,3,2,,0,2,1684,0.0011876484560570072
2797,71,7,27,CR,Prem,1,71,10,10,Kluivert,MID,3,10,,0,10,1684,0.0059382422802850355
2798,71,6,28,CR,Prem,1,71,5,5,Kluivert,MID,3,5,,0,5,1684,0.0029691211401425177
2799,71,7,29,CR,Prem,1,71,2,2,Kluivert,MID,3,2,,0,2,1684,0.0011876484560570072
2800,71,13,30,CR,Prem,1,71,0,0,Kluivert,MID,3,0,,0,0,1684,0.0
2801,71,13,31,CR,Prem,0,71,0,0,Kluivert,MID,3,0,,0,0,1684,0.0
2802,71,13,32,CR,Prem,1,71,0,0,Kluivert,MID,3,0,,0,0,1684,0.0
2803,395,4,20,CR,Prem,1,395,1,1,Burn,DEF,15,1,,0,0,1684,0.0005938242280285036
2804,395,4,21,CR,Prem,1,395,6,6,Burn,DEF,15,6,,0,6,1684,0.0035629453681710215
2805,395,4,22,CR,Prem,1,395,0,0,Burn,DEF,15,0,,0,0,1684,0.0
2806,395,4,23,CR,Prem,1,395,2,2,Burn,DEF,15,2,,0,2,1684,0.0011876484560570072
2807,433,7,21,CR,Prem,1,433,1,1,Gibbs-White,MID,16,1,,0,0,1684,0.0005938242280285036
2808,433,9,29,CR,Prem,1,433,5,5,Gibbs-White,MID,16,5,,0,5,1684,0.0029691211401425177
2809,433,8,30,CR,Prem,1,433,3,3,Gibbs-White,MID,16,3,,0,3,1684,0.0017814726840855108
2810,433,9,31,CR,Prem,1,433,2,2,Gibbs-White,MID,16,2,,0,2,1684,0.0011876484560570072
2811,433,8,32,CR,Prem,1,433,2,2,Gibbs-White,MID,16,2,,0,2,1684,0.0011876484560570072
2812,433,9,33,CR,Prem,1,433,1,1,Gibbs-White,MID,16,1,,0,0,1684,0.0005938242280285036
2813,433,9,34,CR,Prem,1,433,1,1,Gibbs-White,MID,16,1,,0,1,1684,0.0005938242280285036
2814,433,14,35,CR,Prem,0,433,1,0,Gibbs-White,MID,16,0,,0,1,1684,0.0
2815,433,9,36,CR,Prem,1,433,13,13,Gibbs-White,MID,16,13,,0,13,1684,0.007719714964370546
2816,433,9,37,CR,Prem,1,433,11,11,Gibbs-White,MID,16,11,,0,11,1684,0.006532066508313539
2817,433,9,38,CR,Prem,1,433,2,2,Gibbs-White,MID,16,2,,0,2,1684,0.0011876484560570072
2818,268,14,25,CR,Prem,0,268,8,0,Delap,FWD,10,0,,0,8,1684,0.0
2819,268,10,26,CR,Prem,1,268,2,2,Delap,FWD,10,2,,0,2,1684,0.0011876484560570072
2820,268,13,27,CR,Prem,0,268,1,0,Delap,FWD,10,0,,0,0,1684,0.0
2821,268,11,28,CR,Prem,0,268,2,0,Delap,FWD,10,2,,0,2,1684,0.0011876484560570072
2822,268,10,29,CR,Prem,1,268,2,2,Delap,FWD,10,2,,0,2,1684,0.0011876484560570072
2823,432,8,22,CR,Prem,1,432,2,2,Elanga,MID,16,2,,0,2,1684,0.0011876484560570072
2824,432,7,23,CR,Prem,1,432,2,2,Elanga,MID,16,2,,0,0,1684,0.0011876484560570072
2825,236,4,24,CR,Prem,1,236,17,17,Tarkowski,DEF,8,17,,0,17,1684,0.010095011876484561
2826,236,4,25,CR,Prem,1,236,2,2,Tarkowski,DEF,8,2,,0,2,1684,0.0011876484560570072
2827,236,14,26,CR,Prem,0,236,1,0,Tarkowski,DEF,8,0,,0,0,1684,0.0
2828,218,11,37,CR,Prem,1,218,2,2,Beto,FWD,8,2,,0,0,1684,0.0011876484560570072
2829,218,13,38,CR,Prem,0,218,2,0,Beto,FWD,8,0,,0,2,1684,0.0
2830,650,6,25,CR,Prem,0,650,1,0,Lacroix,DEF,7,1,,0,0,1684,0.0005938242280285036
2831,650,5,26,CR,Prem,0,650,9,0,Lacroix,DEF,7,9,,0,9,1684,0.005344418052256532
2832,650,14,27,CR,Prem,0,650,2,0,Lacroix,DEF,7,0,,0,2,1684,0.0
2833,650,4,28,CR,Prem,1,650,6,6,Lacroix,DEF,7,6,,0,6,1684,0.0035629453681710215
2834,650,5,29,CR,Prem,1,650,0,0,Lacroix,DEF,7,0,,0,0,1684,0.0
2835,650,3,30,CR,Prem,1,650,2,2,Lacroix,DEF,7,2,,0,2,1684,0.0011876484560570072
2836,650,4,31,CR,Prem,1,650,2,2,Lacroix,DEF,7,2,,0,2,1684,0.0011876484560570072
2837,650,3,32,CR,Prem,1,650,-1,-1,Lacroix,DEF,7,-1,,0,0,1684,-0.0005938242280285036
2838,650,13,33,CR,Prem,0,650,7,0,Lacroix,DEF,7,0,,0,7,1684,0.0
2839,567,2,34,CR,Prem,1,567,5,5,Toti,DEF,20,5,,0,5,1684,0.0029691211401425177
2840,579,3,34,CR,Prem,1,579,11,11,Sessegnon,DEF,9,11,,0,11,1684,0.006532066508313539
2841,579,3,35,CR,Prem,1,579,0,0,Sessegnon,DEF,9,0,,0,0,1684,0.0
2842,579,2,36,CR,Prem,1,579,1,1,Sessegnon,DEF,9,1,,0,0,1684,0.0005938242280285036
2843,579,2,37,CR,Prem,1,579,1,1,Sessegnon,DEF,9,1,,0,0,1684,0.0005938242280285036
2844,313,5,34,CR,Prem,1,313,0,0,Bradley,DEF,12,0,,0,0,1684,0.0
2845,720,6,34,CR,Prem,1,720,6,6,Agbadou,DEF,20,6,,0,6,1684,0.0035629453681710215
2846,582,4,35,CR,Prem,1,582,0,0,O'Brien,DEF,8,0,,0,0,1684,0.0
2847,582,15,36,CR,Prem,0,582,0,0,O'Brien,DEF,8,0,,0,0,1684,0.0
2848,582,15,37,CR,Prem,0,582,7,0,O'Brien,DEF,8,0,,0,7,1684,0.0
2849,44,2,38,CR,Prem,1,44,1,1,Konsa,DEF,2,1,,0,0,1684,0.0005938242280285036
